hour_of_day,day_of_week,rainfall_mm,visibility_m,distance_to_sangam_km,is_bridge_segment,near_railway_crossing,road_width_category,is_rally,is_protest,is_vip_movement,is_wedding_season,is_mela_bathing_day,is_exam_season,is_market_day,is_railway_crossing_closure,congestion_percent
6,4,22.088396963502646,7386.4928232040265,3.5543454388223514,0,0,1,0.0,0.0,0.0,0.0,0.0,0.0,0.0,0.0,40.61833357052621
19,0,17.140185853592314,6356.054607546694,11.158322161779285,0,0,2,0.0,0.0,0.0,0.0,0.0,0.0,0.0,0.0,50.09550710807391
14,0,0.0,2604.925810336078,7.101568017574117,0,0,2,0.0,0.0,0.0,1.0,0.0,0.0,0.0,0.0,42.16962893321205
10,5,0.0,5181.723346575669,4.42187526011264,1,0,1,0.0,0.0,0.0,0.0,1.0,0.0,0.0,0.0,100.0
7,5,17.89423732631857,9284.276822366117,12.02919413612663,0,0,0,1.0,0.0,0.0,0.0,0.0,0.0,0.0,0.0,63.19093169233295
20,1,0.0,8205.575436742449,10.450704005295425,0,0,2,0.0,0.0,0.0,0.0,0.0,0.0,1.0,0.0,64.00066966869751
6,4,2.3893538710429754,3434.940912868396,14.0600934468705,1,0,0,0.0,0.0,1.0,0.0,0.0,0.0,0.0,0.0,49.111415402657386
18,3,0.0,9827.966245150254,2.481624600283166,0,1,1,0.0,0.0,1.0,0.0,0.0,0.0,0.0,0.0,66.51126856251776
22,6,0.0,7173.61788422077,9.737839269547397,0,0,2,0.0,0.0,0.0,1.0,0.0,0.0,0.0,0.0,13.949668525841885
10,4,0.0,905.7587499677833,3.6635920213226396,0,0,1,0.0,0.0,1.0,0.0,0.0,0.0,0.0,0.0,68.14427574613664
10,1,0.0,641.0589188997951,13.553744779524626,1,0,2,0.0,0.0,0.0,1.0,0.0,0.0,0.0,0.0,77.83390617606997
23,5,0.0,1933.5571053972908,1.4924912138492352,0,0,2,0.0,1.0,0.0,0.0,0.0,0.0,0.0,0.0,28.397215151425304
20,4,0.0,7360.201920086424,9.842427096673157,0,0,1,0.0,0.0,0.0,0.0,0.0,0.0,1.0,0.0,72.97126680264492
3,4,22.64617586725682,2082.2675806715506,11.86628582292045,1,0,1,0.0,0.0,0.0,0.0,1.0,0.0,0.0,0.0,72.95964047481333
7,5,0.0,5261.421661325685,5.323767605470608,1,0,0,0.0,0.0,0.0,0.0,0.0,0.0,1.0,0.0,20.12424738004826
23,1,19.12336136153706,1204.623165754068,14.312071190757138,0,0,1,0.0,0.0,0.0,1.0,0.0,0.0,0.0,0.0,43.65621757170604
2,5,16.60283102361204,9232.595730952893,12.760960268790559,1,0,1,0.0,0.0,0.0,0.0,0.0,1.0,0.0,0.0,34.15455839279431
21,0,0.0,3636.4179517606053,4.419274495273551,1,0,0,0.0,0.0,0.0,0.0,0.0,1.0,0.0,0.0,27.93322212415053
20,3,0.0,9108.880948638118,0.11311639073998014,0,0,1,0.0,0.0,0.0,0.0,1.0,0.0,0.0,0.0,97.2689513349871
1,5,11.281253733274694,9465.29372653228,4.449857641770913,1,0,0,0.0,0.0,1.0,0.0,0.0,0.0,0.0,0.0,46.92556533475838
23,1,28.278291304759666,359.44787894270365,4.219657057061138,0,0,0,0.0,0.0,0.0,0.0,1.0,0.0,0.0,0.0,89.79689097814091
11,2,24.53954313231616,4802.1113158277,13.349469112513635,0,0,1,0.0,0.0,0.0,0.0,0.0,0.0,0.0,1.0,47.92325710746105
5,0,17.630834085939366,539.163740356861,14.506817673821214,0,1,0,0.0,0.0,1.0,0.0,0.0,0.0,0.0,0.0,67.13440609156186
1,2,7.565459454578082,9114.319833138186,1.0565997895539052,0,0,0,0.0,0.0,0.0,0.0,1.0,0.0,0.0,0.0,63.12521316559457
20,6,0.0,5328.553183925385,7.069422427999751,0,0,0,0.0,0.0,0.0,0.0,1.0,0.0,0.0,0.0,52.692240220904566
0,5,0.0,1026.9569231754192,8.224979977946937,1,1,1,0.0,1.0,0.0,0.0,0.0,0.0,0.0,0.0,54.47967951747891
11,0,14.297038307400555,1369.6842642826987,1.3936749199455494,0,0,1,0.0,0.0,1.0,0.0,0.0,0.0,0.0,0.0,56.67160284891104
21,3,0.0,4020.037537579569,5.662465637062838,0,0,0,0.0,1.0,0.0,0.0,0.0,0.0,0.0,0.0,43.553125209719454
11,5,15.447884861774483,9420.271670867027,4.756236260894259,0,0,1,0.0,1.0,0.0,0.0,0.0,0.0,0.0,0.0,55.31340309965565
16,3,0.0,7021.218770210385,8.04084531490631,1,0,2,0.0,0.0,1.0,0.0,0.0,0.0,0.0,0.0,62.49724152844215
9,4,0.0,8715.903002034585,9.91786349597907,0,1,0,0.0,0.0,1.0,0.0,0.0,0.0,0.0,0.0,67.92838175885328
15,2,3.237736648949816,3854.629469497803,10.552276657448498,0,0,2,0.0,0.0,0.0,0.0,1.0,0.0,0.0,0.0,46.86207905866197
14,0,0.0,719.1728856349837,2.051325354200813,0,1,1,0.0,0.0,1.0,0.0,0.0,0.0,0.0,0.0,41.79908726586119
14,3,0.0,9750.881080882817,12.194215529169321,1,0,2,0.0,0.0,0.0,0.0,1.0,0.0,0.0,0.0,42.342049278414684
18,1,0.0,466.5780094249846,10.178130446861385,0,0,1,1.0,0.0,0.0,0.0,0.0,0.0,0.0,0.0,82.92465928713102
11,3,21.747308155082532,9492.221034886563,13.336123751200793,1,0,1,0.0,0.0,1.0,0.0,0.0,0.0,0.0,0.0,69.27337441056923
22,1,0.0,3876.1710113367035,6.740040891531511,0,1,0,1.0,0.0,0.0,0.0,0.0,0.0,0.0,0.0,62.443000698311224
19,5,18.901037326273144,397.8769287122508,13.408346440832874,0,0,2,0.0,0.0,0.0,0.0,0.0,0.0,1.0,0.0,74.11584622244192
2,0,0.0,6984.82514772773,12.986611835341131,0,0,0,0.0,0.0,0.0,0.0,0.0,0.0,0.0,1.0,28.07389771580513
4,3,9.03477059356336,9811.240949104136,6.576139985389044,1,0,2,0.0,0.0,0.0,0.0,0.0,1.0,0.0,0.0,55.242682769656966
18,6,17.34689358508541,9666.569511524647,5.717149729394679,0,0,1,0.0,0.0,0.0,0.0,1.0,0.0,0.0,0.0,77.37133769600928
6,3,0.0,1861.0890086634588,13.992180224553852,0,0,1,0.0,0.0,0.0,0.0,0.0,0.0,1.0,0.0,31.05148156446972
20,6,0.0,2058.103718841703,10.727471018076566,0,0,0,0.0,0.0,1.0,0.0,0.0,0.0,0.0,0.0,44.7711014023233
8,0,0.0,5785.727471810703,13.923680196571135,0,1,2,1.0,0.0,0.0,0.0,0.0,0.0,0.0,0.0,84.75092360468182
6,3,11.008734954509858,6481.856816354747,11.954621683437196,0,0,2,0.0,0.0,1.0,0.0,0.0,0.0,0.0,0.0,40.387062995836345
17,1,0.0,7472.353762558897,9.139461589371216,1,0,1,0.0,0.0,0.0,1.0,0.0,0.0,0.0,0.0,62.364839604006384
3,3,1.5682911681661715,2056.188496579831,1.7377916550564676,0,0,0,0.0,0.0,0.0,0.0,0.0,0.0,0.0,1.0,26.526170395860266
13,2,0.0,9602.368741615015,4.372210088686478,0,0,1,0.0,0.0,0.0,1.0,0.0,0.0,0.0,0.0,40.107469073757215
17,5,0.0,6495.770786005607,14.532636106475874,0,0,1,0.0,0.0,0.0,0.0,0.0,0.0,0.0,1.0,47.981660559612294
8,4,0.0,8516.355113044381,4.791331480713067,0,1,0,0.0,0.0,0.0,0.0,0.0,0.0,0.0,1.0,66.18674448445032
20,1,0.0,5538.637438256466,1.3988230467805618,0,0,2,0.0,0.0,0.0,0.0,0.0,0.0,1.0,0.0,69.70223456163636
1,2,0.0,4318.485421621861,10.613300338789797,0,1,2,0.0,0.0,0.0,1.0,0.0,0.0,0.0,0.0,41.46156426897642
19,6,19.76828381804228,9778.674193971461,11.010063818155263,1,0,1,1.0,0.0,0.0,0.0,0.0,0.0,0.0,0.0,92.40148513778904
14,5,8.176732464462015,5946.57729695241,4.2818658043072615,0,0,2,0.0,0.0,0.0,1.0,0.0,0.0,0.0,0.0,23.395792011722314
6,0,0.0,8708.673753152036,4.465079690194556,1,0,0,0.0,0.0,0.0,0.0,0.0,0.0,0.0,0.0,31.192266048899466
11,1,14.549768537324987,9546.936244753013,7.033394782631758,0,0,2,0.0,0.0,0.0,0.0,0.0,0.0,1.0,0.0,60.215794552217645
7,4,9.167293779834772,6850.939881983994,0.3268342464338331,0,0,2,1.0,0.0,0.0,0.0,0.0,0.0,0.0,0.0,51.775143694118654
14,5,15.529168070683037,5624.705181631147,11.839845155417454,1,0,1,0.0,0.0,0.0,0.0,0.0,1.0,0.0,0.0,21.223631919288728
2,6,0.0,334.055253833311,4.756331809111884,1,0,2,1.0,0.0,0.0,0.0,0.0,0.0,0.0,0.0,70.21880750319286
13,4,0.0,688.1905151683582,12.806446530029664,0,0,0,0.0,0.0,0.0,1.0,0.0,0.0,0.0,0.0,62.15087119858621
16,0,0.0,2248.2567956958283,12.039456324000506,0,1,1,0.0,0.0,0.0,0.0,0.0,1.0,0.0,0.0,31.035846231282754
3,0,29.909715084376533,2104.281789003154,9.921030496781746,0,0,0,0.0,0.0,0.0,0.0,1.0,0.0,0.0,0.0,74.61612054102223
17,6,0.0,2771.1603134385,4.8731230064893305,0,0,2,0.0,0.0,0.0,1.0,0.0,0.0,0.0,0.0,38.30277963099814
7,1,0.0,3257.86598566731,7.7447484249175504,0,0,2,0.0,0.0,0.0,0.0,1.0,0.0,0.0,0.0,33.409819285361486
3,6,0.0,3792.635287442064,6.672438863969385,1,0,1,1.0,0.0,0.0,0.0,0.0,0.0,0.0,0.0,40.7446252561264
1,3,0.0,4379.215593668103,5.083228293730113,0,0,0,0.0,0.0,0.0,0.0,0.0,0.0,0.0,0.0,20.696791569693726
5,0,24.99822915086273,1259.0034830233421,12.722044339547672,0,1,2,0.0,0.0,0.0,0.0,0.0,0.0,0.0,0.0,40.87867344940931
21,5,0.0,710.9107399419858,7.252606118664979,0,0,2,0.0,0.0,0.0,0.0,0.0,0.0,1.0,0.0,24.623556944070103
9,3,0.0,6837.261156008327,12.490846466957198,0,0,1,0.0,1.0,0.0,0.0,0.0,0.0,0.0,0.0,78.98667028888653
3,2,3.223596493256596,5512.147800977854,1.5782771121273642,0,0,2,0.0,1.0,0.0,0.0,0.0,0.0,0.0,0.0,49.72132728639607
21,4,25.383575566653352,4608.198761535161,2.115371829005036,0,0,2,0.0,0.0,0.0,0.0,0.0,0.0,0.0,1.0,36.72145474726127
17,3,22.071539603343297,6454.067429333018,14.65980457669465,1,0,2,0.0,0.0,0.0,0.0,1.0,0.0,0.0,0.0,100.0
11,4,6.351503353858971,8328.490249874343,8.816526939091345,0,0,0,0.0,0.0,1.0,0.0,0.0,0.0,0.0,0.0,41.71832567938524
1,6,4.358580292373599,4448.621218427184,7.646545102485735,1,1,0,0.0,0.0,1.0,0.0,0.0,0.0,0.0,0.0,41.15937597099983
9,3,0.0,6518.8588110042,7.847340947161675,0,0,0,0.0,0.0,0.0,0.0,0.0,1.0,0.0,0.0,62.09852567970513
3,6,0.0,9549.65057120104,3.229031610492897,1,0,2,0.0,0.0,0.0,0.0,1.0,0.0,0.0,0.0,77.25854280198448
13,2,7.704947237011758,8444.35760985714,10.780559242529595,1,0,1,1.0,0.0,0.0,0.0,0.0,0.0,0.0,0.0,76.19577548616634
15,0,13.683816268399,4432.207861873372,1.2717093559463155,1,0,1,0.0,0.0,0.0,0.0,0.0,0.0,0.0,1.0,43.61356051048873
14,2,0.9006067715200894,6553.7533268030065,8.599855696545347,1,0,1,1.0,0.0,0.0,0.0,0.0,0.0,0.0,0.0,51.50650778648268
7,0,0.0,2017.5879425846156,8.56153194878852,0,0,0,0.0,0.0,0.0,0.0,0.0,0.0,1.0,0.0,32.45109463088952
13,6,0.0,5737.065193482372,13.712826362002664,1,0,0,0.0,0.0,1.0,0.0,0.0,0.0,0.0,0.0,36.222663506177376
22,0,0.0,9818.884424042895,7.8927421515729055,1,0,0,0.0,0.0,0.0,0.0,0.0,0.0,0.0,0.0,38.84335068115359
7,4,0.0,5327.656617464466,2.055940439612693,0,0,0,0.0,0.0,0.0,0.0,0.0,0.0,0.0,0.0,15.791418613597406
20,5,0.0,9298.091502144429,8.591298888722438,0,0,2,0.0,0.0,0.0,0.0,0.0,0.0,0.0,1.0,41.614050154083934
15,2,16.413829277067016,4251.148728881629,1.3699146654799854,0,0,1,0.0,0.0,1.0,0.0,0.0,0.0,0.0,0.0,43.267360232682485
12,3,0.0,9988.794823690923,3.056907529498825,0,0,1,0.0,0.0,0.0,0.0,0.0,0.0,0.0,0.0,22.724259841695776
17,2,0.0,5918.4343417073105,0.466628762811242,0,0,0,0.0,1.0,0.0,0.0,0.0,0.0,0.0,0.0,69.63659268170764
14,4,0.0,710.0092440885652,7.699403736892474,0,1,1,0.0,1.0,0.0,0.0,0.0,0.0,0.0,0.0,49.76600848054985
20,0,28.51781897793373,5991.521527906464,1.2679892294035855,0,0,1,0.0,0.0,0.0,0.0,0.0,1.0,0.0,0.0,81.77302742557447
23,4,0.0,2963.3551480920873,7.040915677969935,1,1,0,0.0,0.0,0.0,0.0,1.0,0.0,0.0,0.0,60.88592672278797
12,1,0.0,615.0688237481787,13.994175529862162,0,0,0,0.0,0.0,0.0,0.0,0.0,0.0,1.0,0.0,53.90565758303329
8,1,0.0,8262.277055538234,10.79642119528998,1,0,0,0.0,0.0,0.0,0.0,0.0,1.0,0.0,0.0,58.70772378194289
14,3,0.0,2974.5774787133323,1.1611751133793957,0,0,0,0.0,0.0,0.0,0.0,0.0,0.0,0.0,0.0,30.928428791504604
12,4,27.674966889075094,8026.520974251035,3.3631471831326474,0,0,2,0.0,1.0,0.0,0.0,0.0,0.0,0.0,0.0,52.23069903162589
0,6,25.57998459305162,3095.7105546719094,10.104936298401514,0,0,1,0.0,0.0,0.0,0.0,0.0,0.0,0.0,1.0,37.44674961023541
6,3,0.0,2184.9656325756105,13.420527915362756,0,0,2,0.0,0.0,1.0,0.0,0.0,0.0,0.0,0.0,44.88237422670232
8,6,0.0,9747.175068812947,0.4937788014593064,0,0,1,0.0,1.0,0.0,0.0,0.0,0.0,0.0,0.0,57.12200664585247
23,3,15.131421128963003,3807.95967922369,12.18676697580891,0,0,2,0.0,0.0,0.0,1.0,0.0,0.0,0.0,0.0,44.3273971152055
0,1,0.0,6133.349250998656,8.427208205074631,0,0,0,0.0,0.0,0.0,0.0,0.0,0.0,1.0,0.0,32.09124532058897
11,3,0.0,6216.820480300375,8.191369879445888,0,0,2,0.0,0.0,0.0,0.0,0.0,0.0,0.0,0.0,23.582073965418324
7,1,0.0,5736.592777082968,14.36719774130037,0,1,0,1.0,0.0,0.0,0.0,0.0,0.0,0.0,0.0,52.00289414669561
23,0,0.9148964355826339,9172.548712155782,11.214669188951596,0,1,0,0.0,0.0,0.0,0.0,0.0,1.0,0.0,0.0,48.467368001188525
10,6,0.0,6842.078392258624,12.751783020841678,0,0,2,0.0,0.0,0.0,0.0,0.0,0.0,0.0,0.0,23.971347597493846
18,4,0.0,4216.210139817823,5.3099335431700005,0,0,1,0.0,0.0,0.0,1.0,0.0,0.0,0.0,0.0,56.60741215936531
16,3,22.5503930109427,8665.089729885458,8.315460612426147,0,0,2,0.0,0.0,0.0,0.0,0.0,0.0,1.0,0.0,49.67386641641588
7,1,0.0,2056.3101214248545,9.231085161416562,0,1,0,0.0,0.0,0.0,0.0,1.0,0.0,0.0,0.0,36.38026988771274
2,2,0.0,5579.0965488210495,4.823759105436976,0,0,0,0.0,1.0,0.0,0.0,0.0,0.0,0.0,0.0,43.913160823258465
2,6,11.099966578799323,9520.338607854437,8.553721874210993,0,0,1,0.0,0.0,0.0,0.0,0.0,1.0,0.0,0.0,26.09183353536092
0,3,0.0,6366.357009840003,3.5498306921957075,0,0,1,0.0,1.0,0.0,0.0,0.0,0.0,0.0,0.0,40.81555008862808
4,5,23.52561537696239,8224.5939696063,2.1506350660235936,0,1,1,0.0,0.0,0.0,1.0,0.0,0.0,0.0,0.0,44.5355171598666
9,0,0.0,6639.5390377883705,5.609553889159989,0,0,0,0.0,0.0,0.0,0.0,0.0,1.0,0.0,0.0,52.01494510047002
6,0,0.0,8441.897376317536,11.089344431196555,0,0,2,1.0,0.0,0.0,0.0,0.0,0.0,0.0,0.0,49.82620003164611
8,2,0.0,9461.532434498864,13.742807221108313,0,0,1,0.0,0.0,1.0,0.0,0.0,0.0,0.0,0.0,66.4860109428615
6,1,0.0,2947.340757067547,6.865710772473488,1,1,0,1.0,0.0,0.0,0.0,0.0,0.0,0.0,0.0,53.04459186091629
8,3,0.0,1945.712488190173,9.642355324131476,1,1,2,0.0,0.0,0.0,0.0,0.0,1.0,0.0,0.0,71.84906741726168
7,6,9.923789742829669,4994.710278225637,1.545556964626507,0,0,1,0.0,1.0,0.0,0.0,0.0,0.0,0.0,0.0,35.2698944094633
11,1,0.0,7108.065540194893,13.566956378284932,1,0,2,0.0,0.0,0.0,0.0,0.0,0.0,0.0,1.0,34.73605714858467
1,0,0.0,2503.7551558674963,8.529063203549017,0,0,2,0.0,0.0,0.0,0.0,1.0,0.0,0.0,0.0,40.47092558879438
0,1,0.0,339.7840691726206,11.705073714377356,0,0,0,0.0,0.0,0.0,0.0,0.0,0.0,0.0,0.0,32.140166185094664
15,0,11.971213561449122,3626.470623616042,11.916618013820907,1,1,0,0.0,0.0,0.0,0.0,0.0,0.0,1.0,0.0,42.98176175328107
22,1,0.0,9697.935554037547,3.847207895521589,1,0,0,0.0,0.0,0.0,0.0,0.0,1.0,0.0,0.0,36.06469003494809
22,2,0.0,7041.184367876713,7.937616797727743,0,0,2,0.0,0.0,0.0,0.0,0.0,0.0,0.0,0.0,11.741193995461984
23,4,0.0,4192.856806229873,14.40719627341466,0,0,1,0.0,1.0,0.0,0.0,0.0,0.0,0.0,0.0,44.10406468292174
4,2,0.0,2167.988144264351,1.3445181723124167,0,0,1,0.0,1.0,0.0,0.0,0.0,0.0,0.0,0.0,51.311176483714185
2,2,0.0,3754.069835421046,10.24574847044345,0,1,1,0.0,1.0,0.0,0.0,0.0,0.0,0.0,0.0,44.87642326114063
11,4,14.636298179941784,1947.4425030221053,14.43396117052758,0,0,0,0.0,0.0,0.0,0.0,0.0,1.0,0.0,0.0,51.74132213847456
7,4,0.0,1331.1664667356288,4.508656620810332,0,0,1,0.0,0.0,0.0,0.0,1.0,0.0,0.0,0.0,50.33758377581485
21,3,0.0,9095.401013953773,12.921718821065221,1,0,1,1.0,0.0,0.0,0.0,0.0,0.0,0.0,0.0,67.42373638199213
2,6,0.0,9977.208282242094,14.004863181124074,0,0,0,0.0,0.0,0.0,1.0,0.0,0.0,0.0,0.0,40.733692812287124
0,6,8.66811049972748,1891.910064079166,11.206293140922376,1,0,1,0.0,0.0,0.0,0.0,1.0,0.0,0.0,0.0,63.96954203205698
2,3,0.0,828.8688211193133,3.469924684604374,0,1,1,1.0,0.0,0.0,0.0,0.0,0.0,0.0,0.0,42.981711684029534
4,2,0.0,3498.3917393182596,5.010010782398908,0,0,1,0.0,0.0,0.0,0.0,0.0,0.0,0.0,0.0,15.816069811024239
14,2,0.0,4778.094053385728,0.537139416265961,0,1,2,0.0,0.0,1.0,0.0,0.0,0.0,0.0,0.0,40.22318651753297
13,0,0.0,2286.7660966357885,12.471798513680328,0,0,2,0.0,0.0,1.0,0.0,0.0,0.0,0.0,0.0,46.40545084529708
2,0,0.0,3223.821644446017,12.744167797666199,0,1,0,0.0,0.0,1.0,0.0,0.0,0.0,0.0,0.0,41.3469381318993
0,6,0.0,2248.4461362090797,9.49065464949289,0,0,0,0.0,0.0,0.0,0.0,0.0,0.0,0.0,0.0,9.948685585779742
4,3,0.0,7810.327513794778,5.28791776895777,0,0,2,0.0,1.0,0.0,0.0,0.0,0.0,0.0,0.0,53.24305771049578
22,5,0.0,7212.006049498429,1.152165414598808,0,0,0,0.0,0.0,0.0,0.0,0.0,1.0,0.0,0.0,17.298211215250596
13,5,0.0,6459.029702881523,11.295864148723641,0,1,0,0.0,0.0,1.0,0.0,0.0,0.0,0.0,0.0,26.926037793300985
6,3,0.0,4056.013213668286,10.897892904148843,0,0,1,1.0,0.0,0.0,0.0,0.0,0.0,0.0,0.0,54.16650889796697
8,0,0.0,9117.697130748089,13.689037826083515,0,0,0,0.0,0.0,0.0,0.0,0.0,0.0,1.0,0.0,79.15215851982627
14,6,6.679477056803561,9704.465652889694,10.957980315080432,0,1,0,0.0,0.0,0.0,0.0,0.0,0.0,0.0,0.0,15.185907338259542
14,6,21.522106662156308,1984.3013324664962,12.430424133660027,0,0,1,0.0,0.0,0.0,0.0,0.0,0.0,0.0,1.0,27.048510714635828
9,0,28.29895191736958,2463.222621695217,11.189319268559993,1,0,1,0.0,0.0,0.0,1.0,0.0,0.0,0.0,0.0,84.55746424475826
12,5,15.833166272066311,5398.6209716035855,9.460307824684746,0,0,2,1.0,0.0,0.0,0.0,0.0,0.0,0.0,0.0,49.739245259525106
18,1,16.20087576782063,1185.1305220377794,6.404495912865139,0,0,0,0.0,0.0,1.0,0.0,0.0,0.0,0.0,0.0,88.56907001247278
6,1,13.831007042934361,4533.549468584194,13.531759629634166,0,0,1,0.0,1.0,0.0,0.0,0.0,0.0,0.0,0.0,53.13639998556125
16,0,0.0,5943.375268343789,9.764528578612047,0,0,0,0.0,0.0,0.0,0.0,0.0,1.0,0.0,0.0,32.43665169695829
19,1,14.269650927747513,5364.113640032131,5.975329829488636,0,0,0,0.0,0.0,0.0,0.0,1.0,0.0,0.0,0.0,79.74586413286171
3,4,0.0,3509.8132558568527,1.2520394277293585,0,0,2,0.0,0.0,0.0,0.0,0.0,0.0,0.0,1.0,14.49483550105028
4,3,0.0,5561.724318948906,4.360572838565732,1,0,2,0.0,0.0,1.0,0.0,0.0,0.0,0.0,0.0,44.853995232834215
22,3,28.132936779546725,9600.369256310823,8.155901022452472,0,0,2,0.0,1.0,0.0,0.0,0.0,0.0,0.0,0.0,45.20430673335744
6,0,0.0,2298.3688216263477,4.134530550242918,0,0,2,0.0,0.0,0.0,0.0,0.0,1.0,0.0,0.0,31.400806040254317
12,2,0.0,6651.8641764218355,3.3185302187685317,0,0,2,0.0,0.0,0.0,0.0,1.0,0.0,0.0,0.0,55.06694658045638
14,5,14.035475498761288,720.947933313703,7.910902711317708,0,0,1,0.0,0.0,0.0,1.0,0.0,0.0,0.0,0.0,30.044617517327154
10,0,0.0,944.2391234699188,2.5473051884360185,0,1,2,0.0,0.0,0.0,0.0,0.0,1.0,0.0,0.0,51.778458860877834
3,1,0.0,5652.733774968775,12.006150949876552,1,1,1,0.0,0.0,0.0,1.0,0.0,0.0,0.0,0.0,23.131012940657047
12,5,11.788522949740592,1317.9100491811098,7.265522270139869,1,0,2,0.0,0.0,0.0,0.0,0.0,0.0,0.0,1.0,8.040197341081937
6,2,28.852874350364065,516.7638477405161,8.607941609439752,1,1,1,0.0,0.0,1.0,0.0,0.0,0.0,0.0,0.0,69.13837466588231
18,1,0.0,1963.6760771858153,2.2107490139602284,0,1,0,0.0,0.0,0.0,0.0,0.0,0.0,0.0,0.0,50.21603444774402
21,6,0.0,5779.036958695872,4.868645034440511,1,0,2,0.0,0.0,0.0,1.0,0.0,0.0,0.0,0.0,20.982997483182952
1,4,0.0,7122.407258833645,6.151345248917294,0,0,1,0.0,0.0,0.0,0.0,0.0,0.0,0.0,0.0,21.674960911252036
9,1,28.51776039227815,2264.042072171386,12.123192457747544,1,0,2,0.0,0.0,0.0,0.0,0.0,0.0,0.0,0.0,97.59309177710871
12,4,0.0,6782.116540919293,11.552392846292289,1,0,1,0.0,0.0,0.0,0.0,0.0,0.0,0.0,0.0,33.58837893087947
20,5,0.0,2070.0204116625246,3.3446621218152206,0,1,1,0.0,0.0,0.0,0.0,0.0,0.0,0.0,0.0,39.31228596367198
5,4,0.0,6250.537038323194,9.242686224105116,0,0,2,0.0,0.0,0.0,0.0,0.0,0.0,1.0,0.0,31.122140974456194
11,5,0.0,4296.008894989249,3.651845366579964,0,0,1,1.0,0.0,0.0,0.0,0.0,0.0,0.0,0.0,52.47513445670759
11,5,23.298205193891718,6641.855240536082,14.82370733535368,1,0,0,0.0,0.0,0.0,0.0,0.0,0.0,0.0,1.0,52.22471286896716
19,5,0.0,9952.011699048699,14.281858171963059,0,0,2,0.0,0.0,0.0,0.0,0.0,1.0,0.0,0.0,52.145033130227084
10,5,19.829214619490273,9396.824562755852,8.448970807809307,1,0,0,0.0,1.0,0.0,0.0,0.0,0.0,0.0,0.0,90.9888108187756
22,5,0.0,341.5330510102052,10.483538578412144,0,1,1,0.0,0.0,0.0,0.0,0.0,0.0,0.0,1.0,35.773060336634025
6,1,14.43821855482815,8888.756014314366,12.021455733129676,0,0,1,0.0,0.0,1.0,0.0,0.0,0.0,0.0,0.0,63.68910390306431
0,5,18.520627529642013,944.9607131952353,10.814976300673559,0,1,2,0.0,0.0,0.0,0.0,0.0,1.0,0.0,0.0,42.88140903426464
0,1,0.0,9544.551885750496,10.497430366236312,1,0,0,0.0,1.0,0.0,0.0,0.0,0.0,0.0,0.0,52.04572627758735
19,5,0.0,3033.7090872669414,14.37831011924292,0,0,0,0.0,0.0,0.0,1.0,0.0,0.0,0.0,0.0,57.78582052657552
12,4,0.0,4005.7378549893283,8.94684159460925,0,0,2,0.0,0.0,1.0,0.0,0.0,0.0,0.0,0.0,30.227397063641217
8,6,15.344026201278522,1188.89059020456,9.544540077285834,0,1,0,0.0,0.0,0.0,0.0,1.0,0.0,0.0,0.0,67.9059825143292
2,5,0.0,1389.045755790423,12.739031256572718,0,0,2,0.0,0.0,0.0,0.0,0.0,0.0,0.0,1.0,16.363865353569935
6,2,12.331415806681743,7349.3834827244,10.048363017876103,0,0,2,0.0,0.0,0.0,1.0,0.0,0.0,0.0,0.0,43.04719178915691
5,5,10.65395292077149,9460.022686758428,10.993989330262838,0,0,1,0.0,0.0,0.0,0.0,0.0,0.0,0.0,0.0,25.965549177227153
7,5,12.21492895401375,6224.260401056802,3.5125302929496365,1,1,1,0.0,0.0,0.0,1.0,0.0,0.0,0.0,0.0,42.6570112496294
8,4,12.275899313569493,7243.745150610067,5.569003861726063,1,0,0,0.0,0.0,0.0,1.0,0.0,0.0,0.0,0.0,87.38504520968195
4,3,0.0,7691.1065225923885,2.2095201856783953,0,0,2,0.0,0.0,0.0,0.0,0.0,0.0,0.0,1.0,25.179025072514538
0,4,0.0,2849.2984631635345,7.586481635022082,1,0,2,0.0,0.0,0.0,0.0,0.0,0.0,1.0,0.0,45.96287882394934
18,2,0.0,738.7274199260848,6.835911010203695,1,0,2,0.0,0.0,0.0,1.0,0.0,0.0,0.0,0.0,76.95772444927685
9,3,4.043573547523143,318.16561601593526,14.957442214191852,0,0,2,0.0,0.0,0.0,1.0,0.0,0.0,0.0,0.0,59.14935995455117
11,0,14.882264355015934,3701.298044653981,9.168129792233138,0,1,1,1.0,0.0,0.0,0.0,0.0,0.0,0.0,0.0,53.85755417974585
23,0,5.073117012619544,2642.203013532396,11.796672347916349,0,0,0,0.0,0.0,0.0,0.0,0.0,0.0,0.0,1.0,34.31724453244711
14,2,0.0,904.4819329771008,5.010220061364813,0,1,1,0.0,0.0,1.0,0.0,0.0,0.0,0.0,0.0,47.04709223637671
21,4,0.0,2041.4244371885675,12.473179970141947,0,0,2,0.0,0.0,0.0,0.0,0.0,1.0,0.0,0.0,42.87750061347455
23,1,18.148500394431128,1507.6393131990937,9.22627449731525,1,0,0,0.0,0.0,0.0,0.0,1.0,0.0,0.0,0.0,63.01797908313712
8,2,0.0,9174.320291988493,10.454884973976576,1,1,0,0.0,0.0,0.0,1.0,0.0,0.0,0.0,0.0,92.61710896189076
19,6,0.0,1660.5919705539386,4.416461669241816,0,0,2,0.0,0.0,0.0,1.0,0.0,0.0,0.0,0.0,48.01066625737506
16,3,27.269426757445927,5515.190100680488,8.229575875433657,0,0,2,0.0,0.0,0.0,0.0,0.0,1.0,0.0,0.0,41.59273015156689
16,3,0.0,6053.127764587996,9.510554601204129,0,0,1,1.0,0.0,0.0,0.0,0.0,0.0,0.0,0.0,35.86006611773913
19,5,0.0,5571.847739773748,8.836420137248716,1,0,1,0.0,0.0,0.0,0.0,0.0,0.0,0.0,1.0,57.03274448524173
11,0,0.0,1260.8474118950835,13.727905671368498,0,0,2,1.0,0.0,0.0,0.0,0.0,0.0,0.0,0.0,42.13175439582841
6,3,0.0,3392.344108980347,13.474089967388302,0,0,2,0.0,0.0,0.0,0.0,0.0,0.0,0.0,1.0,14.4867395932633
1,2,24.61383870474945,797.3222248925867,14.564760868153058,0,0,1,0.0,0.0,1.0,0.0,0.0,0.0,0.0,0.0,67.37287473212817
2,3,0.0,4137.998166734265,10.01142009010484,0,0,0,0.0,0.0,0.0,0.0,1.0,0.0,0.0,0.0,33.22557513896241
16,2,0.0,2129.4096333344423,14.57871195188527,0,0,0,0.0,0.0,0.0,0.0,0.0,0.0,0.0,0.0,24.597058282977994
4,1,0.0,5747.835572858484,12.487170000478633,1,1,0,0.0,0.0,0.0,1.0,0.0,0.0,0.0,0.0,58.13358558231767
16,5,8.568797990507312,7020.241420336275,4.062482105099389,0,0,1,0.0,0.0,0.0,0.0,1.0,0.0,0.0,0.0,72.78555031159172
23,0,0.0,5461.562643985652,6.411535043269456,1,0,2,0.0,0.0,0.0,0.0,0.0,0.0,0.0,1.0,36.94562082282017
16,3,0.0,4512.095957130538,3.5758866328351466,0,0,0,0.0,0.0,0.0,0.0,0.0,0.0,0.0,1.0,30.276599202686246
16,2,0.0,4057.1341823099165,0.06295741245847808,0,0,2,0.0,0.0,0.0,0.0,0.0,0.0,0.0,1.0,17.941915207168485
1,4,0.0,8464.410150540936,2.820731297203629,0,0,1,0.0,1.0,0.0,0.0,0.0,0.0,0.0,0.0,57.498870672663436
1,0,0.0,2427.87023113312,0.060908794303135005,1,0,1,0.0,0.0,1.0,0.0,0.0,0.0,0.0,0.0,43.14890128878223
21,1,5.996189239483309,7421.917893430028,10.79757692025735,1,1,2,0.0,0.0,0.0,0.0,0.0,0.0,1.0,0.0,39.016571625953645
22,2,6.955788416485451,7647.578549979155,6.383014465817993,0,1,2,0.0,0.0,0.0,0.0,0.0,0.0,1.0,0.0,38.872698103149965
4,6,0.0,4366.240070526124,4.688620906167874,1,0,2,1.0,0.0,0.0,0.0,0.0,0.0,0.0,0.0,52.22502663473516
0,6,0.0,3183.815812488702,11.42581336642782,0,0,2,0.0,0.0,0.0,0.0,0.0,0.0,1.0,0.0,21.30538741672222
0,5,0.1731198387890398,4864.25241464596,12.487301619294676,0,0,0,0.0,0.0,0.0,0.0,0.0,1.0,0.0,0.0,13.127043992787975
18,5,0.0,1204.1750811591755,14.6294930797482,0,0,2,0.0,0.0,0.0,0.0,0.0,0.0,0.0,1.0,32.81782036354713
1,1,12.236547805510767,745.5213126221728,9.630203770128617,1,0,0,0.0,0.0,0.0,1.0,0.0,0.0,0.0,0.0,73.82943504606081
20,1,0.0,1382.5510346833503,6.922934378100775,0,0,1,1.0,0.0,0.0,0.0,0.0,0.0,0.0,0.0,79.48260642877244
11,5,20.284253658043713,2115.3068051835935,4.578964524111538,0,0,0,0.0,0.0,0.0,1.0,0.0,0.0,0.0,0.0,56.36630837740436
5,3,21.06291565138473,5190.515157279017,3.3347731382133943,0,0,2,1.0,0.0,0.0,0.0,0.0,0.0,0.0,0.0,54.40526969046522
22,3,21.62679657156293,8536.625370762884,3.193889257239018,0,0,0,0.0,0.0,0.0,1.0,0.0,0.0,0.0,0.0,55.656804712065394
3,2,21.854128366757763,2585.730620396964,6.137840620796982,0,0,1,0.0,0.0,0.0,0.0,0.0,0.0,0.0,1.0,49.9329960433124
22,4,0.0,9371.071504243748,14.876795329318947,0,0,2,0.0,0.0,0.0,0.0,0.0,1.0,0.0,0.0,26.606296323715824
10,2,28.617624115401664,9562.606716669534,0.012805461561049003,0,0,1,0.0,0.0,0.0,0.0,0.0,1.0,0.0,0.0,76.62116253678644
23,4,0.0,9601.37466699849,2.958088458465012,1,0,1,0.0,0.0,0.0,0.0,0.0,0.0,0.0,0.0,49.212578263498706
16,1,0.0,8424.358526360342,2.8258947360536073,0,1,2,0.0,0.0,0.0,0.0,0.0,0.0,0.0,1.0,21.963169468662294
5,0,0.46929885922302406,3829.10289573789,10.756792282984385,0,1,0,0.0,0.0,0.0,0.0,1.0,0.0,0.0,0.0,30.656697944164584
23,2,28.015763873572183,1005.0339367254437,5.287270913970927,0,0,1,0.0,0.0,0.0,0.0,0.0,1.0,0.0,0.0,55.66339480125319
4,2,24.293655860643142,5817.541698135001,6.858912068877309,0,0,2,1.0,0.0,0.0,0.0,0.0,0.0,0.0,0.0,61.580988422380116
19,4,0.0,5719.210006191167,2.2293619570485745,1,0,1,0.0,0.0,0.0,0.0,0.0,0.0,0.0,0.0,52.705246008091834
1,1,2.798621541659055,8544.764940963078,6.074955583154216,0,0,0,0.0,0.0,1.0,0.0,0.0,0.0,0.0,0.0,32.636902583966474
5,1,22.16334086755793,9961.11319417722,1.5479971785875408,1,0,1,0.0,0.0,0.0,0.0,0.0,0.0,0.0,1.0,56.823622442731626
21,6,0.0,5229.125873633431,7.995649318328747,1,0,1,0.0,0.0,0.0,0.0,0.0,0.0,0.0,1.0,11.5575628953307
10,4,0.0,3648.479101085907,1.469075480742839,1,0,1,0.0,1.0,0.0,0.0,0.0,0.0,0.0,0.0,79.86527449625942
15,1,0.0,2103.24660209579,11.857625717597344,0,0,1,0.0,0.0,0.0,0.0,0.0,0.0,0.0,0.0,27.17384450140697
15,5,0.0,346.55830072849614,8.499025763107342,0,0,0,1.0,0.0,0.0,0.0,0.0,0.0,0.0,0.0,57.517675491065276
0,3,13.28811365203308,5238.402817142128,10.859518106602753,0,0,2,0.0,0.0,0.0,0.0,0.0,0.0,0.0,1.0,43.41748651671913
8,6,17.97880698931436,5688.531067015178,6.277745799790258,1,0,1,0.0,0.0,0.0,0.0,0.0,0.0,0.0,1.0,82.13170157475083
5,5,14.290148804830986,8301.903254228755,5.722369398633409,0,0,0,0.0,0.0,0.0,0.0,0.0,0.0,0.0,0.0,22.021557517984334
15,0,27.985386640808976,5194.396588560166,1.4731333357329541,0,0,1,0.0,0.0,0.0,0.0,0.0,0.0,0.0,1.0,61.933429050190895
2,2,0.0,9189.742982060749,7.85783410564234,0,0,1,0.0,0.0,0.0,0.0,0.0,0.0,0.0,0.0,21.54936457504729
19,6,15.033591024760446,6392.409722742924,7.71753247285638,0,0,1,0.0,0.0,1.0,0.0,0.0,0.0,0.0,0.0,77.56797103283385
3,0,0.0,8451.261510744505,7.021530666744081,1,0,0,0.0,0.0,0.0,1.0,0.0,0.0,0.0,0.0,53.72351213088113
18,2,23.757196152667106,1738.526827635147,11.107775470236739,0,0,1,0.0,0.0,0.0,0.0,0.0,0.0,1.0,0.0,85.72855650894827
2,3,0.0,8596.760463932453,12.487566000485318,0,0,1,0.0,0.0,0.0,1.0,0.0,0.0,0.0,0.0,26.584730503063632
18,1,27.26753232364362,6848.895388105329,11.261845124227621,0,0,2,0.0,0.0,0.0,1.0,0.0,0.0,0.0,0.0,85.7154733327276
19,5,0.0,1951.2604146518063,2.1579861421026574,0,0,0,0.0,0.0,1.0,0.0,0.0,0.0,0.0,0.0,64.20817902560859
6,4,0.0,2140.7065140163054,9.330892639231621,1,0,2,0.0,0.0,0.0,0.0,0.0,0.0,0.0,1.0,27.94905363046813
19,5,12.07111618624123,9287.056004728947,1.2048465853430006,1,0,2,0.0,0.0,0.0,0.0,0.0,0.0,1.0,0.0,73.08805937695821
8,3,0.0,612.4889963686169,10.419334311607148,0,0,2,0.0,0.0,0.0,0.0,0.0,0.0,0.0,1.0,50.1967265855342
0,0,9.882499721233287,4786.588949968349,5.727586448416901,0,0,2,0.0,0.0,0.0,0.0,0.0,1.0,0.0,0.0,45.346388379347786
7,4,0.0,3340.7103123607853,1.987484343994299,0,0,1,0.0,0.0,0.0,0.0,0.0,1.0,0.0,0.0,36.72481086413493
6,1,27.323847915298465,6751.251167984752,12.930762854641918,1,0,2,0.0,0.0,0.0,1.0,0.0,0.0,0.0,0.0,48.16677410782246
17,3,0.0,8444.405059419223,9.21012508558406,1,0,0,0.0,0.0,0.0,0.0,0.0,0.0,0.0,0.0,74.84630444414331
7,4,0.0,3795.6677790987246,5.3208745192129125,1,0,1,0.0,0.0,0.0,0.0,1.0,0.0,0.0,0.0,76.7897900508878
0,3,0.0,4440.950247031521,0.46090769475749305,0,1,2,0.0,0.0,0.0,0.0,1.0,0.0,0.0,0.0,56.91263143983237
10,3,0.0,9824.602509663719,8.059653885054157,1,1,2,0.0,0.0,1.0,0.0,0.0,0.0,0.0,0.0,89.50758166834031
17,1,0.0,7903.990143888267,13.84838817729349,1,0,0,1.0,0.0,0.0,0.0,0.0,0.0,0.0,0.0,84.98840977548659
22,6,0.0,9002.880070038376,8.945697490535485,0,0,0,0.0,0.0,0.0,0.0,0.0,0.0,0.0,0.0,20.45571370905713
9,2,0.0,4555.993540320808,14.574759069292398,0,0,2,0.0,1.0,0.0,0.0,0.0,0.0,0.0,0.0,60.58994601643643
2,4,0.0,2570.5391786459177,2.046766774056878,1,1,2,0.0,0.0,0.0,0.0,0.0,0.0,0.0,1.0,45.86951855809274
6,1,0.0,4295.075614248582,8.524576568922553,0,0,2,0.0,0.0,0.0,0.0,0.0,0.0,0.0,0.0,19.300621489040836
15,3,26.709076713405608,7246.091602965681,11.971875720096442,0,0,2,0.0,0.0,0.0,1.0,0.0,0.0,0.0,0.0,45.6476444832283
15,1,0.0,1361.4749269089994,7.883110966885743,0,0,2,0.0,0.0,0.0,0.0,1.0,0.0,0.0,0.0,33.08451565702251
19,6,0.0,2923.5503244801357,1.365995339812089,0,0,0,0.0,0.0,0.0,0.0,0.0,0.0,0.0,1.0,36.1051937305075
16,2,14.278266526431725,752.3682344774268,8.743290023208266,0,0,0,0.0,0.0,0.0,0.0,0.0,0.0,0.0,0.0,32.11660223015214
1,5,0.0,4493.773061879876,9.176068587637076,0,0,1,0.0,0.0,0.0,1.0,0.0,0.0,0.0,0.0,16.247381317699652
0,4,27.838026037110644,8326.223639002248,10.930638727130289,1,0,1,0.0,0.0,0.0,0.0,0.0,0.0,0.0,0.0,61.76834806802875
15,2,0.0,539.2377764907047,11.418172727482109,1,0,0,1.0,0.0,0.0,0.0,0.0,0.0,0.0,0.0,75.21855599695428
11,0,0.0,6850.63821002951,11.561590323159107,1,1,1,1.0,0.0,0.0,0.0,0.0,0.0,0.0,0.0,59.15457803672465
4,4,0.0,9345.209982783274,9.951665904584491,0,0,2,0.0,0.0,0.0,1.0,0.0,0.0,0.0,0.0,36.11997755142335
4,2,0.5664263572870398,2598.2002566584683,3.237167796279872,0,0,1,0.0,0.0,1.0,0.0,0.0,0.0,0.0,0.0,39.69042074801655
22,3,3.0159107607550775,7028.257955058187,6.06353633759219,0,0,2,0.0,0.0,0.0,0.0,1.0,0.0,0.0,0.0,39.89048249142175
8,4,0.0,9758.488440671943,11.64194958921598,0,0,2,0.0,0.0,0.0,1.0,0.0,0.0,0.0,0.0,42.15440175623738
8,4,0.0,9634.097183478892,14.301404751012198,0,0,1,1.0,0.0,0.0,0.0,0.0,0.0,0.0,0.0,82.9105981737799
2,1,10.042059797378371,2578.81317238269,1.1842044725493301,1,0,1,0.0,0.0,0.0,0.0,0.0,0.0,0.0,1.0,18.273672056331527
18,3,0.0,1273.2112161570662,8.033050166957922,0,1,2,0.0,0.0,0.0,0.0,0.0,0.0,1.0,0.0,47.930940179870774
15,0,0.0,1738.3406175903847,4.687834069864596,0,0,0,0.0,0.0,0.0,0.0,0.0,0.0,0.0,1.0,29.036866343384347
15,5,21.118077219834927,7109.745984276779,3.3809084147524464,0,0,1,0.0,0.0,0.0,0.0,1.0,0.0,0.0,0.0,57.740572032883286
2,6,14.775655620615252,7339.861091896772,7.587160252795726,0,0,1,0.0,0.0,0.0,1.0,0.0,0.0,0.0,0.0,43.49393527790087
19,2,0.0,6840.09464779353,9.091340108348051,1,0,0,0.0,0.0,0.0,1.0,0.0,0.0,0.0,0.0,77.81608590507936
23,1,14.675895539418468,3559.960361099709,0.14658347129221871,1,0,1,1.0,0.0,0.0,0.0,0.0,0.0,0.0,0.0,81.47534585383865
21,2,13.507955804899145,1946.8363156537848,11.703098583017864,0,0,2,0.0,0.0,1.0,0.0,0.0,0.0,0.0,0.0,49.39481559012602
23,0,0.0,5933.3825919368555,12.298231968891715,0,0,0,1.0,0.0,0.0,0.0,0.0,0.0,0.0,0.0,54.39373144279973
0,0,0.0,4991.700323851305,14.482662368518996,0,0,0,1.0,0.0,0.0,0.0,0.0,0.0,0.0,0.0,51.359534999340745
23,4,0.0,7369.691227086343,2.7096559983704243,1,0,2,0.0,0.0,0.0,0.0,0.0,0.0,1.0,0.0,46.83866157275143
19,6,19.006058808485108,4581.192763250528,8.91828843541422,0,1,2,0.0,0.0,1.0,0.0,0.0,0.0,0.0,0.0,71.92462898813194
10,0,7.456072317812787,3584.805038458743,6.399380602145918,0,0,2,0.0,0.0,1.0,0.0,0.0,0.0,0.0,0.0,73.31285497998547
16,2,0.0,3146.7422003824395,5.02241777333026,0,0,0,0.0,0.0,0.0,0.0,0.0,1.0,0.0,0.0,21.291606760228802
7,3,23.124435649929637,2351.2621044825414,8.48450177156257,0,0,2,0.0,0.0,1.0,0.0,0.0,0.0,0.0,0.0,59.104855372042415
3,3,0.0,2877.7398490106157,11.735746398353253,0,1,1,0.0,0.0,0.0,0.0,0.0,0.0,0.0,1.0,44.82120607388203
5,4,0.0,1219.8552567877832,0.3457917516781517,0,0,1,0.0,0.0,0.0,0.0,0.0,0.0,0.0,1.0,24.58678081192088
7,5,0.0,3664.5130060102288,14.541001688492802,0,0,2,0.0,1.0,0.0,0.0,0.0,0.0,0.0,0.0,34.186260625317
19,2,0.0,654.7271799206945,12.148223785585662,0,0,1,0.0,0.0,0.0,0.0,1.0,0.0,0.0,0.0,44.446626135805374
2,2,3.891187739700807,2108.21431751337,11.267305554683677,1,0,1,0.0,0.0,0.0,0.0,0.0,1.0,0.0,0.0,54.462819800678865
15,0,0.0,7543.6733128084625,11.405810732707552,0,0,0,0.0,1.0,0.0,0.0,0.0,0.0,0.0,0.0,34.058893405681204
2,6,15.207903482315832,3457.04919016324,5.835910644279789,0,0,2,0.0,0.0,1.0,0.0,0.0,0.0,0.0,0.0,37.221104639598025
17,2,0.0,6781.899064680235,11.274308262672205,1,0,1,0.0,0.0,0.0,0.0,0.0,0.0,0.0,0.0,46.43189638809291
13,1,0.0,7253.77650329359,5.801553129044365,1,0,2,0.0,0.0,0.0,0.0,0.0,0.0,0.0,1.0,32.84881729633856
17,5,24.321620188355244,5937.497824501501,13.480602443621896,0,0,2,0.0,0.0,0.0,0.0,0.0,1.0,0.0,0.0,67.19298825781942
1,0,0.0,9599.368091244365,2.658335749597045,0,0,1,0.0,0.0,0.0,0.0,0.0,1.0,0.0,0.0,35.27472771966231
21,1,0.0,507.9667062441986,4.385211363227272,0,0,1,0.0,0.0,0.0,0.0,0.0,0.0,0.0,1.0,40.4711068460263
2,4,0.0,7464.930710704978,8.27006314048614,1,0,0,0.0,0.0,0.0,0.0,1.0,0.0,0.0,0.0,80.08105121870777
15,3,4.380507167763247,9600.230446221958,4.788165538309087,1,0,0,0.0,0.0,0.0,0.0,0.0,0.0,1.0,0.0,43.27324669241064
8,4,0.0,8664.03577472351,6.363558679429101,0,0,0,0.0,0.0,0.0,1.0,0.0,0.0,0.0,0.0,63.34996462187928
3,3,0.0,1928.5591105086291,7.38634034097892,0,0,1,0.0,0.0,0.0,0.0,0.0,0.0,1.0,0.0,33.12143764433933
0,4,0.0,3470.1569706418013,12.84530023220263,0,0,0,0.0,0.0,0.0,0.0,0.0,0.0,0.0,0.0,11.158126426780301
3,2,0.0,1972.7828468017144,7.847883804130392,0,0,2,0.0,1.0,0.0,0.0,0.0,0.0,0.0,0.0,42.23801386782953
0,1,11.433015408354422,6132.69112900263,5.4368977292184075,0,0,0,0.0,0.0,1.0,0.0,0.0,0.0,0.0,0.0,36.73790000653672
13,3,0.0,7208.223425201075,3.7160424605267366,0,0,0,0.0,0.0,0.0,0.0,0.0,0.0,0.0,1.0,18.314230751764097
20,0,0.0,3375.6155628216648,6.130139681882958,0,1,0,0.0,0.0,0.0,0.0,0.0,0.0,1.0,0.0,46.500247510295694
15,1,0.0,5533.213767647666,7.736041566215548,0,0,2,0.0,0.0,0.0,0.0,0.0,0.0,1.0,0.0,44.66812421797869
19,0,0.0,7001.929529690591,11.191722858048545,0,0,2,1.0,0.0,0.0,0.0,0.0,0.0,0.0,0.0,75.88874554449367
23,1,0.7114908091737182,4386.996221127169,1.81573164258508,0,0,1,0.0,0.0,0.0,0.0,0.0,1.0,0.0,0.0,45.611729502092366
7,1,0.0,8583.950645417955,3.324137823587263,0,0,0,0.0,1.0,0.0,0.0,0.0,0.0,0.0,0.0,53.884498202650136
6,4,12.539086307595811,7784.034372291826,5.694810238030098,0,0,2,0.0,0.0,0.0,0.0,1.0,0.0,0.0,0.0,64.51872879594077
2,3,0.0,927.2557753505354,5.405976076792719,1,0,2,0.0,0.0,1.0,0.0,0.0,0.0,0.0,0.0,48.40493073019314
16,3,0.0,6324.9154011810415,5.876221314078176,0,0,2,0.0,0.0,0.0,0.0,1.0,0.0,0.0,0.0,48.250329106425475
0,6,2.6437970850167325,2582.6578443095714,11.90281896960487,1,0,1,0.0,0.0,1.0,0.0,0.0,0.0,0.0,0.0,29.932508509712797
15,1,0.0,5707.92716727257,4.862316044432597,0,0,1,0.0,1.0,0.0,0.0,0.0,0.0,0.0,0.0,40.74105315018705
11,2,21.96902311824543,9581.817893539772,7.528472706039969,1,0,1,1.0,0.0,0.0,0.0,0.0,0.0,0.0,0.0,81.22476019002647
18,2,18.328395771079595,8826.901444156827,9.358605492868447,1,0,0,0.0,0.0,1.0,0.0,0.0,0.0,0.0,0.0,78.8993220719702
21,0,0.0,4223.809110216778,3.4826782527540767,0,0,2,1.0,0.0,0.0,0.0,0.0,0.0,0.0,0.0,45.94803614036272
22,0,0.0,3127.684425940228,10.780430807213083,0,0,1,0.0,0.0,0.0,0.0,0.0,1.0,0.0,0.0,36.34360563077075
21,4,6.6450315256155825,2573.7357207601126,8.206669796074214,0,0,1,0.0,0.0,0.0,0.0,0.0,0.0,0.0,0.0,21.394534935986613
13,1,0.0,5465.394236638244,6.7017174454706705,1,0,2,0.0,0.0,0.0,0.0,0.0,0.0,0.0,0.0,16.9320123282601
5,0,0.0,1408.2099966031465,12.146760401074708,0,0,2,0.0,0.0,0.0,1.0,0.0,0.0,0.0,0.0,26.92438593763027
5,0,0.0,5627.967578844011,3.65242888777773,0,0,0,0.0,0.0,0.0,0.0,0.0,1.0,0.0,0.0,35.98432644215899
12,5,0.0,312.9363030606826,13.247639559214848,0,0,0,0.0,0.0,0.0,0.0,0.0,0.0,0.0,0.0,26.629064506314574
18,1,28.461147547175425,3441.3414182346946,8.415731030500556,1,0,0,0.0,0.0,1.0,0.0,0.0,0.0,0.0,0.0,99.83724408641345
21,4,0.0,2433.3628441566384,9.137623190694873,0,0,1,0.0,0.0,0.0,1.0,0.0,0.0,0.0,0.0,30.141037453913093
7,0,0.0,9720.822262619586,13.125884462534142,0,0,1,1.0,0.0,0.0,0.0,0.0,0.0,0.0,0.0,56.856229894553834
1,4,24.042504327258815,7354.250499828796,12.263740317740039,0,0,2,0.0,0.0,0.0,0.0,0.0,1.0,0.0,0.0,59.69311402584086
20,3,0.0,3691.637790483706,9.023431032328505,0,0,0,0.0,0.0,1.0,0.0,0.0,0.0,0.0,0.0,61.20179433722028
0,4,0.0,1200.597339347019,11.297815557722611,0,0,2,0.0,0.0,0.0,0.0,0.0,0.0,1.0,0.0,34.340426357863635
14,2,7.9536978433721846,5312.9657684990525,6.4997923534934525,0,0,0,0.0,0.0,0.0,0.0,0.0,0.0,0.0,0.0,36.32165946920369
0,2,0.0,2370.4444488626104,8.210666302496193,1,0,0,0.0,0.0,0.0,0.0,0.0,0.0,0.0,0.0,29.01959059060509
4,4,25.396034793702157,5503.366595214071,0.931052050627667,1,1,0,0.0,0.0,0.0,0.0,0.0,0.0,0.0,0.0,34.532010984048334
15,2,15.154971345681975,8403.014835535258,1.3478687700007024,1,0,0,0.0,0.0,1.0,0.0,0.0,0.0,0.0,0.0,53.97429632337295
18,3,0.0,6273.187755383438,12.441381062794981,0,0,2,0.0,0.0,0.0,0.0,0.0,0.0,0.0,0.0,38.10317452919631
3,1,0.0,6447.747669586522,0.8950748352374499,1,0,2,0.0,0.0,0.0,1.0,0.0,0.0,0.0,0.0,32.00943042924373
2,2,0.0,5547.993803909271,2.5409868844891093,0,0,1,0.0,0.0,0.0,0.0,1.0,0.0,0.0,0.0,56.182710505159626
16,2,0.0,9294.476636524669,11.937489884256623,0,1,0,0.0,0.0,0.0,0.0,0.0,1.0,0.0,0.0,45.08179141438534
16,4,4.9420202666317214,9339.456038879853,0.017189259423844305,1,0,2,0.0,0.0,0.0,0.0,0.0,0.0,1.0,0.0,45.94779956171096
11,3,10.540678039647803,5273.415050413456,4.236064932687965,1,0,0,0.0,0.0,0.0,0.0,0.0,0.0,1.0,0.0,58.450413427282356
13,6,0.0,3265.867025291993,8.760579867399327,0,0,0,1.0,0.0,0.0,0.0,0.0,0.0,0.0,0.0,49.07050712077664
20,6,10.495850826674355,4757.993957030606,8.931748972039449,1,0,1,0.0,0.0,1.0,0.0,0.0,0.0,0.0,0.0,90.34946443812139
5,6,21.24972147233911,2109.6117482974723,11.657293623442104,1,0,1,0.0,0.0,0.0,0.0,0.0,1.0,0.0,0.0,55.294042110985544
2,6,11.03541543428403,6472.539858585466,7.588893817382557,0,1,2,0.0,0.0,0.0,0.0,0.0,0.0,0.0,1.0,32.8527656200184
8,1,0.0,5150.895657087663,7.641028042964555,0,0,2,0.0,0.0,0.0,0.0,0.0,0.0,0.0,1.0,38.3944755751852
4,4,0.0,1302.0146347888149,10.879658633110507,1,0,1,0.0,1.0,0.0,0.0,0.0,0.0,0.0,0.0,47.96522096099563
23,4,0.0,2217.183476860269,7.479366948994253,0,0,2,0.0,0.0,0.0,0.0,0.0,1.0,0.0,0.0,31.34787657332206
16,5,11.096658769443746,4952.42997513541,9.127366298454252,0,0,2,0.0,0.0,1.0,0.0,0.0,0.0,0.0,0.0,32.933082007460904
13,3,0.0,8909.613209972926,13.466611023825765,1,0,1,0.0,0.0,0.0,0.0,0.0,0.0,0.0,1.0,14.398941478163529
20,6,0.0,5793.989990121645,6.0217651141855795,0,0,0,0.0,0.0,0.0,0.0,0.0,1.0,0.0,0.0,35.27708177574783
2,1,0.0,6910.889502022167,5.776876063788333,0,0,0,0.0,0.0,0.0,0.0,1.0,0.0,0.0,0.0,68.6476386092049
0,3,0.0,3588.5769325159245,0.05323487797156967,0,0,1,0.0,0.0,0.0,0.0,0.0,0.0,0.0,1.0,23.245629387836445
19,6,0.0,5842.690512529072,9.201393922818479,0,0,0,0.0,0.0,0.0,0.0,0.0,1.0,0.0,0.0,59.40106432322229
20,1,12.861754252544443,4639.584279589254,0.4465786111069797,1,0,0,0.0,0.0,0.0,0.0,0.0,0.0,1.0,0.0,82.09385254590161
22,3,0.0,6693.560152444658,7.562227345924744,0,0,1,0.0,0.0,0.0,1.0,0.0,0.0,0.0,0.0,36.34098314639564
0,4,0.0,790.5829909664005,12.0635068354834,0,0,2,0.0,0.0,1.0,0.0,0.0,0.0,0.0,0.0,43.042839700463546
2,4,0.0,5085.012097517903,8.248816057794947,1,0,1,0.0,0.0,0.0,0.0,0.0,0.0,0.0,0.0,24.070202679766698
17,0,0.0,3171.1284638964794,4.04454247825014,1,0,1,0.0,0.0,0.0,0.0,0.0,0.0,1.0,0.0,79.47263876333217
9,2,0.0,3463.9950943957197,11.792526321740569,0,0,0,0.0,0.0,0.0,0.0,1.0,0.0,0.0,0.0,50.333736479277704
21,6,0.0,9620.899086113195,4.045755061238083,1,0,1,0.0,0.0,1.0,0.0,0.0,0.0,0.0,0.0,24.536152240260467
2,5,0.0,2072.139683300413,10.99547671418848,0,0,0,0.0,1.0,0.0,0.0,0.0,0.0,0.0,0.0,28.55838319336604
7,3,0.0,3319.07895001239,9.15387682785347,0,0,1,0.0,0.0,0.0,1.0,0.0,0.0,0.0,0.0,23.51520344383805
13,5,0.0,5245.957984589456,2.5499444512200182,0,0,2,0.0,0.0,1.0,0.0,0.0,0.0,0.0,0.0,30.670183991467162
23,0,0.0,8671.361397051349,13.577008122662786,0,1,0,0.0,0.0,0.0,0.0,0.0,1.0,0.0,0.0,14.831952889803576
17,2,11.594811685917412,4341.699807101793,3.0096552443579356,0,0,1,0.0,0.0,0.0,0.0,1.0,0.0,0.0,0.0,88.69179645508112
14,3,6.337887508145893,7515.493224615259,14.843806112110048,0,0,0,0.0,1.0,0.0,0.0,0.0,0.0,0.0,0.0,60.20069611590436
21,1,0.0,8606.828752683583,0.10965732982411158,0,0,1,0.0,0.0,0.0,0.0,0.0,0.0,0.0,0.0,15.935637969501022
22,6,0.0,3307.1586514719347,3.9522506571435456,0,0,1,0.0,0.0,0.0,0.0,0.0,1.0,0.0,0.0,14.762943631134009
1,2,9.318029141859888,4109.676780325486,2.997904459112983,0,0,1,0.0,0.0,0.0,1.0,0.0,0.0,0.0,0.0,53.19302428667977
9,4,0.0,3758.5953697770556,0.20990115255693942,0,1,0,0.0,0.0,0.0,0.0,0.0,0.0,0.0,0.0,56.775831998097296
1,0,20.22004113209561,8378.701343593835,10.985518502209734,0,0,0,0.0,0.0,0.0,0.0,0.0,0.0,0.0,0.0,39.5966404810389
16,2,16.245188463674637,730.1645609499312,10.401387031493943,0,0,2,0.0,0.0,0.0,0.0,1.0,0.0,0.0,0.0,44.67564584964911
7,6,0.0,3291.684561638196,11.885264465323957,0,0,2,0.0,0.0,1.0,0.0,0.0,0.0,0.0,0.0,34.67090194775012
0,2,0.0,6890.2630086727595,3.8504781969684787,0,0,2,0.0,0.0,0.0,0.0,0.0,0.0,1.0,0.0,26.931889989566024
8,6,1.7489161158707112,5784.801945783824,6.665027506244549,0,0,2,1.0,0.0,0.0,0.0,0.0,0.0,0.0,0.0,55.815493354452755
10,4,0.0,4532.006785148835,9.886702824323212,0,0,1,0.0,0.0,1.0,0.0,0.0,0.0,0.0,0.0,68.6174290529625
21,3,0.0,5537.497804047428,6.596527558322154,1,0,0,0.0,0.0,0.0,0.0,0.0,0.0,1.0,0.0,37.40857623457273
15,1,0.0,2216.5704825346875,10.459886554768737,1,0,1,0.0,0.0,0.0,0.0,0.0,0.0,1.0,0.0,22.576649827310334
6,4,0.0,4477.951229597701,9.509601126606633,1,0,0,0.0,0.0,0.0,1.0,0.0,0.0,0.0,0.0,59.63292846813101
9,1,25.688553841402868,5166.518946510586,1.7197170453326471,0,0,0,0.0,1.0,0.0,0.0,0.0,0.0,0.0,0.0,100.0
22,3,3.371489247861282,9041.534482959636,11.715646816154521,0,0,1,0.0,0.0,1.0,0.0,0.0,0.0,0.0,0.0,47.97422809679916
2,2,10.432135066779468,2830.1010791985705,10.810145386387774,0,1,1,0.0,1.0,0.0,0.0,0.0,0.0,0.0,0.0,49.35526440704656
17,1,0.0,8717.936470999846,9.83751581426108,1,0,0,1.0,0.0,0.0,0.0,0.0,0.0,0.0,0.0,69.45249762889873
23,0,0.0,6549.141588012025,2.326404094065035,0,0,2,0.0,0.0,1.0,0.0,0.0,0.0,0.0,0.0,41.170817973676606
12,0,0.0,497.3060613557295,4.019946731930455,0,0,2,0.0,0.0,0.0,0.0,0.0,0.0,0.0,1.0,29.798711600909677
6,6,0.0,7328.923967924118,5.897655473814006,0,0,0,0.0,0.0,0.0,0.0,1.0,0.0,0.0,0.0,27.06289713514623
3,4,0.0,644.8532122258343,4.198944324846651,1,0,1,0.0,0.0,1.0,0.0,0.0,0.0,0.0,0.0,37.83462848616529
12,3,4.879566545697019,9974.596930093987,3.417154360141972,0,0,1,0.0,0.0,0.0,0.0,0.0,0.0,0.0,0.0,38.91967118372116
19,6,25.630379483481462,8764.57587060462,12.080365052426636,0,0,0,0.0,0.0,0.0,0.0,0.0,1.0,0.0,0.0,56.22243974689576
0,4,0.0,3184.234351138443,9.573483695403036,1,0,1,1.0,0.0,0.0,0.0,0.0,0.0,0.0,0.0,42.51271092137406
7,4,15.602480496497517,2796.8889329080425,8.482081973253756,0,0,0,0.0,0.0,0.0,0.0,1.0,0.0,0.0,0.0,63.42023321704408
13,6,0.0,3999.9784964244063,3.3892906627988078,0,0,0,0.0,0.0,0.0,0.0,0.0,0.0,0.0,0.0,10.248498734128773
15,5,0.0,3754.8195635500974,13.77114843402962,0,0,0,0.0,0.0,0.0,0.0,0.0,1.0,0.0,0.0,19.007659795940988
13,4,5.819818686701916,3911.6768383381964,2.867745586459744,0,0,1,0.0,0.0,1.0,0.0,0.0,0.0,0.0,0.0,47.1310389345564
11,5,0.0,3387.28249735896,11.924263992370157,0,0,2,0.0,1.0,0.0,0.0,0.0,0.0,0.0,0.0,38.48550772423601
18,0,15.154920548799444,6324.994046428815,14.500090000579396,0,0,0,0.0,0.0,0.0,0.0,0.0,1.0,0.0,0.0,68.82976062307543
22,0,15.939923780195272,1893.3575380900525,10.906390938363542,0,1,1,0.0,1.0,0.0,0.0,0.0,0.0,0.0,0.0,45.697888632471155
14,4,0.0,8506.018536726328,14.892881627769446,1,0,2,0.0,0.0,0.0,0.0,0.0,0.0,1.0,0.0,26.791039816257225
1,0,23.740581709570034,8180.304095103758,9.765766754669201,0,0,0,0.0,0.0,1.0,0.0,0.0,0.0,0.0,0.0,53.16067482478574
1,3,0.0,4921.887116196123,3.2619051540584247,0,1,2,0.0,1.0,0.0,0.0,0.0,0.0,0.0,0.0,40.919174241222656
22,5,0.0,8571.480663201912,3.0572924057476696,0,0,1,0.0,0.0,0.0,0.0,0.0,1.0,0.0,0.0,17.11975986970542
21,5,0.0,2697.307179293845,4.868464263832145,1,0,2,0.0,0.0,0.0,0.0,0.0,1.0,0.0,0.0,26.194208794694806
18,4,0.0,470.3849203284794,0.10695030331509092,0,0,2,0.0,0.0,0.0,0.0,0.0,0.0,0.0,1.0,58.35576015835622
21,0,26.209014679041005,6306.3168727892835,10.22547705124252,0,0,1,0.0,0.0,0.0,0.0,0.0,1.0,0.0,0.0,44.55443159516267
21,1,0.0,4741.721247557739,4.030016769417414,0,0,0,0.0,0.0,0.0,0.0,1.0,0.0,0.0,0.0,52.41098442131863
16,6,7.400652892319918,5801.496099069946,12.227748484391292,0,1,1,0.0,1.0,0.0,0.0,0.0,0.0,0.0,0.0,46.63113932449515
19,6,0.0,9023.592267478509,5.387589758389504,0,0,1,0.0,0.0,1.0,0.0,0.0,0.0,0.0,0.0,48.529703480672445
9,5,0.0,9708.27806358965,7.199347401949691,1,1,0,0.0,0.0,0.0,0.0,0.0,0.0,1.0,0.0,46.867765313231146
5,4,26.289419097465263,6454.195455629349,14.485333748405539,0,0,0,0.0,0.0,0.0,0.0,1.0,0.0,0.0,0.0,42.81397316340845
14,4,0.0,7711.339221568653,3.632581845709156,1,0,1,0.0,0.0,0.0,0.0,0.0,0.0,0.0,1.0,25.961735354740597
21,3,0.0,1112.9418048254934,10.818811461446094,0,0,0,0.0,0.0,0.0,0.0,0.0,0.0,1.0,0.0,41.68867598151044
10,2,0.0,1858.9411734476043,11.326766839581257,1,1,0,0.0,0.0,0.0,0.0,0.0,0.0,1.0,0.0,62.54195004100093
4,2,0.0,7412.086608043873,3.3149723628545273,0,0,1,0.0,0.0,0.0,0.0,0.0,1.0,0.0,0.0,20.35366990848288
0,5,0.0,4484.244926963619,7.514952549182935,0,0,1,0.0,0.0,0.0,0.0,0.0,0.0,0.0,0.0,4.933329037274545
7,6,16.046182672762658,4625.863122922735,5.253028879694525,0,0,1,0.0,0.0,0.0,1.0,0.0,0.0,0.0,0.0,36.99521131020324
20,3,0.0,3293.494511863735,11.578593651001338,0,0,1,0.0,0.0,0.0,0.0,0.0,1.0,0.0,0.0,52.18700439949145
11,3,0.0,6191.356919734115,9.337249785435562,1,0,2,0.0,0.0,0.0,0.0,0.0,0.0,0.0,1.0,29.149464683583126
11,3,7.979221939623363,2096.100940537165,7.139745822908205,0,0,2,0.0,0.0,1.0,0.0,0.0,0.0,0.0,0.0,42.42166404049211
4,5,0.0,6381.0879093447875,11.690448975715773,0,0,0,0.0,0.0,0.0,0.0,0.0,0.0,1.0,0.0,33.1240021380532
6,2,16.474320457243536,1985.8489142118249,3.5273335501262553,0,1,2,0.0,0.0,0.0,0.0,0.0,0.0,0.0,0.0,37.043875838625276
3,6,0.0,919.1125366842219,11.304328208765387,1,0,2,0.0,0.0,1.0,0.0,0.0,0.0,0.0,0.0,23.32431109591586
5,3,0.0,3504.469580380892,12.980614681392366,0,0,2,0.0,0.0,1.0,0.0,0.0,0.0,0.0,0.0,47.20943892409137
12,6,7.0622174652458,2542.0613174955224,13.179323952113586,1,0,0,1.0,0.0,0.0,0.0,0.0,0.0,0.0,0.0,60.44759140553247
19,0,0.0,8923.218893996424,11.755103895294058,1,1,2,0.0,1.0,0.0,0.0,0.0,0.0,0.0,0.0,94.41385941102816
14,4,11.340931866995854,833.048502525678,6.120212504974031,1,0,1,0.0,1.0,0.0,0.0,0.0,0.0,0.0,0.0,63.81842812148196
2,4,0.0,2013.1528179689917,14.727120340767405,0,0,1,0.0,0.0,0.0,0.0,0.0,0.0,0.0,1.0,17.487952906086157
22,6,0.0,5622.58017415558,5.693904657336598,0,0,0,0.0,0.0,0.0,0.0,0.0,1.0,0.0,0.0,19.33857223357037
7,1,0.0,4966.351751220494,9.579380986536385,0,0,0,1.0,0.0,0.0,0.0,0.0,0.0,0.0,0.0,51.30436378561512
19,1,0.0,744.764578234605,2.41611267104203,1,1,0,0.0,0.0,0.0,0.0,0.0,0.0,0.0,1.0,95.5050057742952
15,5,0.6770908972032796,370.3485517469014,14.70673347954589,1,1,2,0.0,0.0,0.0,0.0,0.0,0.0,1.0,0.0,51.87227686627282
12,5,0.0,9884.259037023154,10.559788827969948,0,0,0,0.0,0.0,0.0,0.0,1.0,0.0,0.0,0.0,23.03326147252147
17,4,8.820101657848593,6690.69659348073,11.300663178695526,1,0,0,0.0,0.0,0.0,0.0,1.0,0.0,0.0,0.0,91.08093201614251
9,0,16.79679304607848,3844.439469745101,0.9866505511671692,0,0,0,1.0,0.0,0.0,0.0,0.0,0.0,0.0,0.0,88.5594904694813
18,2,0.0,4863.192802333441,11.451267213310077,0,0,1,0.0,1.0,0.0,0.0,0.0,0.0,0.0,0.0,66.84545615348574
16,2,0.0,2885.5361684065833,11.62085143830902,0,0,0,0.0,0.0,0.0,0.0,1.0,0.0,0.0,0.0,34.44256010611659
23,5,12.215212157966258,3645.2757018241346,10.076590895433448,1,0,1,0.0,1.0,0.0,0.0,0.0,0.0,0.0,0.0,39.785610789677115
18,0,6.968200943715023,6595.731332501676,4.378644206855155,1,0,1,0.0,0.0,0.0,0.0,0.0,1.0,0.0,0.0,72.77294126181404
22,5,0.0,8863.274449013496,7.345350632413223,1,1,0,0.0,0.0,0.0,1.0,0.0,0.0,0.0,0.0,52.02374406633158
4,2,0.0,2086.0612238874933,1.6565155696307472,1,0,0,0.0,0.0,1.0,0.0,0.0,0.0,0.0,0.0,37.097255235476084
20,6,0.0,8451.50660223759,7.073805996887289,0,0,2,0.0,0.0,0.0,0.0,0.0,0.0,1.0,0.0,65.55733697402
22,5,4.721355446066027,1479.09930632721,3.6573577890060727,1,0,0,1.0,0.0,0.0,0.0,0.0,0.0,0.0,0.0,42.19052993607816
8,3,0.0,2385.4245688073947,5.2364547974112305,0,0,0,0.0,1.0,0.0,0.0,0.0,0.0,0.0,0.0,65.96246227725292
11,6,22.61813053324272,660.6002940815661,2.439006126055479,1,0,0,0.0,0.0,1.0,0.0,0.0,0.0,0.0,0.0,75.70796664356085
20,5,0.0,1665.8750623020946,3.4508155162034555,1,0,0,0.0,0.0,0.0,0.0,1.0,0.0,0.0,0.0,100.0
0,4,0.0,9197.84051100129,1.1485296273017438,0,0,0,0.0,0.0,0.0,1.0,0.0,0.0,0.0,0.0,47.85983672646444
0,5,0.0,4756.555842198272,13.79852049655382,0,0,0,0.0,0.0,0.0,1.0,0.0,0.0,0.0,0.0,37.64908349341737
14,4,0.0,1053.3588592500296,7.95616031963105,0,0,2,0.0,0.0,0.0,0.0,0.0,1.0,0.0,0.0,44.302965720029256
1,0,0.0,9609.350328977926,5.951129568941095,1,1,2,0.0,0.0,0.0,0.0,0.0,0.0,1.0,0.0,28.866177907873105
21,2,0.0,8826.225385258906,8.025438191531759,0,0,0,0.0,0.0,0.0,0.0,1.0,0.0,0.0,0.0,24.800155550634383
15,6,0.0,7620.42045242097,9.42439842722329,0,1,2,0.0,1.0,0.0,0.0,0.0,0.0,0.0,0.0,19.60515256481449
7,6,0.0,9354.68608189131,13.828181900540237,1,1,1,0.0,0.0,1.0,0.0,0.0,0.0,0.0,0.0,27.827910590324752
12,1,0.0,2435.2553821069123,2.6803942842947,0,1,2,0.0,0.0,0.0,0.0,0.0,0.0,0.0,0.0,14.271271435226508
20,1,17.489954391549468,8412.782142197837,4.433287479528264,0,1,1,0.0,0.0,0.0,1.0,0.0,0.0,0.0,0.0,72.03653562424991
0,2,0.0,6992.91460463677,14.63684004516172,0,0,0,0.0,0.0,0.0,0.0,0.0,0.0,1.0,0.0,43.06201146197471
15,1,0.0,8736.664720806577,5.567894799727866,0,1,1,0.0,1.0,0.0,0.0,0.0,0.0,0.0,0.0,52.26888351115187
6,6,0.0,8030.042187703509,0.3384247613599145,1,0,0,0.0,0.0,1.0,0.0,0.0,0.0,0.0,0.0,44.442031750489726
4,5,8.562158709085248,3661.0021128152025,2.214652389557382,0,0,2,0.0,0.0,1.0,0.0,0.0,0.0,0.0,0.0,29.185305288753415
21,0,0.0,7811.665809067379,0.39508052622828027,0,0,1,0.0,0.0,0.0,0.0,1.0,0.0,0.0,0.0,62.02482883808716
22,0,12.9718908055527,2845.826138953436,14.848847136310926,0,0,1,0.0,0.0,0.0,0.0,0.0,0.0,0.0,1.0,29.507190523075472
2,2,24.86001430600782,3487.343981372132,4.183062734868345,0,0,1,0.0,1.0,0.0,0.0,0.0,0.0,0.0,0.0,69.69516895113503
11,1,24.686642048805062,1346.6854570628686,13.853141354043391,1,0,0,0.0,0.0,1.0,0.0,0.0,0.0,0.0,0.0,72.10878912696553
15,5,0.0,9370.243175010546,14.938294136395736,1,0,0,0.0,0.0,0.0,0.0,1.0,0.0,0.0,0.0,38.692868182993756
18,0,21.034233941507306,3122.732624982731,8.997618317146713,0,0,2,0.0,0.0,0.0,0.0,1.0,0.0,0.0,0.0,96.84378473355962
4,0,0.0,5350.037912163083,0.4979447259834263,0,0,2,0.0,0.0,0.0,0.0,0.0,1.0,0.0,0.0,29.737317994801842
21,3,0.0,4095.9285137220686,1.2238744558039043,0,0,0,0.0,0.0,0.0,0.0,0.0,0.0,0.0,0.0,11.173263025760077
13,3,8.890442306417421,9611.302769659966,7.223835826618166,0,0,2,0.0,0.0,0.0,0.0,0.0,0.0,0.0,1.0,19.062709627600597
4,6,0.0,3549.9769581032792,6.09258019367229,0,0,1,1.0,0.0,0.0,0.0,0.0,0.0,0.0,0.0,32.8255377835277
14,0,6.894781253776082,7851.8944678000835,9.092659586726516,1,0,1,0.0,0.0,1.0,0.0,0.0,0.0,0.0,0.0,64.86062477778745
16,2,0.0,8597.536699922446,6.582717145670459,0,0,1,0.0,1.0,0.0,0.0,0.0,0.0,0.0,0.0,48.87599086538162
13,4,21.457105604478993,4525.383025565369,14.011152739072266,0,0,2,0.0,1.0,0.0,0.0,0.0,0.0,0.0,0.0,64.00811784163412
19,4,0.0,3968.266600193433,8.021095731202665,0,0,1,0.0,0.0,0.0,1.0,0.0,0.0,0.0,0.0,58.05158960770962
4,5,0.0,7553.134463046491,10.405890921936633,0,0,1,0.0,0.0,0.0,0.0,0.0,1.0,0.0,0.0,25.754953896561663
11,0,0.0,9155.09100897047,13.447279089637448,1,0,0,0.0,0.0,0.0,0.0,0.0,1.0,0.0,0.0,21.052362893982192
15,0,11.39701566968112,7622.837810800711,2.2030781374981108,0,0,0,0.0,0.0,0.0,0.0,0.0,1.0,0.0,0.0,47.00767764128405
15,6,0.0,2503.1257462410963,3.446019811777928,0,1,2,0.0,1.0,0.0,0.0,0.0,0.0,0.0,0.0,38.11515141408029
20,0,0.0,8916.585150145742,1.609779907110226,0,0,0,0.0,0.0,0.0,0.0,0.0,0.0,0.0,1.0,38.47413276026911
6,2,0.0,4059.542174137281,2.094575988448684,1,0,2,0.0,0.0,0.0,0.0,1.0,0.0,0.0,0.0,86.51756809832838
3,3,21.481891602586742,5889.4252942459625,7.688759504013497,0,0,2,0.0,0.0,0.0,0.0,0.0,0.0,1.0,0.0,41.76616769163631
0,0,0.0,8364.925507139298,4.81768888451196,1,0,0,0.0,0.0,0.0,0.0,0.0,0.0,0.0,0.0,28.897725539281577
4,0,0.0,2127.4292437847744,6.347592592901323,0,1,0,0.0,0.0,1.0,0.0,0.0,0.0,0.0,0.0,40.95940577234586
22,6,0.0,7909.748316072265,14.737347476910927,1,0,2,0.0,0.0,0.0,0.0,0.0,1.0,0.0,0.0,14.311805551948115
9,1,0.0,6082.779139733571,2.3505652169392217,1,0,2,0.0,0.0,0.0,0.0,0.0,0.0,0.0,1.0,63.969646645601614
21,6,0.0,8965.4139257278,8.112181061971134,0,0,2,0.0,1.0,0.0,0.0,0.0,0.0,0.0,0.0,41.47224952122953
4,6,0.0,1968.1128978823667,1.4830673258047644,1,0,1,0.0,0.0,0.0,0.0,1.0,0.0,0.0,0.0,67.74860775638884
3,2,25.783037485006528,4380.617699297006,4.777444698958179,0,0,1,0.0,0.0,0.0,0.0,0.0,0.0,1.0,0.0,61.25812963270645
1,5,0.0,8378.578000808324,7.912888855118979,0,0,0,0.0,1.0,0.0,0.0,0.0,0.0,0.0,0.0,32.77179205191957
19,0,0.0,486.5475235305737,14.199476189480066,0,0,1,0.0,0.0,0.0,0.0,1.0,0.0,0.0,0.0,64.39820816541851
9,6,0.0,1388.3532576267357,5.868423319252245,0,1,1,0.0,0.0,0.0,0.0,0.0,0.0,0.0,1.0,54.23244395030726
18,6,19.894434881994677,9908.482563740326,0.9736004432200474,0,0,2,0.0,0.0,0.0,0.0,0.0,0.0,0.0,1.0,65.30076484705478
0,1,10.25135638025065,3019.8235323264003,5.822421719404754,1,0,1,0.0,0.0,0.0,0.0,1.0,0.0,0.0,0.0,72.43893303400814
23,6,20.510986371738625,9762.768979122347,2.186117638109666,1,0,0,0.0,0.0,0.0,1.0,0.0,0.0,0.0,0.0,53.197920163599356
4,4,0.0,2070.556044784137,3.4498441993716793,0,0,1,0.0,0.0,0.0,0.0,0.0,0.0,0.0,0.0,13.696016717920319
12,5,0.0,3802.6160971711556,9.271359347474856,1,0,1,0.0,1.0,0.0,0.0,0.0,0.0,0.0,0.0,43.21592670294755
3,0,0.0,7602.833611684635,1.0113579930552252,0,0,1,0.0,1.0,0.0,0.0,0.0,0.0,0.0,0.0,43.78175108445834
15,0,0.0,6680.450550210331,6.970856343750561,0,0,0,0.0,0.0,1.0,0.0,0.0,0.0,0.0,0.0,42.292480557015615
23,1,0.0,5936.887279311839,9.141923790161465,1,0,0,0.0,0.0,0.0,1.0,0.0,0.0,0.0,0.0,42.82438206288618
15,2,27.77365648483705,5440.022005308573,6.327875885512453,0,0,2,0.0,0.0,0.0,0.0,0.0,0.0,1.0,0.0,49.26007706497896
22,0,27.277951303660224,8481.372303547982,0.2868952593559554,0,0,1,0.0,0.0,0.0,0.0,0.0,0.0,0.0,1.0,55.165140103911334
1,4,15.365098678016615,2579.0010594839096,14.782790353542982,1,0,2,0.0,0.0,0.0,0.0,0.0,1.0,0.0,0.0,54.3177448115563
16,0,0.0,4591.9679918371285,5.50673651010803,0,0,2,0.0,0.0,0.0,0.0,1.0,0.0,0.0,0.0,50.30408693991647
19,4,13.951059741920183,1807.8872339176357,11.678657803999004,0,0,0,0.0,1.0,0.0,0.0,0.0,0.0,0.0,0.0,79.11843952132634
23,5,0.0,6080.6334785878325,4.884697382811798,0,0,2,0.0,0.0,0.0,0.0,0.0,0.0,0.0,1.0,17.35870250002934
11,5,0.0,2730.2809154318056,7.125251354901282,0,1,1,0.0,0.0,0.0,0.0,0.0,0.0,0.0,0.0,6.20097676937749
17,3,6.209589090003586,3538.2680241308426,5.826954639164948,1,0,2,0.0,0.0,0.0,0.0,0.0,0.0,0.0,1.0,48.19861645346976
2,3,0.0,4871.131951248223,5.138088442644115,0,0,0,0.0,1.0,0.0,0.0,0.0,0.0,0.0,0.0,53.28349983746259
0,4,0.0,559.6746813203401,0.32777065811668116,0,0,0,0.0,0.0,0.0,0.0,0.0,0.0,0.0,1.0,35.26393628354608
0,2,0.0,1191.797978432125,5.400314067817552,0,0,0,0.0,0.0,0.0,0.0,0.0,0.0,0.0,0.0,14.143680547539127
18,0,26.407553198450614,6953.51344086973,13.34234985599295,0,1,1,0.0,0.0,0.0,0.0,0.0,0.0,1.0,0.0,80.0100964108066
10,6,8.398119890757199,4461.008812959821,10.355900078905256,0,0,2,0.0,0.0,0.0,0.0,1.0,0.0,0.0,0.0,50.37352075989655
4,0,0.0,8688.465153398985,2.1813428864315973,0,0,1,0.0,0.0,0.0,0.0,0.0,0.0,0.0,1.0,36.98775875902479
11,3,3.367232159747658,7038.318435348735,8.867325069341089,0,0,0,0.0,0.0,1.0,0.0,0.0,0.0,0.0,0.0,48.0662574938375
2,6,0.0,378.57913397902774,13.383462899233074,0,0,1,0.0,0.0,0.0,1.0,0.0,0.0,0.0,0.0,23.245709783080514
0,4,0.0,6282.1096084412075,10.500510614472832,0,0,0,0.0,0.0,0.0,0.0,1.0,0.0,0.0,0.0,21.731754180047574
0,6,24.129609782915175,1209.1312007792492,2.230265885350451,1,0,1,0.0,0.0,0.0,0.0,0.0,0.0,0.0,1.0,43.56961015469803
7,0,26.977509209446943,7875.051843967794,13.01748745101745,1,0,1,0.0,0.0,0.0,0.0,1.0,0.0,0.0,0.0,73.63392981870747
9,0,18.712601531076984,9917.624576301469,4.523160199332981,1,1,2,0.0,0.0,0.0,0.0,0.0,0.0,0.0,1.0,100.0
10,2,0.0,5452.628304142661,6.811142164685126,0,0,2,1.0,0.0,0.0,0.0,0.0,0.0,0.0,0.0,73.85338568802678
11,1,5.589503295556005,6922.961151883064,7.8921413953371955,0,0,0,0.0,0.0,1.0,0.0,0.0,0.0,0.0,0.0,39.29288271735277
12,6,2.9917861156010384,2601.94736067909,12.75759906567293,1,0,2,0.0,1.0,0.0,0.0,0.0,0.0,0.0,0.0,49.76473229471031
11,3,10.8997342670703,4544.698114411797,13.974112427214916,0,0,2,0.0,0.0,1.0,0.0,0.0,0.0,0.0,0.0,53.47257091209569
13,3,0.0,8604.12472269292,13.944793166858341,0,0,1,0.0,0.0,0.0,0.0,0.0,0.0,0.0,0.0,30.05979588395359
1,1,1.3019153573568254,1924.0025931386367,0.1193127191781096,1,0,0,1.0,0.0,0.0,0.0,0.0,0.0,0.0,0.0,68.30060138070888
18,0,0.0,2875.6953744534926,13.828327283781858,1,1,1,0.0,0.0,1.0,0.0,0.0,0.0,0.0,0.0,69.9664065915614
17,2,0.0,4620.706650274493,0.815804490023585,1,0,1,0.0,0.0,1.0,0.0,0.0,0.0,0.0,0.0,80.4619366448296
2,2,0.0,7208.814250886935,3.9866048522615305,1,0,2,0.0,0.0,0.0,1.0,0.0,0.0,0.0,0.0,33.256282320228166
22,3,0.0,3946.0743615180363,7.724817820917494,0,0,2,0.0,0.0,0.0,0.0,0.0,0.0,0.0,1.0,17.439945366626425
16,2,0.0,9299.003113895138,7.198885335065911,0,0,0,0.0,0.0,0.0,0.0,0.0,0.0,0.0,0.0,5.688937235672473
7,5,12.830753641003833,1216.233397306576,9.07064690831088,1,0,2,0.0,0.0,0.0,0.0,0.0,0.0,1.0,0.0,63.89585540752143
9,1,0.0,3896.800716185021,7.1916934310550875,0,0,1,0.0,1.0,0.0,0.0,0.0,0.0,0.0,0.0,65.52875519396176
1,0,6.442053753646897,7176.854997255692,14.015635194606311,1,0,2,0.0,0.0,0.0,0.0,0.0,0.0,0.0,1.0,34.97295282671015
18,5,0.0,2492.071626916477,3.608232723218805,0,0,0,0.0,0.0,0.0,0.0,0.0,0.0,1.0,0.0,51.75847320543163
8,1,0.0,6667.207402027828,4.110370410577287,0,0,0,0.0,0.0,0.0,0.0,0.0,0.0,1.0,0.0,60.89347943841363
6,4,0.0,1892.9044948052556,13.811069035395843,1,1,1,0.0,0.0,0.0,0.0,0.0,0.0,0.0,1.0,23.79291099042491
3,6,0.0,843.0087631583579,1.1510927061788434,0,0,1,0.0,0.0,1.0,0.0,0.0,0.0,0.0,0.0,31.81391845851698
20,3,0.0,1473.852452461894,9.143412328572149,1,0,2,0.0,0.0,0.0,1.0,0.0,0.0,0.0,0.0,83.00309093338032
17,2,0.0,9320.852396401106,10.226039280984162,0,0,0,0.0,0.0,0.0,0.0,0.0,1.0,0.0,0.0,53.30531514926503
12,4,0.0,5651.983564513648,7.583125851446092,1,0,1,1.0,0.0,0.0,0.0,0.0,0.0,0.0,0.0,75.69711156172106
10,2,0.0,8024.554022152595,10.413478182347058,0,0,2,0.0,0.0,0.0,0.0,0.0,1.0,0.0,0.0,55.251329702657536
23,5,0.0,3526.7486587789967,2.591319690179505,0,0,2,0.0,1.0,0.0,0.0,0.0,0.0,0.0,0.0,32.19087654634713
3,0,0.0,6048.788884488832,12.789483491573097,0,0,2,0.0,0.0,0.0,0.0,1.0,0.0,0.0,0.0,27.050056998522052
20,0,0.0,5101.035696938418,2.1003853420482836,0,0,1,0.0,0.0,0.0,0.0,1.0,0.0,0.0,0.0,79.69953362383585
3,0,15.969307901397318,9473.658206202252,6.012186664736245,1,0,1,0.0,0.0,0.0,0.0,1.0,0.0,0.0,0.0,86.23874005451458
9,2,2.2761492367214267,7551.473969724871,1.128864019623087,0,0,2,1.0,0.0,0.0,0.0,0.0,0.0,0.0,0.0,72.16436849810786
4,4,20.946463604834182,7386.263525516817,8.178166182261002,0,0,2,0.0,0.0,0.0,0.0,0.0,0.0,0.0,1.0,30.846183802046127
8,0,0.0,749.6267135125115,10.046187111384587,0,0,1,0.0,0.0,0.0,0.0,0.0,0.0,1.0,0.0,69.49747725063081
23,4,5.670518482394916,5631.795789335803,14.118324526429358,0,0,0,0.0,0.0,0.0,0.0,0.0,1.0,0.0,0.0,35.29517126104023
2,2,14.083045864621315,4829.817102847604,11.090042938440012,0,1,2,0.0,0.0,0.0,0.0,0.0,0.0,0.0,1.0,64.58192113576389
16,5,21.6096874943568,9300.069986080087,8.116543746812267,0,0,0,0.0,0.0,1.0,0.0,0.0,0.0,0.0,0.0,47.02092533220805
2,4,0.0,2796.2172854384626,13.989255257555007,0,0,0,1.0,0.0,0.0,0.0,0.0,0.0,0.0,0.0,37.889199819188335
15,5,11.864672285507107,2917.3844969236147,7.176552570613149,1,0,1,0.0,0.0,1.0,0.0,0.0,0.0,0.0,0.0,50.48523920601825
3,2,9.670153742428308,4290.058614150554,8.41808479648304,0,0,1,0.0,1.0,0.0,0.0,0.0,0.0,0.0,0.0,53.3434911797696
17,2,0.0,2660.6862200418477,8.941477915051436,1,0,0,1.0,0.0,0.0,0.0,0.0,0.0,0.0,0.0,85.86374245673973
16,3,28.173260949307217,1553.08400274487,6.149695888298503,0,0,1,1.0,0.0,0.0,0.0,0.0,0.0,0.0,0.0,74.94739529981669
6,2,0.0,8616.924012512767,12.577240358487362,0,0,0,0.0,0.0,0.0,0.0,0.0,0.0,1.0,0.0,38.98097694041883
23,2,0.0,5715.282286717984,2.7776390826758868,0,1,0,0.0,0.0,0.0,1.0,0.0,0.0,0.0,0.0,35.42469629801622
22,1,0.0,8655.218373878697,8.32263285557412,0,0,1,0.0,0.0,0.0,0.0,1.0,0.0,0.0,0.0,34.06355051768151
4,0,26.72472394531883,8362.007224415851,10.833498842807911,0,0,1,0.0,0.0,0.0,0.0,0.0,0.0,1.0,0.0,63.755398925138536
11,3,0.0,3035.8108414598096,13.559642578148658,1,1,2,0.0,0.0,0.0,0.0,0.0,1.0,0.0,0.0,26.594554295767836
16,6,0.0,5613.053209945458,13.258775946514175,0,0,1,0.0,0.0,0.0,0.0,0.0,1.0,0.0,0.0,18.621114269365254
22,3,0.0,1107.2117165786835,7.631104341452129,1,0,2,0.0,0.0,0.0,0.0,0.0,1.0,0.0,0.0,38.18091100532779
12,3,0.0,9177.943275098356,9.647421767450124,0,0,1,0.0,0.0,0.0,0.0,0.0,1.0,0.0,0.0,20.76887332384146
22,6,0.0,4221.348336131985,5.913566041939515,0,0,1,0.0,0.0,0.0,0.0,0.0,0.0,1.0,0.0,24.212671291241463
2,1,10.893977707783867,4118.658983723508,7.022666443203004,0,0,1,0.0,0.0,0.0,0.0,0.0,0.0,0.0,0.0,27.665220243474025
8,5,25.341275012275876,3236.7270949941462,13.593986888595742,1,0,1,0.0,1.0,0.0,0.0,0.0,0.0,0.0,0.0,92.8945920455461
16,2,0.0,4768.438323693827,13.96055989788711,0,0,0,0.0,0.0,0.0,0.0,0.0,0.0,0.0,0.0,7.755547310439416
16,0,0.0,2742.066049490846,13.431210871005295,1,0,1,0.0,0.0,0.0,0.0,0.0,0.0,1.0,0.0,41.99700690472353
19,4,0.0,3936.067046129004,2.0755629272045732,0,0,0,1.0,0.0,0.0,0.0,0.0,0.0,0.0,0.0,70.05146073675019
15,6,23.2343225782795,8059.486371273354,12.751260319959544,0,0,1,0.0,0.0,0.0,0.0,0.0,1.0,0.0,0.0,47.11367963183849
21,5,0.0,8392.278384776168,14.225455965322205,0,0,1,0.0,0.0,0.0,0.0,1.0,0.0,0.0,0.0,15.390838199372336
12,6,0.0,3250.5700329966066,5.41874541860407,1,0,0,0.0,0.0,0.0,0.0,0.0,0.0,0.0,0.0,4.540449742039974
18,2,0.0,4849.439976362043,7.779694341325039,1,0,1,0.0,0.0,0.0,0.0,1.0,0.0,0.0,0.0,91.30842945807849
16,1,10.378485535896088,8776.051829916507,11.686428837194939,0,0,2,0.0,0.0,0.0,0.0,0.0,0.0,0.0,1.0,34.30379985798779
3,6,10.439059984656495,810.9313187480623,8.43117206348473,1,0,2,0.0,1.0,0.0,0.0,0.0,0.0,0.0,0.0,52.747228993269985
11,2,14.07181020663461,8924.706131359118,14.902252825593742,0,0,1,0.0,0.0,0.0,0.0,0.0,1.0,0.0,0.0,29.13612443246693
8,2,10.024092356285202,2426.0881528276173,6.835700477352425,1,0,2,0.0,0.0,1.0,0.0,0.0,0.0,0.0,0.0,90.42979926918608
18,1,0.0,6881.8306688794455,10.709140668110665,1,0,2,0.0,0.0,0.0,0.0,0.0,0.0,0.0,0.0,59.05121838437403
11,3,0.0,5950.7514549306225,11.888867102948163,1,0,2,0.0,0.0,0.0,0.0,0.0,1.0,0.0,0.0,43.11263804809198
8,3,0.0,5663.5252574357455,7.411506236376591,1,1,2,0.0,0.0,0.0,0.0,0.0,0.0,0.0,0.0,63.01194480980342
6,0,0.0,8635.794180102368,12.854757085670636,0,0,0,0.0,0.0,1.0,0.0,0.0,0.0,0.0,0.0,33.373107396192964
13,0,0.0,1285.2497933532145,8.192318868107947,0,0,0,0.0,0.0,0.0,0.0,0.0,0.0,0.0,1.0,31.278050652975043
19,3,0.0,3666.1718456586696,6.174761952024471,0,0,0,0.0,0.0,0.0,1.0,0.0,0.0,0.0,0.0,60.86573613039148
18,5,0.0,5521.051639544226,1.6173551077792054,0,0,2,0.0,0.0,0.0,0.0,0.0,1.0,0.0,0.0,47.85727019152927
14,4,22.000845441962806,8169.501883276585,5.901203645256363,0,1,2,0.0,0.0,0.0,0.0,0.0,1.0,0.0,0.0,41.93108143974407
15,2,19.124964088024896,2399.497909093214,11.009046820999263,0,1,0,0.0,1.0,0.0,0.0,0.0,0.0,0.0,0.0,63.64644906647319
20,4,19.35833265970689,8088.41946133048,13.81929617520161,0,0,2,0.0,0.0,0.0,0.0,0.0,0.0,1.0,0.0,63.4238346621887
4,2,24.801829451888462,4176.493280191176,3.7751910579046544,0,0,0,0.0,0.0,0.0,0.0,0.0,0.0,0.0,0.0,44.18330093129946
2,3,0.0,2132.4644074068456,5.32853275995754,0,0,0,0.0,0.0,1.0,0.0,0.0,0.0,0.0,0.0,33.7065635564647
11,0,15.142629706966252,7662.168472301782,2.3094149115663933,0,0,0,0.0,0.0,1.0,0.0,0.0,0.0,0.0,0.0,55.97684961585089
19,5,0.0,1181.7193443031138,10.360843413434532,1,0,2,1.0,0.0,0.0,0.0,0.0,0.0,0.0,0.0,81.57831811329731
20,0,17.60461335220691,5293.243528531796,14.40282645014888,0,0,0,0.0,0.0,0.0,0.0,1.0,0.0,0.0,0.0,63.75945685827706
3,4,0.0,919.5951034603177,9.614283297722633,1,0,1,0.0,0.0,0.0,0.0,0.0,0.0,0.0,0.0,26.386690424571217
20,0,2.1681512703405446,3757.2531950305392,9.256147950093395,0,0,0,0.0,1.0,0.0,0.0,0.0,0.0,0.0,0.0,62.397232921651444
22,3,0.0,6130.444950362009,8.30234895750651,0,0,0,0.0,0.0,0.0,0.0,0.0,0.0,0.0,1.0,36.92264038102758
15,5,0.0,5694.320752425967,1.3268361102830477,0,0,1,0.0,0.0,0.0,0.0,1.0,0.0,0.0,0.0,45.42221697259018
6,4,11.374825919398303,4225.157553675265,10.942557396440755,0,0,2,1.0,0.0,0.0,0.0,0.0,0.0,0.0,0.0,58.04028552394594
12,5,0.0,4461.765541529522,9.030743153240262,0,0,0,0.0,0.0,0.0,0.0,0.0,0.0,0.0,1.0,26.078711805578504
20,2,18.624978983225787,2499.6646675024353,9.922151532844305,0,0,1,1.0,0.0,0.0,0.0,0.0,0.0,0.0,0.0,82.78845278878359
9,0,26.729861239327946,4722.061107713798,13.482166395411323,0,0,2,0.0,0.0,0.0,0.0,0.0,1.0,0.0,0.0,74.62013468305238
6,5,14.885277783033459,9546.572100492092,11.759411805915269,0,0,1,0.0,0.0,0.0,0.0,0.0,0.0,0.0,0.0,23.266294744724544
13,1,24.741694922307605,8549.393302502767,11.71372878231789,1,0,0,0.0,0.0,0.0,1.0,0.0,0.0,0.0,0.0,75.52723250297443
4,0,12.064691455319025,1708.758830040535,13.907756533190215,0,0,1,0.0,0.0,0.0,0.0,0.0,1.0,0.0,0.0,41.83778423135219
2,2,0.0,588.873637012933,14.849024271944995,0,0,2,0.0,1.0,0.0,0.0,0.0,0.0,0.0,0.0,48.5720748900492
22,5,1.8451720937591565,9355.185833351317,8.719240979415893,0,0,0,0.0,0.0,1.0,0.0,0.0,0.0,0.0,0.0,30.930591253122376
10,4,1.5400311397103272,5409.472573843252,1.6332242404674862,0,0,1,0.0,0.0,0.0,1.0,0.0,0.0,0.0,0.0,57.282168845594335
10,2,11.404504258730098,5517.026884548285,6.886948616631546,1,0,2,0.0,1.0,0.0,0.0,0.0,0.0,0.0,0.0,100.0
17,1,0.0,7872.9645583532665,11.814017196924665,0,0,2,0.0,0.0,0.0,0.0,1.0,0.0,0.0,0.0,66.74554698674604
14,5,21.538110708677085,3352.4830465518676,0.41587987142773786,0,0,0,0.0,1.0,0.0,0.0,0.0,0.0,0.0,0.0,53.58648523699004
11,6,22.284645047545975,4974.503417709221,0.853311575342236,0,0,0,0.0,0.0,0.0,0.0,0.0,0.0,1.0,0.0,52.421616490910694
8,6,1.5256190650121948,9696.030257523355,1.00736673574232,0,0,0,0.0,0.0,0.0,0.0,0.0,1.0,0.0,0.0,40.41983786982903
9,3,0.0,6819.842263244349,10.965536374924662,0,1,0,0.0,0.0,0.0,0.0,0.0,0.0,0.0,0.0,63.010543790014665
11,0,0.0,1791.3268103591236,7.517499428447581,1,0,1,1.0,0.0,0.0,0.0,0.0,0.0,0.0,0.0,57.650704932826294
16,4,0.0,1592.299455448227,5.5334691528089035,0,0,2,0.0,0.0,1.0,0.0,0.0,0.0,0.0,0.0,39.73734234202154
5,3,4.335456717208508,2281.3681558301523,1.5842556789260398,0,0,0,0.0,0.0,0.0,1.0,0.0,0.0,0.0,0.0,52.724714954545576
6,5,4.018236582000011,7737.10324188096,10.983603753088337,0,0,0,0.0,0.0,1.0,0.0,0.0,0.0,0.0,0.0,40.03484623267965
13,6,0.0,3165.1569372539757,4.815297158263495,0,0,0,0.0,0.0,1.0,0.0,0.0,0.0,0.0,0.0,28.62846008424422
12,6,0.0,507.4718127482739,3.979861050970008,0,1,1,0.0,0.0,0.0,0.0,0.0,0.0,0.0,1.0,23.78496525890646
7,6,0.0,9458.49132600492,9.784788023303264,0,0,2,0.0,0.0,1.0,0.0,0.0,0.0,0.0,0.0,35.24690259601893
9,5,0.0,1946.2201390306334,8.385163388952627,0,0,2,0.0,0.0,1.0,0.0,0.0,0.0,0.0,0.0,47.7192476872157
8,6,10.668659977726966,392.71440563626527,5.436159627199524,0,0,0,0.0,0.0,1.0,0.0,0.0,0.0,0.0,0.0,81.87428858834886
17,2,23.73012222196222,2600.176543118233,9.622312062083822,0,0,2,1.0,0.0,0.0,0.0,0.0,0.0,0.0,0.0,100.0
1,5,0.0,2579.7792350458967,4.068322805761772,0,1,1,0.0,0.0,0.0,0.0,0.0,0.0,1.0,0.0,26.540636017114974
4,4,0.0,4393.450933203514,11.922453924064902,0,0,2,0.0,0.0,1.0,0.0,0.0,0.0,0.0,0.0,47.23445545010086
4,3,0.0,9227.781365550358,3.4397842546148087,0,0,0,0.0,0.0,0.0,1.0,0.0,0.0,0.0,0.0,41.07750825293369
5,4,11.906639346747568,8828.09370245725,2.3825654307302346,0,0,2,0.0,0.0,0.0,0.0,0.0,0.0,1.0,0.0,55.5234165623266
18,1,0.0,4731.8771833295505,11.736591142483125,0,1,1,0.0,0.0,1.0,0.0,0.0,0.0,0.0,0.0,66.30346931535604
7,6,0.0,4285.729078420523,10.618380460468998,1,0,1,0.0,0.0,0.0,1.0,0.0,0.0,0.0,0.0,22.220895779027707
15,1,0.0,5683.588138806057,2.7395846355269766,1,0,2,0.0,0.0,0.0,1.0,0.0,0.0,0.0,0.0,46.95620583517214
12,0,10.293465492510283,2661.503916126128,1.7436862903490695,1,0,2,0.0,0.0,0.0,0.0,1.0,0.0,0.0,0.0,87.91615058475652
0,0,7.257173177752735,806.1944220737196,12.575986327300381,1,0,0,0.0,0.0,0.0,0.0,0.0,1.0,0.0,0.0,27.412477482121247
21,1,11.95506086411941,9410.474120860705,11.64897723295032,1,0,0,0.0,1.0,0.0,0.0,0.0,0.0,0.0,0.0,53.49928463407421
19,5,0.0,2110.9801533085756,4.908860605494963,1,0,0,0.0,1.0,0.0,0.0,0.0,0.0,0.0,0.0,85.77675507796376
16,4,0.0,2224.487073683449,9.8729611232005,1,0,2,0.0,0.0,0.0,0.0,0.0,0.0,0.0,1.0,32.39961825006336
6,1,0.0,4882.865189883292,1.862402798217162,1,0,1,0.0,0.0,0.0,0.0,0.0,0.0,0.0,0.0,25.63336308574675
12,0,1.3171384089191174,5068.649444951207,7.605714885715172,0,0,1,0.0,0.0,0.0,0.0,0.0,0.0,1.0,0.0,43.33964955631704
3,1,0.0,478.8118340971969,0.2809543809062981,0,0,2,0.0,1.0,0.0,0.0,0.0,0.0,0.0,0.0,57.788233122246425
3,5,0.0,1735.1609661075158,5.8740282138233315,1,0,1,0.0,0.0,0.0,1.0,0.0,0.0,0.0,0.0,21.358196364864742
5,1,24.414873947785296,3968.1017400391947,1.1226423220710764,0,1,1,0.0,1.0,0.0,0.0,0.0,0.0,0.0,0.0,61.02294085012943
18,4,14.805275479817999,6932.187727052229,7.127207702353237,1,0,2,0.0,0.0,0.0,0.0,0.0,0.0,0.0,0.0,56.92897749357156
11,3,0.0,2515.6590312697776,6.325224702793415,0,0,1,0.0,0.0,0.0,1.0,0.0,0.0,0.0,0.0,21.4644051670604
21,5,0.0,4403.240128545098,6.66577539957084,0,0,2,0.0,0.0,0.0,0.0,0.0,0.0,1.0,0.0,26.39768586206838
6,0,0.0,5706.247127749728,0.6799695307199111,1,0,0,0.0,0.0,0.0,1.0,0.0,0.0,0.0,0.0,52.505267217911964
9,4,7.388122023095197,8919.347197845933,5.424245119227486,1,0,1,0.0,0.0,1.0,0.0,0.0,0.0,0.0,0.0,89.77806839513946
18,1,27.10223267588379,3462.883872573096,11.347257736498747,0,0,2,0.0,0.0,0.0,0.0,0.0,0.0,0.0,1.0,69.31383503302939
6,1,0.0,1595.51517887579,5.533715600304301,1,0,1,0.0,0.0,0.0,0.0,0.0,0.0,0.0,0.0,13.785740909643357
2,3,0.0,5045.9405912068,10.72757928914371,1,0,1,0.0,0.0,0.0,1.0,0.0,0.0,0.0,0.0,38.35784218190548
12,0,25.80743432932394,7543.199536335403,5.5421808545059985,0,0,0,0.0,0.0,0.0,0.0,0.0,0.0,0.0,0.0,41.48484930286079
12,0,20.636959364372256,1365.6396434115143,6.348591622352797,0,0,2,0.0,0.0,0.0,0.0,1.0,0.0,0.0,0.0,59.718095893127646
17,2,0.0,4419.429869460516,8.45838169243899,0,0,0,0.0,0.0,0.0,0.0,0.0,0.0,0.0,1.0,51.25786212551193
19,0,0.0,472.51587024608926,14.260229052106236,0,0,1,1.0,0.0,0.0,0.0,0.0,0.0,0.0,0.0,100.0
7,3,0.0,625.524061978336,1.6329066996998276,0,0,1,0.0,0.0,1.0,0.0,0.0,0.0,0.0,0.0,37.954736598683006
8,6,0.0,4984.647623201657,0.4937065299176052,0,0,1,0.0,0.0,0.0,0.0,0.0,0.0,1.0,0.0,42.34243902355456
6,2,2.145090729949061,3192.5137920640154,9.119357757150677,0,0,2,0.0,1.0,0.0,0.0,0.0,0.0,0.0,0.0,33.10102182782913
0,2,11.689722668643462,8497.540800352497,14.236456333926396,1,0,0,0.0,0.0,0.0,0.0,0.0,1.0,0.0,0.0,48.11071988043289
2,1,22.24809059211626,6140.896769426607,14.845846988320723,0,0,2,0.0,0.0,0.0,0.0,0.0,1.0,0.0,0.0,32.310629247974404
12,1,0.0,4703.149728907007,7.262463710880027,0,0,1,1.0,0.0,0.0,0.0,0.0,0.0,0.0,0.0,51.79336612934329
16,0,9.908825264044022,4256.973099226674,7.021224316276476,0,0,0,0.0,0.0,1.0,0.0,0.0,0.0,0.0,0.0,47.4776017522219
23,2,0.0,5123.281157838764,9.674456561177943,1,0,1,0.0,0.0,0.0,0.0,0.0,0.0,0.0,0.0,18.49093883438651
0,1,0.0,692.256662762815,8.334521358074547,1,0,0,0.0,0.0,0.0,0.0,0.0,0.0,1.0,0.0,53.91599848092573
5,3,0.0,8960.095557280401,9.511320864211772,0,0,2,0.0,0.0,0.0,0.0,0.0,0.0,0.0,1.0,27.372756349392777
20,1,0.0,9983.540610619395,13.109991383068413,1,0,2,0.0,0.0,0.0,0.0,0.0,0.0,0.0,0.0,69.40893339571977
5,5,4.747222254457881,2060.425111129377,11.19459254231414,1,0,2,0.0,0.0,0.0,0.0,0.0,1.0,0.0,0.0,34.44261116554897
11,5,0.0,1467.7147583138114,7.453160875301934,1,0,2,0.0,0.0,0.0,0.0,0.0,0.0,0.0,0.0,11.393906596890323
12,1,0.0,1692.7013954513739,6.927966885002544,1,0,2,0.0,0.0,0.0,0.0,0.0,0.0,0.0,0.0,2.099437573540713
12,2,0.0,6711.962464873362,9.594026227696741,0,0,0,0.0,0.0,0.0,0.0,0.0,0.0,0.0,1.0,32.4370974641748
14,6,0.0,6715.976132972515,6.835594266304462,0,0,0,0.0,0.0,0.0,0.0,1.0,0.0,0.0,0.0,39.27315690510552
20,6,0.0,8524.864374100585,6.8666902689845974,0,1,1,0.0,0.0,0.0,0.0,0.0,0.0,0.0,0.0,45.58909821629551
15,2,0.0,7592.715967734656,0.24458852679757226,0,0,0,0.0,0.0,0.0,0.0,0.0,1.0,0.0,0.0,11.698020335018537
21,4,0.555737302378676,4661.989831682596,2.6109620611096265,0,1,1,0.0,1.0,0.0,0.0,0.0,0.0,0.0,0.0,47.085259860843585
20,6,0.0,6244.697007183593,7.327704599936295,1,0,2,0.0,0.0,1.0,0.0,0.0,0.0,0.0,0.0,72.32199423559159
10,5,0.0,6976.361302569677,12.339801885755538,0,0,0,0.0,0.0,1.0,0.0,0.0,0.0,0.0,0.0,64.61250096122666
4,3,0.0,5273.543761766684,4.1809051009068625,1,0,0,0.0,0.0,0.0,0.0,0.0,0.0,1.0,0.0,47.77821931798156
3,2,15.031421333832547,4913.8145491808755,7.839651496967235,0,0,2,0.0,0.0,0.0,0.0,0.0,0.0,0.0,0.0,32.50966312217964
2,0,0.0,6557.445222733737,5.174431271388483,0,0,2,0.0,0.0,0.0,0.0,0.0,0.0,1.0,0.0,26.853165699519323
18,5,0.0,5707.503125063841,1.5720598430938355,0,0,2,0.0,0.0,0.0,0.0,0.0,0.0,0.0,1.0,39.063369516717785
19,3,0.0,6546.24036175833,14.374477246069508,0,0,1,0.0,0.0,0.0,0.0,0.0,1.0,0.0,0.0,58.11058977213849
17,3,0.0,6244.691307444629,12.820108053754526,1,1,1,0.0,0.0,0.0,0.0,0.0,0.0,0.0,0.0,61.51526428619188
14,2,0.0,7276.206636982451,1.1773863670035962,1,1,0,0.0,0.0,0.0,0.0,0.0,1.0,0.0,0.0,20.772105647844835
8,3,15.92251807164427,6535.194035193897,10.79680893702427,0,0,2,0.0,0.0,0.0,0.0,1.0,0.0,0.0,0.0,71.31012341951332
16,2,17.69503183319267,5341.502118441493,5.2136985653625025,1,1,0,0.0,0.0,0.0,1.0,0.0,0.0,0.0,0.0,56.84848428646853
13,6,0.0,6913.429069458549,14.92274710592689,1,0,2,0.0,0.0,0.0,1.0,0.0,0.0,0.0,0.0,26.5524374926858
14,1,8.619909996829483,4659.975062298652,4.535977797434666,0,0,2,0.0,0.0,0.0,0.0,0.0,0.0,0.0,0.0,17.716743070836813
0,5,4.856868301570753,2644.21089193423,3.581076680438999,0,0,2,0.0,0.0,0.0,0.0,1.0,0.0,0.0,0.0,32.79189420412313
20,4,0.0,313.75673529897995,8.518358224581078,0,0,2,0.0,0.0,1.0,0.0,0.0,0.0,0.0,0.0,93.20867222018147
21,1,0.0,5731.652227314679,12.526892450148061,0,1,2,0.0,0.0,0.0,0.0,0.0,0.0,0.0,0.0,8.942784482226783
21,5,0.0,6029.355698103817,2.88778307729697,1,0,1,0.0,0.0,0.0,0.0,0.0,0.0,1.0,0.0,23.88784815625604
2,2,0.0,9728.87495832443,10.64104154578997,0,1,0,0.0,0.0,0.0,0.0,0.0,0.0,1.0,0.0,34.83702833677666
15,5,28.348422624645135,3806.3398407144728,0.9210987471168253,0,1,2,0.0,0.0,1.0,0.0,0.0,0.0,0.0,0.0,33.34079435278255
22,6,5.867119413045692,4123.092455434624,13.784021146657459,0,0,1,0.0,0.0,0.0,0.0,0.0,1.0,0.0,0.0,30.97689138188047
10,2,19.25027130484488,2257.4559390192453,1.2161237422094817,1,0,1,0.0,1.0,0.0,0.0,0.0,0.0,0.0,0.0,95.75332119369025
11,1,24.517778069625685,984.1826638020225,13.713470645162438,1,0,2,0.0,0.0,0.0,0.0,0.0,0.0,1.0,0.0,56.123056619060165
9,0,0.0,7796.203580758884,7.362108741790542,0,0,2,0.0,0.0,0.0,0.0,0.0,1.0,0.0,0.0,62.39512036972454
15,0,0.0,2721.906324091453,6.7213666919387975,0,0,1,0.0,0.0,0.0,1.0,0.0,0.0,0.0,0.0,19.313026843635285
7,5,7.876506900600006,6206.377151991368,14.599606192505648,0,0,2,0.0,0.0,0.0,1.0,0.0,0.0,0.0,0.0,29.882293365182733
5,0,0.0,6971.398444791171,14.855762665473286,1,0,1,0.0,0.0,0.0,0.0,0.0,0.0,0.0,1.0,30.22611530410839
11,2,9.16332679645445,4870.995866728983,9.75267188941518,0,1,2,0.0,0.0,0.0,0.0,1.0,0.0,0.0,0.0,41.78185384397617
23,3,22.338110370101404,8800.615496363758,1.9067893778557277,1,0,1,0.0,0.0,0.0,0.0,1.0,0.0,0.0,0.0,100.0
20,2,1.4255327162133113,4604.809957503369,7.592551284828037,1,0,2,1.0,0.0,0.0,0.0,0.0,0.0,0.0,0.0,92.60315815471887
7,3,6.578858475144919,3063.6136435051217,7.937446514334937,0,0,1,0.0,0.0,0.0,1.0,0.0,0.0,0.0,0.0,17.046262618816325
3,1,0.0,8991.350572727737,7.716696422029646,0,0,0,0.0,0.0,1.0,0.0,0.0,0.0,0.0,0.0,33.00609890130157
7,4,23.4795468846863,8657.173557224578,8.542377577800146,0,0,2,0.0,1.0,0.0,0.0,0.0,0.0,0.0,0.0,56.477575306274574
17,3,13.659552301857852,1891.187486641206,0.28087070691586,0,0,2,0.0,0.0,0.0,0.0,0.0,0.0,0.0,1.0,69.78775528811097
4,0,0.0,551.8218780330333,10.668409222057536,0,0,1,0.0,0.0,0.0,0.0,0.0,1.0,0.0,0.0,40.23253870903602
8,2,11.63856505964676,1172.8598965913206,10.68591452929482,0,0,2,0.0,0.0,1.0,0.0,0.0,0.0,0.0,0.0,74.40163186352382
3,1,0.0,3079.5097659720254,1.7320466276683189,0,0,0,0.0,0.0,0.0,0.0,0.0,0.0,0.0,1.0,39.8450854728966
21,0,11.944484805687196,9730.920076894594,8.553591636687012,0,0,0,0.0,0.0,0.0,0.0,0.0,0.0,0.0,1.0,18.359831875214056
16,1,0.0,5717.606685660003,8.52541773653662,1,0,1,0.0,0.0,0.0,0.0,0.0,1.0,0.0,0.0,49.57905063607922
8,4,0.0,3920.6388006839074,10.236756302856001,0,0,1,0.0,0.0,0.0,1.0,0.0,0.0,0.0,0.0,55.09435535783549
0,6,0.0,8920.54611774364,1.2809653820262161,0,0,2,0.0,0.0,0.0,0.0,0.0,0.0,0.0,1.0,8.958633270749331
20,2,15.221822815348817,4695.422415341446,9.397549608991445,1,0,1,0.0,0.0,0.0,0.0,0.0,1.0,0.0,0.0,75.48393420663149
19,5,0.0,3357.814695489905,4.211279261195118,0,1,0,0.0,0.0,0.0,0.0,0.0,0.0,0.0,1.0,51.01471293779355
12,2,0.0,9429.829428832876,7.605044857442579,1,0,0,0.0,1.0,0.0,0.0,0.0,0.0,0.0,0.0,68.40074536419249
15,4,0.0,8540.321362068977,11.59985329056115,1,0,2,0.0,0.0,0.0,0.0,0.0,0.0,0.0,1.0,32.29623619153617
12,2,9.39076064104744,8483.583241568576,10.5846890454452,0,0,0,0.0,0.0,0.0,0.0,0.0,0.0,0.0,0.0,33.00429218507813
13,5,0.0,5269.162007587067,1.7835452651699009,0,0,1,0.0,0.0,0.0,1.0,0.0,0.0,0.0,0.0,14.062697221830046
2,3,0.0,7957.5524685099135,8.867771806741098,0,0,2,1.0,0.0,0.0,0.0,0.0,0.0,0.0,0.0,50.889374485634654
5,1,13.517474784483522,2039.7275848661532,14.536747964111079,0,0,2,0.0,0.0,0.0,0.0,0.0,0.0,0.0,0.0,38.08833102901643
17,5,0.0,5860.262688295564,2.351541560025034,0,0,2,0.0,1.0,0.0,0.0,0.0,0.0,0.0,0.0,69.0093196406136
18,0,8.941275683740677,9843.305451621192,12.793606315881224,1,0,1,0.0,0.0,0.0,0.0,0.0,1.0,0.0,0.0,61.72199018516579
4,4,0.0,3122.296776024228,10.538221208306654,0,0,2,0.0,1.0,0.0,0.0,0.0,0.0,0.0,0.0,51.468576106437716
14,3,25.06712129893681,8005.217593702449,11.610049693646395,0,0,2,0.0,0.0,0.0,0.0,0.0,0.0,0.0,1.0,43.83309956747711
1,0,0.0,5057.640549918252,4.229374907139682,1,1,0,0.0,1.0,0.0,0.0,0.0,0.0,0.0,0.0,57.50758818471551
9,0,0.0,686.1151272542471,4.318333940697637,1,0,0,0.0,0.0,0.0,0.0,1.0,0.0,0.0,0.0,100.0
23,4,11.800585162432855,7701.2881588119735,13.590291836647323,0,1,2,1.0,0.0,0.0,0.0,0.0,0.0,0.0,0.0,71.64697009402568
17,3,0.0,1935.120700603494,5.39748048138838,0,0,1,0.0,0.0,0.0,0.0,0.0,0.0,1.0,0.0,62.08143260498487
12,6,12.807159619089107,6425.293601187676,0.9452308603921572,0,0,1,0.0,0.0,0.0,1.0,0.0,0.0,0.0,0.0,25.541695923452536
4,0,0.0,1130.942682255637,9.00895055369175,1,0,1,1.0,0.0,0.0,0.0,0.0,0.0,0.0,0.0,55.30632566419573
22,0,0.0,9484.61375571086,1.87226503562764,0,0,1,0.0,0.0,0.0,0.0,0.0,1.0,0.0,0.0,36.87527853495975
23,3,0.0,3129.721705649501,11.948943621118623,1,0,0,0.0,1.0,0.0,0.0,0.0,0.0,0.0,0.0,60.9266537388382
0,2,15.959649548123455,2496.7075092707305,9.62619663751586,0,0,1,0.0,0.0,0.0,1.0,0.0,0.0,0.0,0.0,43.41228337850139
21,0,0.0,1552.6231194434429,13.120897578318123,1,0,1,0.0,0.0,0.0,0.0,0.0,0.0,0.0,1.0,26.286556579266858
0,1,0.0,9476.221275388763,11.772558746739529,0,0,2,0.0,0.0,0.0,0.0,0.0,0.0,0.0,0.0,27.6410121911926
17,3,0.0,7205.46630168066,1.6817047250729422,1,0,1,1.0,0.0,0.0,0.0,0.0,0.0,0.0,0.0,84.94879441352325
14,0,0.0,7494.11062056546,5.716060146516334,1,0,1,0.0,0.0,0.0,1.0,0.0,0.0,0.0,0.0,30.465936967307524
16,4,0.0,5144.224245388373,11.618403748718809,0,0,1,0.0,0.0,1.0,0.0,0.0,0.0,0.0,0.0,60.20866362336827
10,5,10.383217223471853,4904.859517123689,6.260122098994886,1,0,1,0.0,0.0,0.0,0.0,0.0,0.0,0.0,0.0,55.603427349647475
20,1,0.0,1367.2060570173235,14.585482271699675,1,0,0,0.0,0.0,0.0,0.0,0.0,1.0,0.0,0.0,65.21069147269402
21,5,0.0789646673876454,5730.45862716472,11.036106748401739,1,0,2,0.0,0.0,0.0,0.0,0.0,0.0,0.0,1.0,13.810215626305919
16,5,0.0,2695.0900025552673,0.23249875035481538,0,0,0,0.0,0.0,0.0,0.0,0.0,0.0,0.0,0.0,8.317854530490974
12,0,10.572981946165248,9778.309728163937,13.199785373412546,0,0,2,0.0,0.0,0.0,0.0,0.0,0.0,1.0,0.0,53.44129753934479
0,1,16.647295014762268,8026.835118146929,1.512071773028364,1,0,2,0.0,0.0,0.0,0.0,0.0,0.0,0.0,1.0,53.935760051803406
1,1,0.0,4306.022983871009,2.107855862701288,1,0,2,1.0,0.0,0.0,0.0,0.0,0.0,0.0,0.0,53.77026920302725
8,2,25.789966429994255,1768.0102093078704,11.017386009165763,0,0,2,0.0,0.0,0.0,0.0,0.0,0.0,0.0,0.0,62.35964684346395
2,5,0.0,7917.717404046205,12.974528391457204,1,0,0,0.0,0.0,0.0,0.0,1.0,0.0,0.0,0.0,23.853312967540628
0,1,6.7928881526295,1483.9215406887652,8.04524441849334,0,0,2,0.0,0.0,0.0,0.0,0.0,1.0,0.0,0.0,37.5398131879772
20,2,14.421421694530679,2136.537408921584,4.335745994186688,1,0,1,1.0,0.0,0.0,0.0,0.0,0.0,0.0,0.0,65.75453495864664
15,3,0.0,2351.749022119006,5.269733178797633,0,1,1,0.0,0.0,0.0,1.0,0.0,0.0,0.0,0.0,17.671421038993785
22,2,0.0,5701.839191249015,5.14333994394084,0,0,2,0.0,0.0,0.0,1.0,0.0,0.0,0.0,0.0,30.738402354889182
5,4,0.0,7934.4495437065525,4.900171557142683,0,0,1,0.0,0.0,0.0,0.0,0.0,1.0,0.0,0.0,9.003396020416393
16,6,0.0,3348.8543236295145,3.643645077324747,0,0,1,0.0,0.0,0.0,0.0,0.0,0.0,0.0,0.0,28.27349561033773
4,0,0.0,1121.2971984703072,9.133006419438496,0,0,2,0.0,0.0,0.0,0.0,0.0,0.0,1.0,0.0,27.906681507876073
4,3,0.0,4806.0230961868665,13.506079778476009,0,0,2,0.0,0.0,0.0,1.0,0.0,0.0,0.0,0.0,33.870341285056064
5,6,0.0,7556.669339251374,4.6062361962501175,0,0,2,0.0,1.0,0.0,0.0,0.0,0.0,0.0,0.0,45.14227142334471
2,6,21.422610680550523,2450.1392779476664,2.8004144619211813,0,0,0,0.0,0.0,0.0,0.0,0.0,0.0,0.0,1.0,34.28657344143514
20,3,0.0,2433.26811598193,12.578664995571373,1,1,2,0.0,1.0,0.0,0.0,0.0,0.0,0.0,0.0,83.95087915025147
22,4,0.0,9488.102165263095,11.12674996334555,0,0,2,0.0,0.0,0.0,0.0,0.0,1.0,0.0,0.0,25.45781841573458
4,2,28.9853407450361,9555.291153056025,13.962555473398657,0,0,0,0.0,0.0,0.0,0.0,0.0,1.0,0.0,0.0,39.45542184310278
20,0,0.0,9907.517600997291,2.4827960340736444,0,0,1,0.0,0.0,0.0,0.0,0.0,0.0,1.0,0.0,56.195086818987065
4,2,0.0,8134.298135275367,2.163769711748873,1,0,0,0.0,0.0,0.0,0.0,0.0,0.0,1.0,0.0,42.98910046975214
9,1,0.0,2125.386440929072,8.12144091457495,1,0,1,0.0,0.0,1.0,0.0,0.0,0.0,0.0,0.0,77.75093361235407
9,2,3.7698343673874826,2356.220751752835,9.21650482252643,0,0,0,0.0,0.0,0.0,0.0,0.0,0.0,0.0,0.0,40.37646344093142
18,3,4.151356876257552,3600.184842767202,7.202601627893843,1,0,2,0.0,0.0,1.0,0.0,0.0,0.0,0.0,0.0,92.19434857740491
16,0,0.0,3385.885553934861,8.984499544858132,1,0,0,0.0,0.0,0.0,0.0,1.0,0.0,0.0,0.0,47.51622518232589
20,2,14.089627708548706,9578.319166056688,2.70569653312607,0,0,2,0.0,0.0,0.0,0.0,1.0,0.0,0.0,0.0,93.81579107595047
13,0,0.0,7954.017633952428,7.19420631246125,1,0,1,0.0,0.0,0.0,0.0,1.0,0.0,0.0,0.0,75.1453066826728
8,0,22.387646830506164,7322.885283967073,9.871388414095017,0,0,2,0.0,0.0,0.0,0.0,0.0,1.0,0.0,0.0,74.81427462303391
13,1,18.138381405156647,2103.8432733638783,6.490596738730556,0,0,0,0.0,0.0,0.0,0.0,0.0,0.0,0.0,0.0,47.82180940814773
0,1,20.590998197360385,9122.397925814597,10.191710037248969,0,0,0,0.0,0.0,0.0,0.0,0.0,0.0,0.0,0.0,39.71739054821497
18,3,0.0,8330.342681209886,6.767869208307594,0,0,1,0.0,0.0,0.0,0.0,0.0,1.0,0.0,0.0,66.03013157232165
12,4,0.0,1887.3258608808599,5.003993712634159,0,0,2,0.0,0.0,1.0,0.0,0.0,0.0,0.0,0.0,18.66528187402833
12,6,0.0,8750.352220021434,4.554075706306385,0,1,1,0.0,0.0,0.0,0.0,1.0,0.0,0.0,0.0,45.35931309637449
3,0,0.280348604587326,2940.8011027935713,6.16353088482882,0,0,2,0.0,0.0,0.0,0.0,1.0,0.0,0.0,0.0,48.47361689821231
0,4,0.0,1084.4365345714286,0.3463443402330124,0,1,2,0.0,0.0,0.0,0.0,0.0,0.0,0.0,1.0,44.278840661119816
16,6,25.556639474111496,6671.176373187837,10.027877076691706,0,0,1,1.0,0.0,0.0,0.0,0.0,0.0,0.0,0.0,64.93746890882824
7,6,20.520745850762154,6641.905196028008,12.676584614703929,0,0,1,0.0,0.0,1.0,0.0,0.0,0.0,0.0,0.0,42.56766366117362
1,3,0.0,1220.8404927864954,5.319406416646778,0,0,2,0.0,0.0,1.0,0.0,0.0,0.0,0.0,0.0,46.07102034544478
7,6,20.63888520356127,3392.862546684849,0.6904970421257783,1,0,1,0.0,0.0,0.0,0.0,0.0,1.0,0.0,0.0,60.914607972337265
6,6,23.7737000741779,9930.300283878725,14.801633960783365,0,0,2,0.0,0.0,0.0,0.0,0.0,0.0,0.0,0.0,13.996363190437474
1,0,9.203828493303037,6880.7386699847475,3.955473831766004,0,0,1,0.0,0.0,0.0,1.0,0.0,0.0,0.0,0.0,46.88260622782069
21,0,1.0811213249756235,7381.729116052293,1.8993168253615949,0,1,1,0.0,0.0,1.0,0.0,0.0,0.0,0.0,0.0,39.83436887357581
21,5,27.983373740632036,2365.297670361765,5.546287619595419,0,0,1,1.0,0.0,0.0,0.0,0.0,0.0,0.0,0.0,54.723443688952926
2,4,0.0,1064.186088737969,11.07835560950335,0,1,0,0.0,0.0,0.0,1.0,0.0,0.0,0.0,0.0,35.31553082955591
17,2,3.1944528985411913,2985.9463904870954,4.408748953358486,0,0,1,0.0,0.0,0.0,0.0,0.0,0.0,0.0,1.0,55.59421147153291
11,1,0.0,2714.314336373962,8.620548058792318,1,1,0,0.0,0.0,0.0,0.0,0.0,0.0,1.0,0.0,57.192498083682906
0,2,23.054033869924016,2575.077777256115,6.233399916557133,0,0,2,0.0,0.0,0.0,0.0,0.0,0.0,0.0,1.0,40.33180204042319
21,4,6.649419438526775,2169.716922304284,1.7664598841492773,0,0,2,0.0,0.0,0.0,0.0,0.0,1.0,0.0,0.0,40.65300721800759
11,1,0.0,5875.130199357422,4.954305187381653,0,0,1,0.0,0.0,0.0,0.0,0.0,1.0,0.0,0.0,29.916061201048105
4,2,7.281449603957495,3482.603715665671,10.873057585710999,1,1,0,1.0,0.0,0.0,0.0,0.0,0.0,0.0,0.0,51.21283159710612
16,5,0.0,8257.346645961046,9.180058459971685,1,0,2,0.0,1.0,0.0,0.0,0.0,0.0,0.0,0.0,40.27834445343965
15,1,0.0,2084.2899531196244,1.7966756982534149,0,0,0,0.0,0.0,0.0,0.0,0.0,0.0,1.0,0.0,29.68249141567539
14,0,0.0,4806.882587424881,2.4498361457146283,0,0,0,1.0,0.0,0.0,0.0,0.0,0.0,0.0,0.0,41.89218949305966
22,2,27.75793924970893,432.48101333297586,9.611000389611682,1,0,2,0.0,0.0,0.0,0.0,0.0,1.0,0.0,0.0,69.4892738339259
14,1,4.406897066333377,4972.318527815363,12.201231214813033,0,0,0,0.0,0.0,0.0,0.0,1.0,0.0,0.0,0.0,28.442091978593112
4,5,29.125625936031007,841.6307425018016,5.242117439372539,0,0,0,0.0,0.0,1.0,0.0,0.0,0.0,0.0,0.0,61.219902253935864
20,6,0.0,9783.918065164644,8.929661277651753,0,0,2,0.0,0.0,1.0,0.0,0.0,0.0,0.0,0.0,55.18862649670336
13,1,26.537159611747878,7968.743647909005,2.559653831281579,0,0,1,0.0,1.0,0.0,0.0,0.0,0.0,0.0,0.0,53.76125503527208
1,1,6.436695639900067,5054.081323373617,4.670645053579857,1,0,1,0.0,0.0,0.0,0.0,1.0,0.0,0.0,0.0,92.81631835589157
10,5,0.0,1139.8973743396975,0.304053085095789,1,0,0,0.0,1.0,0.0,0.0,0.0,0.0,0.0,0.0,75.69705049448163
18,6,0.0,6046.720775667019,11.524139216992838,1,1,1,0.0,0.0,0.0,0.0,0.0,0.0,0.0,1.0,68.69678568628267
6,2,0.0,7660.008381808212,6.015147296594502,0,0,2,0.0,0.0,1.0,0.0,0.0,0.0,0.0,0.0,46.98820379482497
5,3,5.412714662441113,2149.9573541460295,12.241883604809308,0,0,2,0.0,0.0,1.0,0.0,0.0,0.0,0.0,0.0,44.15733255080556
1,2,22.980776985578892,5811.620905638661,10.625594940340894,0,0,2,1.0,0.0,0.0,0.0,0.0,0.0,0.0,0.0,64.09339366027896
5,6,10.16403509781339,8197.845714313818,12.431163985927153,1,1,0,1.0,0.0,0.0,0.0,0.0,0.0,0.0,0.0,61.08457514470712
17,4,0.0,7752.003443169268,4.284880043743241,1,0,2,0.0,0.0,0.0,0.0,0.0,1.0,0.0,0.0,71.9801148131715
1,5,12.641308236415648,8089.022573311383,2.7766309564176788,0,0,0,0.0,0.0,0.0,1.0,0.0,0.0,0.0,0.0,48.16446189287885
17,2,0.0,8829.437221236281,14.578585239775059,0,1,0,0.0,1.0,0.0,0.0,0.0,0.0,0.0,0.0,76.4881557266028
14,1,0.0,9395.516390946861,10.759916805613043,0,0,2,0.0,0.0,0.0,0.0,1.0,0.0,0.0,0.0,32.11050699287112
18,5,16.125693006091456,4233.555205474298,12.510634018900056,1,0,2,0.0,0.0,0.0,0.0,1.0,0.0,0.0,0.0,73.88899639728982
1,0,0.0,5817.060294471909,0.1970006056490059,0,0,0,0.0,0.0,0.0,0.0,0.0,0.0,0.0,0.0,14.96660152505353
19,6,11.97327898672278,7969.397402642425,5.316924304438299,0,0,2,0.0,1.0,0.0,0.0,0.0,0.0,0.0,0.0,80.55948161661725
5,2,0.0,7062.256195274097,11.142250358659975,0,0,1,0.0,0.0,0.0,1.0,0.0,0.0,0.0,0.0,30.261858012367963
0,5,10.957326048461155,9956.546214164475,1.16974249484975,0,0,0,0.0,0.0,0.0,0.0,0.0,1.0,0.0,0.0,19.745838774908798
23,2,0.0,432.6732157150482,8.510098943534034,1,0,0,0.0,0.0,1.0,0.0,0.0,0.0,0.0,0.0,49.886036468231055
14,5,0.0,3744.7921885631695,6.436091511825048,1,0,2,0.0,0.0,0.0,0.0,0.0,0.0,1.0,0.0,17.146037211319225
22,1,0.0,3025.970884820964,0.26424760711660944,1,1,2,0.0,1.0,0.0,0.0,0.0,0.0,0.0,0.0,61.908995582986
9,0,0.0,2844.4637466056856,3.5396336567917706,1,0,0,0.0,0.0,0.0,0.0,1.0,0.0,0.0,0.0,100.0
18,0,23.051997868463395,2458.538890239192,4.271879836000713,0,0,0,0.0,0.0,0.0,0.0,1.0,0.0,0.0,0.0,100.0
16,4,0.0,7178.501255907722,1.6778991951948368,0,0,0,0.0,0.0,0.0,0.0,0.0,0.0,0.0,1.0,29.6091542196881
4,5,6.334741122957809,1122.166890770622,9.473053646139906,0,0,2,0.0,0.0,1.0,0.0,0.0,0.0,0.0,0.0,40.1581291428825
3,2,15.063949227585972,7493.605689250382,3.635968143778335,1,0,0,0.0,0.0,0.0,0.0,0.0,1.0,0.0,0.0,69.56390335032174
9,0,0.0,7026.230667557852,4.164292494290826,0,0,1,0.0,0.0,0.0,0.0,0.0,0.0,0.0,0.0,37.249664526357144
23,6,0.0,2732.800085258695,13.47357897300221,0,1,1,0.0,0.0,0.0,0.0,0.0,0.0,0.0,0.0,0.0
16,0,15.522038694748984,2752.487696702064,7.006846390397092,0,0,2,1.0,0.0,0.0,0.0,0.0,0.0,0.0,0.0,66.84075014437677
9,3,0.44883594768902135,6399.947677841671,5.8819222045390855,0,0,0,0.0,0.0,1.0,0.0,0.0,0.0,0.0,0.0,63.40657107696947
16,3,7.936388586781251,7693.059723191675,10.858065574720758,1,0,0,0.0,0.0,0.0,0.0,1.0,0.0,0.0,0.0,65.7294970092337
19,0,0.0,8801.910446947446,13.644206953243682,1,0,1,0.0,0.0,1.0,0.0,0.0,0.0,0.0,0.0,89.7577303590013
23,5,17.19447743943737,8565.753769388415,0.3755450435616575,0,0,0,0.0,0.0,0.0,0.0,1.0,0.0,0.0,0.0,68.84659835899305
4,4,0.0,9659.365043389376,6.723582698330947,0,0,2,1.0,0.0,0.0,0.0,0.0,0.0,0.0,0.0,62.132174578942426
1,0,19.360368697518236,5939.4334847641585,9.16172034116921,1,0,2,0.0,0.0,0.0,0.0,0.0,0.0,0.0,1.0,39.86838702079204
5,1,12.442074075899813,9113.958945001488,4.778446471889844,1,0,2,0.0,1.0,0.0,0.0,0.0,0.0,0.0,0.0,74.55916905061392
20,2,0.0,8142.578750625985,11.586115831848625,0,0,0,0.0,0.0,0.0,0.0,0.0,1.0,0.0,0.0,48.81998882466289
1,4,0.0,8978.275955845931,14.572156054054108,0,0,0,0.0,0.0,0.0,0.0,0.0,0.0,0.0,0.0,33.35147404905405
12,1,0.0,412.7780324680563,14.151410493754248,0,0,1,0.0,0.0,0.0,0.0,0.0,0.0,1.0,0.0,50.32941736496067
10,4,0.0,9669.259021098367,3.989738090699128,0,0,1,0.0,0.0,1.0,0.0,0.0,0.0,0.0,0.0,69.05501262500032
10,1,20.27434907228199,4893.24257961084,3.39507417656229,1,0,2,0.0,0.0,0.0,1.0,0.0,0.0,0.0,0.0,79.87612618889277
15,2,0.0,8042.374998875976,14.362357965318315,0,0,0,0.0,0.0,0.0,0.0,0.0,1.0,0.0,0.0,25.749001546952407
10,2,0.0,1533.8799575764745,6.879427311471988,0,0,0,0.0,1.0,0.0,0.0,0.0,0.0,0.0,0.0,73.24228192184734
18,3,0.0,4140.628629395549,3.1244658462703763,0,1,2,0.0,0.0,0.0,0.0,0.0,0.0,0.0,1.0,78.98611384009025
14,5,18.756346015725452,2933.168431303612,10.604954454456273,0,0,2,0.0,0.0,0.0,0.0,0.0,0.0,0.0,1.0,42.66414903971298
22,1,29.591465148866767,3129.090073859089,4.2663048585568735,0,0,1,0.0,0.0,0.0,0.0,0.0,0.0,1.0,0.0,57.86784083128927
22,3,0.0,1495.579513523553,4.008704626065785,0,1,1,0.0,0.0,0.0,0.0,0.0,0.0,0.0,0.0,16.629582588919394
15,1,0.0,8115.909175667168,13.188735646166771,0,0,2,1.0,0.0,0.0,0.0,0.0,0.0,0.0,0.0,54.58327313354607
10,3,24.84820694447965,389.6504514364581,2.4371873006535516,0,1,0,1.0,0.0,0.0,0.0,0.0,0.0,0.0,0.0,100.0
21,2,7.555600870371269,3331.302932756464,0.9658941969935458,0,0,1,0.0,1.0,0.0,0.0,0.0,0.0,0.0,0.0,52.73887429982896
15,4,0.0,1991.7822691992258,4.037796602575309,0,0,2,1.0,0.0,0.0,0.0,0.0,0.0,0.0,0.0,46.901752089134156
7,6,0.0,6013.6777239009025,9.104181192573057,0,1,0,0.0,0.0,0.0,0.0,0.0,0.0,0.0,0.0,15.433018669361786
3,3,0.0,2766.2483053610754,1.8463178010490582,0,0,2,0.0,0.0,0.0,1.0,0.0,0.0,0.0,0.0,28.08254710134588
7,1,0.0,2812.2850089225667,7.073920084151906,0,0,0,0.0,0.0,0.0,0.0,1.0,0.0,0.0,0.0,38.29533587651768
3,1,0.0,5036.879996754592,9.410056656379798,0,0,1,0.0,0.0,0.0,0.0,0.0,1.0,0.0,0.0,29.550865685706974
23,6,10.932295979862097,6631.08368160698,12.731054888897608,1,0,0,0.0,0.0,0.0,0.0,0.0,1.0,0.0,0.0,40.89439385960728
2,5,0.0,1476.6556342820872,3.4480438680338157,1,0,0,1.0,0.0,0.0,0.0,0.0,0.0,0.0,0.0,45.86368432639021
2,2,19.09118117128772,2002.4610889153128,12.260194850741842,0,0,2,0.0,0.0,0.0,0.0,0.0,1.0,0.0,0.0,44.97523408604125
17,1,0.0,2697.5950225668207,3.523593916968579,1,0,0,1.0,0.0,0.0,0.0,0.0,0.0,0.0,0.0,91.3771954663949
18,0,20.35551208453243,9745.357676944217,10.151498118594608,0,0,1,1.0,0.0,0.0,0.0,0.0,0.0,0.0,0.0,88.22989740067351
18,4,5.952303035806882,4152.379249446327,6.460103572236827,0,0,2,0.0,0.0,0.0,0.0,1.0,0.0,0.0,0.0,84.9313347455925
20,3,0.0,6110.203879120957,1.7202186356800526,0,0,2,0.0,0.0,0.0,0.0,1.0,0.0,0.0,0.0,95.1560380089884
4,5,0.0,2642.9652833449854,10.71395194232773,0,0,2,0.0,0.0,0.0,0.0,0.0,0.0,1.0,0.0,22.577542097414238
17,6,14.271122345671687,5057.457394027633,3.266439278235267,0,0,2,0.0,0.0,0.0,1.0,0.0,0.0,0.0,0.0,50.036041507333984
9,4,0.0,1018.9559915437931,2.649351390368872,0,0,2,0.0,0.0,0.0,1.0,0.0,0.0,0.0,0.0,51.28806621183285
21,2,0.0,636.9988154465714,5.374843928840748,1,0,2,0.0,0.0,0.0,0.0,0.0,0.0,0.0,0.0,36.99191557689655
20,5,0.0,4846.715210168164,9.799353671392252,0,0,2,0.0,0.0,1.0,0.0,0.0,0.0,0.0,0.0,54.311992559739416
5,3,12.280347626471778,4166.995088928597,3.509947181859417,0,0,1,0.0,0.0,0.0,0.0,0.0,0.0,0.0,0.0,19.59383652475567
0,3,0.0,1627.7391010107285,2.754923081728286,0,0,1,0.0,0.0,0.0,1.0,0.0,0.0,0.0,0.0,28.75348288308101
4,6,4.877012059904358,6969.733860531117,0.149304385700465,0,1,2,0.0,0.0,0.0,0.0,0.0,0.0,1.0,0.0,32.15808598698481
8,0,0.0,9931.163861722865,7.074646456525854,1,0,0,0.0,0.0,0.0,0.0,0.0,0.0,0.0,0.0,63.452527765706385
11,6,3.5655773542871163,4137.774165608111,6.4296835397277405,1,0,2,0.0,1.0,0.0,0.0,0.0,0.0,0.0,0.0,62.28929905764569
13,2,0.0,6358.218768398727,3.5080161545606443,1,0,2,0.0,0.0,0.0,0.0,0.0,0.0,0.0,0.0,19.698344266301977
1,5,26.700567034462942,9640.866640935512,0.8047824601453613,0,0,2,0.0,0.0,0.0,0.0,1.0,0.0,0.0,0.0,62.86647399724843
16,5,0.0,8365.889232734691,6.438838118937554,0,0,0,0.0,0.0,0.0,0.0,0.0,0.0,0.0,0.0,7.995677922445125
13,1,21.890988823401628,4796.456566036052,11.823076666074469,0,0,1,0.0,1.0,0.0,0.0,0.0,0.0,0.0,0.0,54.948343579315186
12,0,24.33046124796208,7453.647999261218,10.729231969907655,0,0,0,0.0,0.0,0.0,1.0,0.0,0.0,0.0,0.0,58.86239414699944
8,0,0.0,1542.9098904300831,12.911923347902555,0,0,0,0.0,0.0,0.0,1.0,0.0,0.0,0.0,0.0,64.44572039867623
14,5,0.0,5267.4073979988525,0.14374031569733436,1,0,0,1.0,0.0,0.0,0.0,0.0,0.0,0.0,0.0,51.1382566919647
21,5,0.0,3006.8846886453844,14.496289752068977,0,1,0,0.0,1.0,0.0,0.0,0.0,0.0,0.0,0.0,28.337173975669764
14,4,0.0,1863.2877725927626,5.121183789411726,0,0,2,0.0,0.0,0.0,0.0,0.0,0.0,0.0,1.0,31.597582300757743
23,4,3.4619957484248465,4434.924790668988,14.85596694137947,1,0,1,0.0,0.0,0.0,0.0,0.0,0.0,0.0,0.0,38.35515098339362
10,4,0.0,1570.8411780060599,3.7892919090266197,1,0,0,0.0,0.0,0.0,0.0,0.0,0.0,0.0,0.0,43.19191035880787
15,0,0.0,7080.15554929251,7.073045813673672,0,0,1,1.0,0.0,0.0,0.0,0.0,0.0,0.0,0.0,39.560345747726835
16,1,11.02974138177325,4725.528427317355,5.308915148629555,0,0,2,0.0,0.0,0.0,0.0,0.0,0.0,1.0,0.0,39.53612454833227
3,3,0.0,5452.102935877239,5.336410724914539,0,1,2,0.0,0.0,0.0,0.0,1.0,0.0,0.0,0.0,42.55895370035586
0,4,0.0,1719.846605081123,12.634231481223237,0,0,1,0.0,0.0,1.0,0.0,0.0,0.0,0.0,0.0,50.12850033535387
7,1,0.0,1655.7851126068965,11.196284096060081,0,0,2,0.0,0.0,0.0,0.0,0.0,1.0,0.0,0.0,29.597314919508342
16,6,29.186831681630846,5959.129722023204,14.882271528450723,0,0,1,0.0,0.0,0.0,0.0,1.0,0.0,0.0,0.0,33.6716175202393
2,2,1.6720657950420637,9854.59455394563,9.202720240762687,0,0,0,0.0,0.0,0.0,0.0,0.0,0.0,0.0,1.0,29.680597885143627
19,4,17.21884552504889,1233.6306574059386,6.94884906591754,0,0,2,0.0,0.0,0.0,0.0,1.0,0.0,0.0,0.0,73.20011237210568
14,6,0.0,3071.5948570880782,1.3511079442033669,1,0,2,1.0,0.0,0.0,0.0,0.0,0.0,0.0,0.0,45.59330699561679
14,3,14.441481352452826,8733.75343041751,14.948421292707852,1,0,1,0.0,1.0,0.0,0.0,0.0,0.0,0.0,0.0,67.74095486759231
23,2,0.0,1001.0385188757983,8.272959793984244,0,0,2,0.0,0.0,0.0,0.0,0.0,0.0,0.0,1.0,28.020695371001633
21,2,0.0,8796.091497259427,10.507162045352127,1,0,0,0.0,0.0,0.0,0.0,0.0,1.0,0.0,0.0,22.231144992280562
13,3,0.0,5385.574038735086,6.101135807869671,0,1,2,0.0,0.0,0.0,0.0,1.0,0.0,0.0,0.0,38.97361449356598
22,4,0.0,4260.18770708633,8.215735622688538,0,1,2,0.0,0.0,0.0,1.0,0.0,0.0,0.0,0.0,30.092077676483044
13,0,0.0,3303.9014742091217,14.138665978393307,0,0,2,0.0,1.0,0.0,0.0,0.0,0.0,0.0,0.0,41.48304745820648
23,3,0.0,3182.0364338400664,2.496291568974041,0,0,1,0.0,0.0,1.0,0.0,0.0,0.0,0.0,0.0,28.782619851053013
1,3,0.0,3266.2850497599443,4.385588764953819,0,1,0,0.0,0.0,0.0,0.0,0.0,0.0,0.0,0.0,14.22015829352798
12,3,0.0,8882.589885313899,2.280895916670485,1,0,0,0.0,0.0,0.0,1.0,0.0,0.0,0.0,0.0,40.632301362444245
13,2,20.78915381321002,7320.813732695419,11.883238557071621,0,0,2,0.0,0.0,0.0,0.0,0.0,1.0,0.0,0.0,57.67888299119849
23,1,0.0,6796.31317596216,0.9306789063274434,1,0,2,1.0,0.0,0.0,0.0,0.0,0.0,0.0,0.0,56.93146031511587
18,6,12.834703699147498,8047.866744834408,1.2244747477700746,0,0,1,0.0,0.0,0.0,0.0,0.0,0.0,1.0,0.0,59.74369638396207
6,0,0.0,2794.0122311402065,4.477411691810531,0,0,0,0.0,0.0,0.0,0.0,1.0,0.0,0.0,0.0,40.228959915256816
2,4,27.323937331466034,6295.015277193031,7.712822713815169,0,0,2,0.0,1.0,0.0,0.0,0.0,0.0,0.0,0.0,66.84568805821317
14,4,0.0,4762.6425178921245,6.094122008393798,0,1,0,1.0,0.0,0.0,0.0,0.0,0.0,0.0,0.0,55.56054262970501
22,6,0.0,7889.683861441876,0.672244660062109,0,0,2,0.0,0.0,0.0,0.0,0.0,0.0,1.0,0.0,17.67033780075713
13,1,0.0,3299.784271590869,14.362373368064272,0,0,2,0.0,0.0,1.0,0.0,0.0,0.0,0.0,0.0,32.85014060040448
10,3,7.900908569942377,6538.832583637989,14.293042805371256,0,1,1,0.0,0.0,0.0,0.0,0.0,1.0,0.0,0.0,57.355974243254195
14,0,6.295940318373635,8857.46039462794,4.190344848611398,0,0,0,0.0,0.0,0.0,0.0,0.0,1.0,0.0,0.0,23.836048379759163
12,4,0.0,4200.859619090808,10.972884229028722,0,0,0,0.0,0.0,0.0,0.0,0.0,0.0,0.0,1.0,28.04180503943007
17,6,0.0,946.234247464376,8.678631170748357,0,0,2,0.0,0.0,0.0,0.0,0.0,0.0,1.0,0.0,57.14730812199556
5,5,1.7450327616277417,5305.69297671539,3.562150425084361,0,0,2,0.0,0.0,0.0,0.0,0.0,0.0,1.0,0.0,14.935447619649766
2,6,11.167358855582142,3655.9331317281517,3.9325732761242316,1,0,1,0.0,0.0,0.0,0.0,0.0,1.0,0.0,0.0,43.17810168767243
18,4,0.0,6820.586191307597,7.367297614656757,1,0,2,0.0,0.0,0.0,1.0,0.0,0.0,0.0,0.0,74.46456903098705
14,3,0.0,9525.01937006148,6.288554122460402,0,0,0,0.0,0.0,0.0,0.0,0.0,0.0,0.0,1.0,2.273259705101072
22,5,0.0,5010.400684569416,4.368439923468964,0,0,1,0.0,0.0,0.0,0.0,0.0,1.0,0.0,0.0,11.170194928871531
4,1,16.972546926737472,4822.045232508678,12.112673944577233,0,0,0,0.0,1.0,0.0,0.0,0.0,0.0,0.0,0.0,53.725503731475875
9,0,0.0,6649.472561857165,7.221943764560773,1,0,1,0.0,0.0,0.0,0.0,1.0,0.0,0.0,0.0,100.0
6,1,28.084390062963386,1303.9257848576067,9.822720935836918,0,0,0,0.0,1.0,0.0,0.0,0.0,0.0,0.0,0.0,68.50388337884442
16,1,0.0,2759.010032572642,2.839102502518132,0,0,2,0.0,0.0,0.0,0.0,1.0,0.0,0.0,0.0,45.02967583025578
6,6,0.0,9214.099457353866,8.002614937747301,0,0,0,0.0,0.0,0.0,0.0,0.0,0.0,1.0,0.0,37.99667983504684
21,0,0.0,6798.443349628533,4.769640741699322,0,0,0,0.0,0.0,0.0,0.0,0.0,0.0,0.0,1.0,19.39943798710999
11,0,24.116541262057602,430.40722663913766,7.896204155923173,1,0,1,1.0,0.0,0.0,0.0,0.0,0.0,0.0,0.0,88.80373437523411
16,4,5.521231044643402,2284.8670838224925,11.712387501163922,1,0,0,0.0,0.0,0.0,0.0,1.0,0.0,0.0,0.0,46.676501139967364
12,4,0.0,6923.521480480321,11.533698151368926,0,0,2,0.0,1.0,0.0,0.0,0.0,0.0,0.0,0.0,43.571421305680154
19,0,21.511438161213142,7714.672264856969,5.313310170514139,1,1,1,0.0,0.0,0.0,0.0,0.0,1.0,0.0,0.0,95.33099261506501
3,5,0.0,8446.637854938206,10.414156756194586,0,0,1,0.0,0.0,1.0,0.0,0.0,0.0,0.0,0.0,22.789640860637675
9,2,0.0,3134.1149928058353,14.119349255914155,1,0,0,0.0,0.0,0.0,1.0,0.0,0.0,0.0,0.0,86.00084665941318
2,4,0.0,9330.977383892357,9.385039948873596,1,0,1,0.0,0.0,0.0,0.0,1.0,0.0,0.0,0.0,61.92012658875339
8,2,0.0,5663.5848677055565,2.2261518507395572,0,0,2,0.0,0.0,0.0,0.0,0.0,0.0,1.0,0.0,59.748344282549176
12,6,0.0,7056.428517162561,10.195629439186428,1,1,0,1.0,0.0,0.0,0.0,0.0,0.0,0.0,0.0,51.09224332219022
17,5,21.532816344486925,6088.366968965107,1.5735657952396698,0,0,2,0.0,0.0,1.0,0.0,0.0,0.0,0.0,0.0,79.47499406580204
14,0,0.0,1490.5785303438183,13.081656131895407,0,1,0,0.0,0.0,1.0,0.0,0.0,0.0,0.0,0.0,42.1838829371405
3,5,24.927674724655517,9642.212196033335,7.749907437029105,0,0,0,0.0,0.0,0.0,0.0,1.0,0.0,0.0,0.0,57.64991403787657
14,4,0.0,1491.8931249732807,5.777111044673693,0,0,1,0.0,0.0,1.0,0.0,0.0,0.0,0.0,0.0,31.1994992940704
21,1,0.6933200540337658,2772.354977188481,0.8550989197453857,0,0,1,0.0,0.0,0.0,1.0,0.0,0.0,0.0,0.0,27.016941755025613
1,6,0.0,8192.190438162907,5.711756018881645,0,0,1,0.0,0.0,0.0,1.0,0.0,0.0,0.0,0.0,11.209281587648777
14,0,0.0,6300.390526560684,13.548100018736841,1,0,0,0.0,0.0,0.0,0.0,0.0,0.0,1.0,0.0,47.259803825311856
7,3,0.0,8430.046904150662,0.3147449442945477,0,0,1,0.0,0.0,1.0,0.0,0.0,0.0,0.0,0.0,49.77466564875972
7,6,0.0,5302.6410272282355,7.119722366727074,0,0,2,0.0,0.0,0.0,0.0,1.0,0.0,0.0,0.0,28.536771508301037
16,2,11.744391910020472,3956.834383056358,13.967371366659334,0,0,1,0.0,0.0,0.0,0.0,0.0,1.0,0.0,0.0,41.647857597711244
11,5,0.0,9241.901345613514,5.922614996475316,0,0,2,0.0,0.0,0.0,0.0,0.0,0.0,1.0,0.0,13.04366753070904
18,0,0.007226235535994219,651.6474798935101,6.422635311932256,0,0,1,0.0,0.0,0.0,0.0,0.0,0.0,0.0,1.0,57.145241086966124
9,6,0.0,8604.463137424545,8.678400827986799,0,0,0,0.0,0.0,0.0,0.0,0.0,0.0,1.0,0.0,36.614721826893586
8,5,0.0,2538.9325163214817,6.944060003657752,1,0,1,0.0,0.0,1.0,0.0,0.0,0.0,0.0,0.0,66.58206120787652
4,0,0.0,8532.742379213487,2.5290253685632864,0,0,2,0.0,0.0,1.0,0.0,0.0,0.0,0.0,0.0,24.613043751048085
5,4,27.245687870895086,1650.2071501437904,0.2783330860479061,0,0,2,0.0,0.0,0.0,1.0,0.0,0.0,0.0,0.0,63.55583027022149
19,6,2.9085637079696323,5928.123947798243,9.147174869680525,1,0,1,0.0,1.0,0.0,0.0,0.0,0.0,0.0,0.0,74.30602757191835
1,4,0.0,8914.646814411279,13.812098805117182,0,0,2,1.0,0.0,0.0,0.0,0.0,0.0,0.0,0.0,49.28132827741682
23,6,0.0,4893.334574919238,1.5954619954074845,0,1,0,1.0,0.0,0.0,0.0,0.0,0.0,0.0,0.0,55.2666945363693
12,4,0.0,7541.696735892911,3.164290788791301,0,1,1,0.0,0.0,0.0,0.0,0.0,0.0,0.0,1.0,40.528490754598266
5,5,3.6755742761128154,8105.314693198917,5.553442287374603,1,0,2,0.0,0.0,0.0,0.0,0.0,0.0,1.0,0.0,18.07730207955163
4,3,6.360835515066868,7443.993824552758,12.131133435316796,1,0,1,0.0,0.0,0.0,0.0,1.0,0.0,0.0,0.0,53.15101901614889
0,6,0.0,9275.698447683604,4.038904747064664,1,1,1,0.0,0.0,0.0,0.0,0.0,0.0,0.0,1.0,54.67367447114671
20,6,0.0,4634.292036043308,13.230816064181527,0,0,1,0.0,0.0,0.0,1.0,0.0,0.0,0.0,0.0,37.83798512424931
21,4,0.0,1979.316759902011,0.8243681197509961,0,0,1,0.0,0.0,0.0,0.0,0.0,0.0,0.0,0.0,16.47560553686158
20,0,26.097178016709627,763.7673179140538,14.114349318884024,1,1,1,0.0,0.0,0.0,0.0,0.0,0.0,1.0,0.0,100.0
5,6,0.0,2690.6607354837993,8.411206168106473,0,0,0,0.0,1.0,0.0,0.0,0.0,0.0,0.0,0.0,28.831924370690604
5,4,18.422722139271052,1689.0157876383485,9.881665177315568,0,0,1,0.0,0.0,0.0,0.0,0.0,0.0,0.0,1.0,38.97482209611816
22,1,0.0,5712.102791914461,5.515342838045297,1,0,0,0.0,0.0,0.0,0.0,0.0,0.0,0.0,0.0,36.96435860763355
15,4,2.75551011687603,2093.9697709538004,11.729914282665904,0,0,1,0.0,1.0,0.0,0.0,0.0,0.0,0.0,0.0,42.61431786648428
3,5,13.350560511760657,677.6569607069005,2.498493751266091,0,0,2,0.0,0.0,0.0,0.0,0.0,0.0,0.0,0.0,20.738882472011756
10,3,29.985155691255496,649.1013400260783,0.7336773791773055,1,0,1,0.0,0.0,0.0,0.0,0.0,0.0,0.0,0.0,68.72867491820149
23,1,25.056878725380443,8366.224134139156,5.932754146613357,0,0,1,0.0,0.0,0.0,0.0,1.0,0.0,0.0,0.0,55.35592683935093
22,5,26.80377162501348,6037.064334997341,12.805435709715592,0,1,2,0.0,0.0,1.0,0.0,0.0,0.0,0.0,0.0,42.932713534375516
8,5,0.0,3773.4274283657683,11.32390254956542,1,0,0,0.0,0.0,1.0,0.0,0.0,0.0,0.0,0.0,62.51397304580091
22,5,0.0,8974.012014580396,7.75733955733437,1,0,0,0.0,0.0,0.0,1.0,0.0,0.0,0.0,0.0,45.42994156856661
2,0,0.0,980.9071306548219,8.582066207480302,0,0,0,0.0,1.0,0.0,0.0,0.0,0.0,0.0,0.0,45.02482361050503
18,5,0.09364954069228881,9809.12410545991,1.9483923944813313,0,0,0,1.0,0.0,0.0,0.0,0.0,0.0,0.0,0.0,55.2225367496024
7,0,0.0,6278.030365468272,12.610222629263733,1,0,2,0.0,0.0,0.0,0.0,0.0,0.0,1.0,0.0,55.06039386995844
4,5,3.258222070394777,2079.60326349783,11.804395244462954,0,0,0,0.0,0.0,0.0,0.0,0.0,1.0,0.0,0.0,13.79036420223613
3,2,14.18380035904749,6886.970260076595,9.84705590830414,0,0,0,0.0,0.0,1.0,0.0,0.0,0.0,0.0,0.0,65.77627878206606
23,1,0.0,7704.798219900557,6.992865544934077,0,0,0,1.0,0.0,0.0,0.0,0.0,0.0,0.0,0.0,51.210194510584756
5,2,0.0,4464.624998696512,14.466889024192687,1,0,0,0.0,0.0,0.0,0.0,0.0,0.0,0.0,1.0,40.035525967774674
1,5,0.0,8657.836280581809,13.185479578147067,1,0,0,0.0,0.0,0.0,0.0,0.0,0.0,1.0,0.0,35.08682502134642
19,1,0.0,1762.104350775762,9.666457402719278,0,0,1,0.0,0.0,1.0,0.0,0.0,0.0,0.0,0.0,77.04599105957354
10,1,0.0,3004.7245607028008,5.577014965759319,1,0,1,0.0,0.0,0.0,1.0,0.0,0.0,0.0,0.0,65.58368544433597
3,6,0.0,1206.8759073647007,9.270334180222687,1,1,0,0.0,0.0,0.0,0.0,1.0,0.0,0.0,0.0,45.775868114122474
14,3,19.84014341508638,2345.515053891316,8.63161389795998,0,0,2,0.0,0.0,1.0,0.0,0.0,0.0,0.0,0.0,58.30983274607136
5,2,8.680572306667386,2615.669475538107,5.913629817523746,0,0,2,1.0,0.0,0.0,0.0,0.0,0.0,0.0,0.0,54.7421402489874
21,3,0.0,9201.041951940588,4.600109575321142,0,1,1,0.0,0.0,0.0,1.0,0.0,0.0,0.0,0.0,33.628579578676586
16,1,0.0,1057.663980886215,6.105161883559836,1,0,2,0.0,0.0,0.0,0.0,0.0,0.0,0.0,0.0,38.87813657683293
23,0,0.0,4445.926665820782,8.608671090500968,0,1,1,0.0,0.0,0.0,0.0,0.0,1.0,0.0,0.0,16.476008409294213
5,1,15.343092189047617,5464.267266101056,6.422022670666417,0,0,0,0.0,0.0,0.0,0.0,0.0,0.0,0.0,1.0,36.666296114785276
18,3,13.204453416723975,9017.32262188096,3.9536173230207576,0,0,0,0.0,1.0,0.0,0.0,0.0,0.0,0.0,0.0,98.1683184210066
1,2,0.0,9977.653321013771,11.414449766412131,0,0,2,0.0,0.0,0.0,0.0,1.0,0.0,0.0,0.0,26.439074139103283
14,5,0.0,7607.864714722407,7.972012439361194,1,0,2,0.0,0.0,0.0,0.0,0.0,0.0,0.0,1.0,27.7317878330924
10,6,11.613915269134448,9716.672608519586,1.0151274483839994,0,0,2,0.0,0.0,1.0,0.0,0.0,0.0,0.0,0.0,71.256124702129
7,6,7.539230614264704,7934.880985597975,5.524747584391882,1,0,0,0.0,0.0,0.0,0.0,1.0,0.0,0.0,0.0,53.755223569313145
18,6,0.0,9643.06561742274,13.273701858179903,0,0,0,0.0,1.0,0.0,0.0,0.0,0.0,0.0,0.0,62.37446758108432
12,5,10.484223585978766,7160.5260416612155,11.32854796799928,0,0,2,0.0,0.0,0.0,0.0,0.0,0.0,0.0,1.0,25.14479591339437
11,6,0.0,1073.7052268753894,4.8487017591601065,1,0,2,0.0,0.0,0.0,0.0,0.0,1.0,0.0,0.0,54.55083363901951
4,2,0.0,4198.625813828962,14.072747280667636,0,0,2,0.0,0.0,0.0,0.0,0.0,1.0,0.0,0.0,8.99204394115704
5,5,20.00716160052631,6571.993652883963,1.1490436253731522,0,1,2,0.0,0.0,1.0,0.0,0.0,0.0,0.0,0.0,33.04129503602107
21,6,7.020845259206237,3701.9695417062344,14.418520558382834,1,0,1,0.0,0.0,0.0,0.0,1.0,0.0,0.0,0.0,36.4050719913189
3,5,0.0,2951.8240057036523,3.685576387270135,0,0,2,0.0,0.0,0.0,0.0,0.0,0.0,1.0,0.0,22.138992850549393
18,3,17.12068984730544,5900.772891190983,0.13641270453628895,0,1,2,0.0,0.0,0.0,0.0,1.0,0.0,0.0,0.0,91.26483197043446
19,2,0.0,9354.968204013618,6.5071205477749015,0,0,1,0.0,0.0,0.0,0.0,1.0,0.0,0.0,0.0,61.08990444696666
0,4,16.499369591515926,639.3241731066896,5.38455644530513,0,0,1,0.0,0.0,1.0,0.0,0.0,0.0,0.0,0.0,65.887204006691
19,0,0.0,7761.542674351946,8.086335078101907,1,0,1,0.0,0.0,0.0,0.0,0.0,0.0,1.0,0.0,63.93399384481751
16,6,16.963690982223245,7310.454597032883,11.951592908547681,1,1,1,0.0,0.0,0.0,0.0,0.0,0.0,1.0,0.0,41.090647815336006
11,0,21.465178638633862,9650.348226266386,12.636462032256706,0,0,2,0.0,0.0,0.0,0.0,0.0,0.0,0.0,1.0,50.148211726602405
14,5,0.0,9327.898856625672,6.018449994175377,1,0,0,0.0,0.0,0.0,0.0,1.0,0.0,0.0,0.0,66.83499849686042
0,0,22.48877256447071,7693.655851828671,6.447686155595253,1,0,0,1.0,0.0,0.0,0.0,0.0,0.0,0.0,0.0,77.00449510889635
13,2,4.076584503827826,5347.965017421207,2.222665954942105,0,1,0,0.0,0.0,1.0,0.0,0.0,0.0,0.0,0.0,31.53629717214409
5,2,1.998839952311241,2281.3952663651426,0.7132141332174524,0,0,0,0.0,0.0,1.0,0.0,0.0,0.0,0.0,0.0,48.63331043436134
4,1,0.0,5588.786467758072,9.618224853525371,0,0,0,0.0,0.0,0.0,0.0,0.0,0.0,1.0,0.0,27.48123791036654
10,6,28.709753066113244,7723.914341020642,0.9665643832903842,1,0,0,0.0,0.0,0.0,1.0,0.0,0.0,0.0,0.0,100.0
3,1,1.8130963482169216,8987.991362587563,11.00745179132184,1,0,1,0.0,0.0,1.0,0.0,0.0,0.0,0.0,0.0,53.766637866037996
12,0,0.0,7960.206489342326,8.086352175333712,0,0,1,0.0,0.0,0.0,0.0,0.0,0.0,1.0,0.0,33.453840932973335
10,4,5.587348148993242,2194.089271353224,2.978744673391251,1,1,0,0.0,1.0,0.0,0.0,0.0,0.0,0.0,0.0,93.5732840628948
2,1,0.0,6116.957248012176,8.092844152689745,0,0,2,1.0,0.0,0.0,0.0,0.0,0.0,0.0,0.0,34.38378346047939
0,1,0.0,3522.082557454163,2.7449657490314827,0,1,2,0.0,0.0,1.0,0.0,0.0,0.0,0.0,0.0,51.84184259763245
5,2,0.0,389.294973689237,6.58105811265618,1,0,0,0.0,0.0,0.0,0.0,0.0,0.0,0.0,0.0,36.64872852521539
17,4,0.0,2242.143077150061,11.993404743633434,0,0,2,0.0,0.0,0.0,0.0,0.0,0.0,0.0,0.0,46.33567619562158
23,5,10.61717001635451,1398.240304354458,6.928789401159562,0,0,1,0.0,0.0,0.0,1.0,0.0,0.0,0.0,0.0,23.88212959451385
9,0,0.0,8474.375498332844,2.2304897744632237,0,0,1,0.0,0.0,0.0,0.0,0.0,0.0,0.0,0.0,43.63389209314617
4,1,9.36003918325351,2807.5106458337764,10.857430227344176,0,0,2,0.0,0.0,1.0,0.0,0.0,0.0,0.0,0.0,60.271993787993864
22,4,0.0,3061.5702982092885,2.8015262440501325,0,1,0,0.0,0.0,0.0,0.0,0.0,0.0,1.0,0.0,32.83982503762062
9,6,0.0,9611.384746449177,11.078248115551641,0,1,1,0.0,0.0,0.0,0.0,0.0,0.0,1.0,0.0,46.65888017446488
11,4,0.0,3977.141213573866,7.1902843382374995,1,0,2,1.0,0.0,0.0,0.0,0.0,0.0,0.0,0.0,66.55860793401
1,0,0.0,392.98070940062723,6.806126386414524,1,0,2,0.0,1.0,0.0,0.0,0.0,0.0,0.0,0.0,71.54845595247671
12,4,8.80169026748935,3053.3076389575244,12.771525567862122,0,0,1,0.0,1.0,0.0,0.0,0.0,0.0,0.0,0.0,64.47149941695527
7,4,1.0025398411517839,1457.2059318375807,10.629052865110031,0,1,1,0.0,0.0,0.0,0.0,0.0,0.0,0.0,0.0,4.672521367820444
1,4,24.474625530758857,1297.2430488377834,0.4936619543240889,1,0,0,0.0,1.0,0.0,0.0,0.0,0.0,0.0,0.0,73.07478630183056
19,6,0.0,1051.6267143167702,4.442614719024036,0,0,2,0.0,0.0,0.0,0.0,0.0,0.0,1.0,0.0,38.60144014545183
0,1,0.0,6054.61686070116,13.063809912748479,0,0,0,0.0,0.0,0.0,0.0,1.0,0.0,0.0,0.0,35.01417776383912
4,0,0.0,2136.672919209629,0.2748925281779796,0,0,1,0.0,0.0,0.0,1.0,0.0,0.0,0.0,0.0,19.662249644818882
8,6,0.0,3804.0551021978013,8.178801693929556,0,0,2,0.0,0.0,0.0,0.0,0.0,0.0,0.0,1.0,42.638222866309114
16,4,0.0,8661.571846461162,10.917385037609158,0,0,1,0.0,0.0,0.0,0.0,0.0,1.0,0.0,0.0,19.54488750973883
8,4,25.72967964725482,4416.079956023874,9.327841282268638,0,0,1,0.0,0.0,0.0,0.0,1.0,0.0,0.0,0.0,76.13085544666514
10,1,0.0,9182.206095500886,11.407983031566546,0,1,1,0.0,0.0,0.0,1.0,0.0,0.0,0.0,0.0,47.03756493560533
14,0,28.401237451016645,5129.999117937381,10.885377733721187,1,0,0,0.0,0.0,0.0,1.0,0.0,0.0,0.0,0.0,77.93394436487769
23,2,0.0,4168.715163945631,10.3804604272967,1,0,1,0.0,0.0,0.0,0.0,0.0,0.0,0.0,1.0,49.46925935725344
5,6,0.0,7578.772592779806,12.323097913884782,0,0,0,0.0,0.0,0.0,0.0,1.0,0.0,0.0,0.0,5.734732886246114
22,1,11.209224554000954,1009.7984580496204,9.685360026743076,1,0,1,0.0,0.0,1.0,0.0,0.0,0.0,0.0,0.0,47.83963617688308
2,0,0.0,1167.9403149294487,6.036277413854731,0,0,1,0.0,0.0,1.0,0.0,0.0,0.0,0.0,0.0,44.77584744501365
16,6,5.284617375085801,6624.145025052719,7.078636648718813,0,0,2,0.0,0.0,1.0,0.0,0.0,0.0,0.0,0.0,33.005031901106086
4,4,18.218000103044638,5023.324918420708,10.750871740221758,1,0,1,0.0,0.0,0.0,0.0,1.0,0.0,0.0,0.0,60.869332952778024
11,0,0.0,7967.02792809634,13.14459044500191,0,0,2,0.0,0.0,0.0,0.0,0.0,0.0,0.0,0.0,16.231651458937378
17,0,25.97102976972011,9187.827122232255,4.083282012596635,0,0,2,0.0,0.0,0.0,0.0,0.0,0.0,0.0,1.0,57.89094246116009
13,5,0.0,4067.1587134140113,5.131151939566061,0,0,0,1.0,0.0,0.0,0.0,0.0,0.0,0.0,0.0,36.07867479836794
20,0,0.0,6085.177257871069,13.96109094543619,1,0,2,1.0,0.0,0.0,0.0,0.0,0.0,0.0,0.0,80.6704482566801
23,2,22.888466355346832,5156.757289614506,8.67767688614168,0,0,2,0.0,0.0,0.0,1.0,0.0,0.0,0.0,0.0,50.79819373929887
10,0,0.0,9821.623359731599,2.6844272570250154,1,0,1,0.0,0.0,1.0,0.0,0.0,0.0,0.0,0.0,84.1740856768942
8,2,26.582219012865753,8361.518751358974,9.955427083685741,1,0,1,0.0,1.0,0.0,0.0,0.0,0.0,0.0,0.0,82.52252364875311
1,4,21.871012284884824,9143.855770290329,14.861432333090695,1,0,0,0.0,0.0,0.0,1.0,0.0,0.0,0.0,0.0,76.02395345321203
11,2,27.83430184943089,2767.0988495027605,12.351803467056001,0,0,2,0.0,0.0,0.0,0.0,0.0,1.0,0.0,0.0,31.574508411247344
2,6,0.0,7793.506304677165,11.186117048271042,0,0,2,1.0,0.0,0.0,0.0,0.0,0.0,0.0,0.0,40.05046239613624
2,4,0.0,2875.0902824771947,3.1206998139940385,0,0,0,0.0,0.0,0.0,0.0,1.0,0.0,0.0,0.0,64.4103222228218
0,4,0.42238989848672026,2324.802574255382,13.142096770260109,0,0,1,0.0,0.0,1.0,0.0,0.0,0.0,0.0,0.0,37.551025321526886
7,2,0.0,9459.381748658843,7.8868326530331965,1,0,2,1.0,0.0,0.0,0.0,0.0,0.0,0.0,0.0,62.45673051557957
21,1,0.0,487.25284216330647,13.339350331079334,0,1,0,0.0,0.0,0.0,0.0,0.0,0.0,0.0,0.0,36.15404323122144
7,3,0.0,9664.270425535267,4.94741744137319,1,0,1,0.0,0.0,0.0,0.0,0.0,0.0,1.0,0.0,49.42509696367271
10,0,0.0,1747.8404007914203,0.9307657895314914,0,0,0,0.0,0.0,0.0,1.0,0.0,0.0,0.0,0.0,76.67549965222649
8,5,0.0,8248.5493933947,7.139639529896192,1,0,0,1.0,0.0,0.0,0.0,0.0,0.0,0.0,0.0,82.17758374029195
4,3,0.8556007451594472,2976.4487647606,4.047564072268165,0,0,2,0.0,0.0,0.0,0.0,0.0,0.0,1.0,0.0,29.65479056383061
13,0,27.279124392181483,3701.8125760780554,10.728439346644473,0,0,1,0.0,1.0,0.0,0.0,0.0,0.0,0.0,0.0,70.15540169383897
2,0,0.0,2402.549799823254,14.356598292840486,1,0,2,0.0,0.0,0.0,0.0,0.0,1.0,0.0,0.0,50.303292994562675
20,4,0.0,5979.486212066472,10.364612267273458,0,0,2,1.0,0.0,0.0,0.0,0.0,0.0,0.0,0.0,78.87955310779866
4,0,0.0,3676.5268108263786,13.304008945638053,0,0,1,0.0,0.0,0.0,0.0,0.0,1.0,0.0,0.0,31.521183937001705
4,5,27.366888659988,6676.712483098233,6.795360204018095,0,0,1,0.0,0.0,1.0,0.0,0.0,0.0,0.0,0.0,36.601056456858466
18,0,0.0,451.77898403804,11.574611057929525,0,0,1,0.0,0.0,0.0,0.0,0.0,0.0,0.0,0.0,47.45961909280721
13,2,19.61703439107772,924.4363700958843,12.645651550075552,1,0,2,0.0,0.0,0.0,1.0,0.0,0.0,0.0,0.0,49.74572256649444
3,3,0.0,1266.7131814931117,10.663134413753136,1,1,1,0.0,0.0,1.0,0.0,0.0,0.0,0.0,0.0,37.45262263286766
12,2,0.1601742590906563,4364.238747509242,7.61665929104347,0,0,1,0.0,0.0,0.0,0.0,0.0,0.0,1.0,0.0,33.81337176010092
9,5,0.0,8203.522874801769,9.387991644230521,0,1,1,0.0,0.0,0.0,0.0,0.0,0.0,0.0,0.0,27.57144950559754
17,0,26.33497810727443,8915.325730670313,10.507604935183204,0,0,0,1.0,0.0,0.0,0.0,0.0,0.0,0.0,0.0,100.0
7,6,0.0,2674.6641785907373,3.7962660483214035,1,0,1,0.0,0.0,0.0,1.0,0.0,0.0,0.0,0.0,20.172108531442774
7,5,19.777336111526157,5871.386325118436,12.143688913724771,1,0,2,1.0,0.0,0.0,0.0,0.0,0.0,0.0,0.0,56.275789872752775
6,4,0.0,7753.140429118225,14.2548680845091,1,0,0,0.0,0.0,0.0,0.0,0.0,0.0,0.0,0.0,15.141891789364784
7,2,26.809459472714423,3101.6454702202045,6.97858972769904,0,0,2,0.0,0.0,0.0,0.0,1.0,0.0,0.0,0.0,61.937784839107415
13,2,8.745507844535771,4267.37504634185,10.51600774664816,0,0,0,0.0,0.0,1.0,0.0,0.0,0.0,0.0,0.0,44.739190395346256
18,1,0.0,5382.549766051425,11.05538858685531,0,0,1,0.0,0.0,0.0,1.0,0.0,0.0,0.0,0.0,55.33415193488738
5,0,2.991929170316472,1608.2860101580627,9.933713212822205,0,0,0,0.0,1.0,0.0,0.0,0.0,0.0,0.0,0.0,45.42099968996679
0,4,0.0,552.0282491400691,8.206726624929534,1,0,2,0.0,0.0,0.0,0.0,1.0,0.0,0.0,0.0,90.98250157122423
22,6,0.0,1782.2163503873476,13.224719318622158,0,0,0,0.0,0.0,1.0,0.0,0.0,0.0,0.0,0.0,36.8528067722292
14,2,0.0,6380.480126159274,6.733900639033417,1,0,1,0.0,0.0,0.0,0.0,1.0,0.0,0.0,0.0,60.194744640403854
0,2,0.0,1014.0971368767122,0.9165443472990537,0,0,1,0.0,0.0,0.0,1.0,0.0,0.0,0.0,0.0,14.434333485518582
16,4,22.922790006389448,2140.0547390462443,12.668345635682403,1,0,2,1.0,0.0,0.0,0.0,0.0,0.0,0.0,0.0,78.5501575349203
0,5,18.58053917808897,3577.1826912444462,10.10971908474826,0,0,0,0.0,0.0,1.0,0.0,0.0,0.0,0.0,0.0,35.76776773990409
14,5,0.0,1055.3396237717534,12.7388793974947,0,0,2,1.0,0.0,0.0,0.0,0.0,0.0,0.0,0.0,26.17210235870585
22,0,0.0,2159.482930267854,2.0782116366704146,0,0,2,0.0,0.0,0.0,1.0,0.0,0.0,0.0,0.0,35.107537165145196
1,1,22.714517409223177,9139.316953140058,0.46129410764574497,1,0,2,0.0,1.0,0.0,0.0,0.0,0.0,0.0,0.0,75.70650957111125
13,2,29.55621977733281,487.2015826017522,14.01561810573752,0,0,1,0.0,0.0,0.0,0.0,1.0,0.0,0.0,0.0,61.86132909671814
20,1,0.0,6638.289664491313,2.2159245877586145,1,0,0,0.0,0.0,0.0,1.0,0.0,0.0,0.0,0.0,83.29037093790436
7,5,13.80619854469846,4028.766629877294,12.144784981056777,0,0,1,1.0,0.0,0.0,0.0,0.0,0.0,0.0,0.0,49.29640684910539
7,5,0.0,6824.692772494,12.348149132709537,0,0,1,0.0,0.0,0.0,0.0,0.0,0.0,1.0,0.0,14.803534089554642
18,3,0.0,6010.309687525024,10.630578008235045,1,0,1,0.0,0.0,0.0,0.0,1.0,0.0,0.0,0.0,79.97260346331315
6,6,15.748022527304027,2467.9379172400495,1.9689331663930643,0,0,0,0.0,0.0,0.0,0.0,0.0,0.0,0.0,1.0,13.243609596033386
18,0,0.0,8517.932029461868,10.010979368412114,0,0,1,0.0,1.0,0.0,0.0,0.0,0.0,0.0,0.0,78.31146302813389
5,3,0.0,5071.82171131076,13.336298749902985,0,0,1,0.0,0.0,1.0,0.0,0.0,0.0,0.0,0.0,29.46527131922248
5,6,0.0,8278.599383460676,6.3829746720132485,1,0,1,0.0,0.0,0.0,0.0,0.0,0.0,1.0,0.0,32.11893781520082
2,3,15.80306721808476,4238.321601025726,6.202752815678983,0,1,0,0.0,0.0,0.0,0.0,0.0,1.0,0.0,0.0,40.66892350546296
6,3,9.501513660756482,9851.449872977819,6.642874643691286,0,0,0,0.0,0.0,0.0,0.0,0.0,0.0,1.0,0.0,45.71051502723873
18,0,0.0,7773.746777462574,1.2340783601430965,0,0,2,0.0,0.0,0.0,0.0,0.0,0.0,0.0,1.0,50.27567252338898
7,0,0.0,9669.716989591963,13.380383535449601,0,0,1,0.0,0.0,0.0,0.0,0.0,0.0,1.0,0.0,24.417877344004445
9,4,0.0,5288.966845425631,13.037742959707655,0,0,1,0.0,0.0,0.0,0.0,0.0,0.0,1.0,0.0,57.338494562847586
19,1,0.0,4894.803983219795,14.968639826854293,0,1,0,0.0,0.0,0.0,0.0,1.0,0.0,0.0,0.0,55.217823270310866
14,1,0.0,7627.9019504550015,8.777747122476201,1,1,0,1.0,0.0,0.0,0.0,0.0,0.0,0.0,0.0,52.097720740896854
14,4,19.61489891483033,8838.825251230273,11.267874546770786,0,0,1,0.0,0.0,0.0,0.0,0.0,1.0,0.0,0.0,54.95173614855756
0,4,0.0,9652.214219895914,3.0400785946095703,1,1,2,0.0,0.0,1.0,0.0,0.0,0.0,0.0,0.0,54.35161915044469
19,5,0.0,3448.1534885152473,10.012932273362543,1,0,2,0.0,1.0,0.0,0.0,0.0,0.0,0.0,0.0,73.3372543116067
6,6,0.0,8047.434366273597,9.745992731360861,1,0,1,0.0,0.0,1.0,0.0,0.0,0.0,0.0,0.0,28.902981433631293
3,3,0.0,2343.262297064706,13.518131037624187,0,1,2,0.0,0.0,1.0,0.0,0.0,0.0,0.0,0.0,42.17979436877186
5,4,28.090282601946836,5592.071163430819,12.461890842586111,0,0,2,0.0,1.0,0.0,0.0,0.0,0.0,0.0,0.0,60.91759972061358
0,2,0.0,2044.5270395692319,14.076996939266447,1,1,1,0.0,0.0,0.0,0.0,0.0,0.0,0.0,1.0,58.604319028226065
4,1,0.0,3669.754408978287,13.032502090524112,0,0,2,0.0,1.0,0.0,0.0,0.0,0.0,0.0,0.0,34.700918782791426
22,4,0.0,9334.176161902655,13.030408423482779,0,0,0,1.0,0.0,0.0,0.0,0.0,0.0,0.0,0.0,52.46396862104679
0,2,0.0,1717.079787798935,0.9558499003307741,1,1,1,0.0,0.0,0.0,0.0,0.0,0.0,0.0,0.0,24.276075754102127
3,2,0.0,6434.288682811406,12.689429290439339,0,0,0,0.0,0.0,0.0,0.0,0.0,0.0,0.0,0.0,22.6282295298084
21,2,0.0,6051.656447395812,9.112175917546772,0,0,1,0.0,0.0,0.0,1.0,0.0,0.0,0.0,0.0,35.742200210692445
1,5,0.0,1471.1620212771688,5.706666776489418,0,0,0,0.0,0.0,0.0,1.0,0.0,0.0,0.0,0.0,27.89394208789631
9,5,0.0,3461.996724557478,0.8477193658209348,1,0,2,0.0,0.0,0.0,0.0,0.0,0.0,0.0,1.0,39.4643664018164
4,2,0.0,5760.920593798078,10.1651066215207,0,1,0,0.0,0.0,1.0,0.0,0.0,0.0,0.0,0.0,41.722947019955946
9,6,0.0,2115.6325071883557,4.923026258064262,1,0,0,0.0,0.0,0.0,1.0,0.0,0.0,0.0,0.0,81.26052396878333
0,5,16.708562749925257,8066.04946720431,7.016643974790521,0,0,0,0.0,0.0,0.0,0.0,1.0,0.0,0.0,0.0,42.662175114157776
21,3,0.0,9729.918142487073,10.225926555827014,0,0,0,0.0,0.0,0.0,0.0,0.0,1.0,0.0,0.0,41.50314384821907
5,2,0.0,2383.166179635979,13.676618205362143,0,1,0,0.0,0.0,0.0,0.0,0.0,0.0,0.0,1.0,37.60038295880402
12,3,0.0,2113.046058468586,12.381553734074977,0,0,1,0.0,0.0,0.0,0.0,1.0,0.0,0.0,0.0,21.289790704136994
14,3,0.0,4712.870196435213,6.758956936553997,0,0,0,0.0,0.0,0.0,0.0,0.0,0.0,0.0,0.0,23.634039948697712
3,2,21.48521630869292,7553.323188258312,5.8167473616956835,0,0,0,0.0,0.0,0.0,0.0,0.0,0.0,1.0,0.0,47.81892541915016
12,1,0.0,3031.5259192819385,3.5966960826607117,1,0,1,1.0,0.0,0.0,0.0,0.0,0.0,0.0,0.0,54.87649611999153
23,6,22.718867162135787,492.83511436361994,5.586401267639523,0,0,1,0.0,0.0,0.0,0.0,0.0,0.0,0.0,1.0,45.39839672944396
19,2,0.0,5549.840091919072,1.6656958093784746,0,0,2,0.0,0.0,0.0,0.0,0.0,1.0,0.0,0.0,62.45497497422314
23,2,0.0,9579.025507342883,14.566582625471318,0,0,0,0.0,0.0,0.0,0.0,0.0,1.0,0.0,0.0,32.4187095132312
14,5,4.842509630627219,4095.385497447372,8.608761659393684,1,0,0,0.0,0.0,0.0,1.0,0.0,0.0,0.0,0.0,47.68849535134854
7,2,0.0,4375.305175576073,1.9170876419281935,0,0,2,0.0,0.0,0.0,0.0,0.0,0.0,1.0,0.0,50.38865810241443
4,1,0.0,9698.346656006168,5.292090138988587,0,1,0,0.0,0.0,0.0,0.0,0.0,0.0,0.0,0.0,25.57163507092877
14,5,0.0,7037.693832779265,8.205587154309839,1,0,2,0.0,1.0,0.0,0.0,0.0,0.0,0.0,0.0,38.750489522161494
3,0,11.484726238905115,7275.967651568614,7.993284549613044,0,0,1,0.0,0.0,0.0,0.0,0.0,0.0,0.0,1.0,43.00941824284388
11,0,0.0,5758.209452099356,0.5325505307794853,0,0,0,0.0,0.0,0.0,0.0,0.0,0.0,0.0,0.0,18.08385022906798
12,3,21.62448949424747,9753.709345373443,14.262615513436671,0,1,0,0.0,0.0,0.0,0.0,0.0,0.0,1.0,0.0,57.12802876259368
1,6,0.0,6982.004898927894,4.13063522212417,1,0,1,0.0,0.0,0.0,0.0,1.0,0.0,0.0,0.0,69.9672819670303
18,3,5.044232576842412,8981.817690570144,0.24277003397836783,0,0,0,0.0,0.0,0.0,1.0,0.0,0.0,0.0,0.0,74.05674677912614
18,1,0.0,7083.974997612246,1.146660134254237,0,0,1,0.0,0.0,0.0,0.0,1.0,0.0,0.0,0.0,76.14896309140342
3,4,18.526719396288556,7430.6235009518405,8.702923548719655,1,1,1,0.0,0.0,0.0,1.0,0.0,0.0,0.0,0.0,53.52112924198443
3,6,0.0,3116.985944779791,2.066782810126453,0,0,2,0.0,0.0,0.0,0.0,0.0,0.0,0.0,1.0,11.207286501161903
10,0,10.132679613966873,3243.743370734044,0.6258718928025492,1,0,1,1.0,0.0,0.0,0.0,0.0,0.0,0.0,0.0,100.0
4,3,0.0,7894.951100887483,5.694396996190671,0,0,2,0.0,0.0,0.0,0.0,1.0,0.0,0.0,0.0,48.19482004135788
19,0,0.0,3178.0510049480263,9.341417885102828,0,0,1,0.0,0.0,1.0,0.0,0.0,0.0,0.0,0.0,49.23517743456287
10,1,0.0,5758.869686774857,1.6775970726241858,0,0,2,0.0,1.0,0.0,0.0,0.0,0.0,0.0,0.0,72.70125070441543
9,1,0.0,2718.717415795009,4.699917482269733,0,0,2,0.0,0.0,0.0,1.0,0.0,0.0,0.0,0.0,78.40224300118794
7,4,0.0,8224.738793847973,6.2664100743681335,0,0,2,1.0,0.0,0.0,0.0,0.0,0.0,0.0,0.0,47.46599140011762
5,4,5.028646915217534,1371.863106908593,2.3919014668015075,0,0,2,0.0,1.0,0.0,0.0,0.0,0.0,0.0,0.0,56.93429365031717
5,5,7.88642105967978,8345.632405688146,7.5911084770006525,0,0,0,0.0,0.0,0.0,0.0,0.0,1.0,0.0,0.0,32.24489400601084
7,6,0.0,6146.4790649237375,1.2782113035265636,1,1,1,0.0,0.0,0.0,0.0,0.0,0.0,0.0,0.0,0.0
22,1,21.132708644324598,2113.02248782265,0.6977774451760299,0,0,1,1.0,0.0,0.0,0.0,0.0,0.0,0.0,0.0,70.88779858120475
14,3,0.0,5557.743239409347,7.797530507327021,1,0,1,0.0,1.0,0.0,0.0,0.0,0.0,0.0,0.0,45.929994575678414
13,0,0.0,3040.238717419202,3.7184545912631344,1,0,1,0.0,0.0,0.0,0.0,0.0,1.0,0.0,0.0,34.103857689436666
10,2,5.150819793854736,3437.633146885817,1.4306071184704128,1,0,2,0.0,0.0,1.0,0.0,0.0,0.0,0.0,0.0,68.93556250800005
11,4,3.07603614337932,3709.8220034897395,6.358688812314484,1,0,0,0.0,0.0,0.0,0.0,0.0,0.0,1.0,0.0,49.19887632331501
12,2,18.377784248276296,914.1966956315131,13.727111092760921,0,0,1,0.0,0.0,0.0,0.0,0.0,0.0,1.0,0.0,48.69002896183908
7,3,0.0,9863.82833869375,10.862886699812325,1,0,1,0.0,0.0,0.0,0.0,0.0,0.0,0.0,0.0,36.91479755867699
17,4,22.628469991056484,605.8858928728737,12.234238730205414,1,0,1,0.0,0.0,0.0,1.0,0.0,0.0,0.0,0.0,84.13001316188269
0,2,0.0,6726.2196698875005,13.078709831379546,1,0,2,0.0,0.0,0.0,0.0,0.0,0.0,0.0,0.0,32.72348518199468
14,6,0.0,3900.9081832470765,14.589416120946284,0,0,1,0.0,0.0,0.0,0.0,0.0,1.0,0.0,0.0,23.37080545840637
7,3,0.0,6566.299822182979,11.448698602712595,1,0,1,0.0,0.0,1.0,0.0,0.0,0.0,0.0,0.0,39.76001024619366
10,0,21.55593954366738,3755.6080549495628,9.126118829092196,1,0,0,0.0,0.0,0.0,0.0,0.0,0.0,1.0,0.0,77.85598238110866
11,6,2.1890499877706313,6835.381268710929,5.481388204533708,1,0,2,0.0,0.0,0.0,0.0,0.0,0.0,1.0,0.0,29.318310103708203
11,3,24.633783134555394,7373.5844418431,2.7246485483657414,0,0,0,0.0,0.0,0.0,0.0,0.0,0.0,0.0,1.0,46.6002630320676
3,5,0.0,6998.360611876555,10.299898109749414,0,0,1,0.0,0.0,0.0,0.0,1.0,0.0,0.0,0.0,14.009010559179552
15,4,0.0,1405.4312191740771,14.924249791829128,1,0,2,0.0,0.0,0.0,0.0,0.0,1.0,0.0,0.0,26.889469139130338
3,1,0.0,6671.864376150441,7.010380269283786,0,0,1,0.0,0.0,0.0,0.0,0.0,1.0,0.0,0.0,37.923629963574264
4,0,0.0,3015.879229704744,10.855190521392114,0,0,1,0.0,0.0,0.0,1.0,0.0,0.0,0.0,0.0,23.748118310516936
23,6,0.0,579.3732945225352,7.426386749897342,1,0,2,0.0,0.0,0.0,0.0,0.0,1.0,0.0,0.0,39.662171119599655
4,6,6.970066377720546,4323.857517322853,6.479001350452149,0,0,0,0.0,0.0,0.0,0.0,0.0,0.0,0.0,1.0,30.326910430275465
7,2,0.0,4505.36809719687,6.154584203398727,0,0,2,0.0,0.0,1.0,0.0,0.0,0.0,0.0,0.0,33.56594728356907
9,4,0.0,4831.589093518731,7.569370243975464,0,0,2,1.0,0.0,0.0,0.0,0.0,0.0,0.0,0.0,65.00381358986195
16,1,0.0,7136.794404289947,5.503434927980625,0,0,0,0.0,0.0,0.0,0.0,0.0,0.0,1.0,0.0,41.975988216867556
8,3,0.0,3295.7849486818536,11.231599827327116,0,0,2,0.0,0.0,0.0,0.0,0.0,1.0,0.0,0.0,52.609437098878445
21,1,0.0,3358.220977108049,13.11408039887275,0,0,0,0.0,0.0,0.0,0.0,1.0,0.0,0.0,0.0,21.518733093066103
18,4,19.472752216156444,887.3568855402277,13.243279599677763,0,0,0,0.0,0.0,0.0,0.0,0.0,1.0,0.0,0.0,84.26018362715156
13,4,17.014892637401765,6962.165795125271,3.4154807013873887,0,0,2,0.0,1.0,0.0,0.0,0.0,0.0,0.0,0.0,56.469142783679
7,5,16.60288683491182,5807.913086575964,13.438637080972363,1,0,2,0.0,0.0,0.0,0.0,1.0,0.0,0.0,0.0,53.60059951050195
8,5,0.0,3689.4235931297444,5.123268477826576,0,0,0,0.0,0.0,0.0,0.0,0.0,1.0,0.0,0.0,32.10813782499542
21,1,0.0,7140.33309549834,4.639614982279465,0,0,0,0.0,0.0,0.0,0.0,0.0,1.0,0.0,0.0,29.389186734473842
10,3,0.0,5512.370167500709,10.901340860973539,0,0,0,0.0,0.0,0.0,1.0,0.0,0.0,0.0,0.0,62.94976094931995
22,1,11.927756079319398,4851.675974944234,4.570445101294341,1,1,0,0.0,1.0,0.0,0.0,0.0,0.0,0.0,0.0,60.58379188066771
0,4,18.74767409365369,5259.848073512927,0.7944960841456516,1,0,0,1.0,0.0,0.0,0.0,0.0,0.0,0.0,0.0,72.56550228976967
13,4,0.0,6472.576815090449,5.604266584654621,0,0,2,0.0,0.0,0.0,0.0,0.0,1.0,0.0,0.0,40.41111932659891
4,2,0.0,6702.025264373615,10.821984005375235,0,0,1,0.0,0.0,1.0,0.0,0.0,0.0,0.0,0.0,34.69494060864514
20,5,0.0,3102.8908456649565,4.904376304052648,0,0,2,1.0,0.0,0.0,0.0,0.0,0.0,0.0,0.0,60.7218567186016
13,2,25.73855836207009,1665.2106248941864,9.443385839927197,1,0,1,0.0,0.0,0.0,0.0,0.0,0.0,1.0,0.0,80.73144225470656
3,0,11.74134280091241,1819.351557548032,9.901791663946955,0,0,0,1.0,0.0,0.0,0.0,0.0,0.0,0.0,0.0,56.53842992755296
21,4,0.0,6502.091593259116,11.006040175895343,0,1,2,0.0,0.0,0.0,0.0,1.0,0.0,0.0,0.0,25.68696342370244
22,2,0.0,8766.870871941122,13.456956994664045,1,0,1,0.0,0.0,1.0,0.0,0.0,0.0,0.0,0.0,58.560479439773
0,1,0.0,4272.1138999518525,6.488467489026472,1,0,0,0.0,0.0,0.0,0.0,0.0,0.0,0.0,1.0,30.153107104841997
21,5,0.0,1944.345555195785,2.496481149936856,0,0,2,0.0,0.0,0.0,1.0,0.0,0.0,0.0,0.0,20.701974199485452
22,5,0.0,7639.04423345039,4.783885731478341,1,0,1,0.0,0.0,1.0,0.0,0.0,0.0,0.0,0.0,38.86928425996472
18,3,0.0,8375.147901868651,6.482508827609789,0,0,2,0.0,0.0,0.0,0.0,0.0,0.0,1.0,0.0,70.71690728954076
7,1,6.873498417341971,8841.649698273375,10.708372039921697,1,0,1,0.0,1.0,0.0,0.0,0.0,0.0,0.0,0.0,50.67257985670516
14,3,6.95370832849739,6186.264860463212,0.19683188342450253,0,0,2,0.0,0.0,0.0,0.0,0.0,0.0,0.0,1.0,39.718348540732165
20,2,0.0,8649.067026064422,4.736780751598184,0,1,2,0.0,0.0,0.0,0.0,0.0,0.0,1.0,0.0,48.05025600370219
14,6,25.017498013831105,449.5250969495545,11.697638715289752,0,0,1,0.0,0.0,0.0,0.0,0.0,0.0,1.0,0.0,49.486538028391195
8,0,0.0,1340.1872771643782,10.062865549960431,0,0,2,0.0,0.0,0.0,1.0,0.0,0.0,0.0,0.0,47.826955513820806
20,1,0.0,1197.987850405358,10.976099603784078,0,0,2,0.0,0.0,0.0,0.0,0.0,0.0,0.0,0.0,43.871645042186906
8,1,0.0,7212.26543727091,12.177161541587921,0,0,0,0.0,0.0,0.0,0.0,0.0,0.0,0.0,1.0,43.99820651260814
9,1,0.0,974.9433003727165,11.748535783169434,0,0,1,1.0,0.0,0.0,0.0,0.0,0.0,0.0,0.0,85.66912260248264
19,3,0.0,5114.734412923179,10.23274749229167,0,0,2,0.0,0.0,0.0,0.0,0.0,0.0,0.0,0.0,49.16072788000565
20,2,0.0,4885.256916772005,6.594922985558859,1,0,1,0.0,0.0,0.0,0.0,1.0,0.0,0.0,0.0,98.7558911559177
8,1,0.0,3313.824178514937,14.753974933172309,0,1,2,0.0,0.0,0.0,0.0,0.0,0.0,0.0,0.0,37.97456012333177
2,6,10.33685723963626,8742.930148438369,8.536097933851106,0,0,1,0.0,0.0,0.0,0.0,0.0,1.0,0.0,0.0,39.48035501317366
19,1,0.0,1953.2020582359612,3.041538140532587,0,0,1,0.0,0.0,0.0,0.0,0.0,1.0,0.0,0.0,55.7868678730966
10,5,0.0,3718.8890086726265,4.392192826571765,0,0,0,0.0,0.0,0.0,0.0,0.0,0.0,0.0,0.0,32.99373128809777
5,0,0.0,7809.463550222413,10.403436839557049,0,0,0,0.0,0.0,0.0,1.0,0.0,0.0,0.0,0.0,43.91147824052881
1,5,4.1975693168098225,595.0964496148572,13.871093477991954,0,0,1,0.0,1.0,0.0,0.0,0.0,0.0,0.0,0.0,44.68099144904079
6,5,0.0,6827.6188823897755,2.6808019380884627,0,0,2,1.0,0.0,0.0,0.0,0.0,0.0,0.0,0.0,46.76889245357779
17,0,7.272564416616326,8219.057945707234,1.235197436186795,0,0,1,0.0,0.0,0.0,1.0,0.0,0.0,0.0,0.0,69.86087817007812
1,6,0.0,9342.998036730221,13.222965720630091,1,0,2,0.0,0.0,0.0,1.0,0.0,0.0,0.0,0.0,15.110938874383425
16,2,0.0,8800.077412767403,13.729169683692515,0,0,1,1.0,0.0,0.0,0.0,0.0,0.0,0.0,0.0,44.78171635583532
10,5,0.0,3398.0259332867463,4.145690179738492,0,0,0,0.0,0.0,0.0,0.0,1.0,0.0,0.0,0.0,59.12553721110327
11,2,0.0,5987.73217083264,5.659285865568598,0,0,0,0.0,0.0,0.0,0.0,0.0,1.0,0.0,0.0,32.558911496647184
18,5,0.0,1049.7468835595187,9.902819962467875,1,0,2,0.0,0.0,0.0,0.0,0.0,0.0,0.0,0.0,51.5813905485731
21,4,0.0,2801.3390344156833,4.948950312637122,0,0,1,0.0,1.0,0.0,0.0,0.0,0.0,0.0,0.0,34.015689341122595
23,0,0.0,1213.9570738508216,13.157380624050795,1,0,2,0.0,0.0,1.0,0.0,0.0,0.0,0.0,0.0,37.95481649285926
6,5,0.0,3357.316714493449,1.6136805407079406,0,0,0,1.0,0.0,0.0,0.0,0.0,0.0,0.0,0.0,37.25122092057301
19,4,0.0,8789.315970549671,0.5697333144029282,0,0,1,0.0,0.0,0.0,1.0,0.0,0.0,0.0,0.0,59.270064089980096
5,3,11.278797289219911,3667.5183448406383,3.1272931011418423,1,0,0,0.0,0.0,1.0,0.0,0.0,0.0,0.0,0.0,49.79431110146228
20,4,0.0,5750.411599113836,4.291316673074535,1,0,0,1.0,0.0,0.0,0.0,0.0,0.0,0.0,0.0,86.29378122591413
23,1,14.843830648256201,4503.794226714926,1.6938988693331258,0,0,1,0.0,0.0,0.0,0.0,0.0,0.0,0.0,0.0,26.103288369771914
0,5,25.47396743965532,4751.490285697732,0.9853564401097009,0,0,2,0.0,0.0,0.0,0.0,0.0,0.0,1.0,0.0,51.06013238370245
16,4,0.0,9704.848902814616,11.334115702526974,0,0,1,1.0,0.0,0.0,0.0,0.0,0.0,0.0,0.0,49.1236762109135
10,2,0.0,3172.698342159422,2.4641484885338603,1,0,0,0.0,0.0,1.0,0.0,0.0,0.0,0.0,0.0,71.00445997627378
21,3,0.0,6385.047354374762,13.70883298599456,0,0,0,0.0,0.0,0.0,1.0,0.0,0.0,0.0,0.0,35.5892974940796
17,6,18.912027781079985,4374.607894920637,5.519994921721441,0,0,0,1.0,0.0,0.0,0.0,0.0,0.0,0.0,0.0,76.96124608487013
20,5,9.036772441868383,893.1179561625562,10.05908714582018,0,0,0,0.0,0.0,0.0,0.0,0.0,0.0,0.0,1.0,47.25541523374503
16,1,0.5571215629529658,5046.5090667550885,3.3810317215320036,0,1,2,1.0,0.0,0.0,0.0,0.0,0.0,0.0,0.0,57.22420465605523
6,6,26.659280080888653,8189.430291737551,3.6048415273780026,0,0,1,0.0,0.0,0.0,0.0,1.0,0.0,0.0,0.0,68.53248480303209
16,4,6.807023017314248,1257.903796212377,8.62063804301363,0,0,1,0.0,0.0,0.0,0.0,0.0,1.0,0.0,0.0,25.981004939377613
19,6,0.0,975.040919744197,8.409643877189792,0,1,2,0.0,0.0,0.0,0.0,1.0,0.0,0.0,0.0,60.95003013238401
8,6,0.0,1790.2257478146867,11.53093842018122,0,0,2,0.0,0.0,1.0,0.0,0.0,0.0,0.0,0.0,60.70069606707137
16,3,22.87960469734453,7714.681080476269,11.367199585413989,0,0,0,0.0,0.0,0.0,0.0,0.0,0.0,0.0,0.0,34.05542488098774
19,6,0.0,7322.755226203958,10.060316469954916,0,1,1,1.0,0.0,0.0,0.0,0.0,0.0,0.0,0.0,71.06349616033306
21,6,0.0,5780.672358389273,6.736958488402365,0,0,1,0.0,0.0,0.0,0.0,1.0,0.0,0.0,0.0,25.697649377515077
21,5,15.638032614721972,4841.796119698534,13.359605794209257,0,0,1,0.0,0.0,0.0,0.0,0.0,0.0,1.0,0.0,40.75561419405952
7,3,0.0,8916.760402615433,9.338677353319481,0,0,2,0.0,1.0,0.0,0.0,0.0,0.0,0.0,0.0,64.4018401877623
16,1,9.162950780490968,7736.968891184781,14.852977356935359,0,0,0,0.0,0.0,0.0,0.0,0.0,1.0,0.0,0.0,39.17475133018667
6,4,9.643874338434134,8175.83983762751,12.290547269015379,1,0,0,0.0,0.0,0.0,0.0,0.0,0.0,0.0,1.0,35.977001237518735
0,3,0.0,8188.644323101346,0.6646471685748934,0,0,1,0.0,0.0,1.0,0.0,0.0,0.0,0.0,0.0,29.489593031406624
12,3,6.155485001854823,6534.356401031912,4.808908606204766,0,0,0,0.0,0.0,0.0,0.0,0.0,1.0,0.0,0.0,35.58130696788864
22,0,0.0,4742.741855864675,8.578135747064275,0,0,2,0.0,0.0,0.0,0.0,0.0,1.0,0.0,0.0,37.98322695741102
18,3,0.0,8687.374200080809,10.822043068072308,0,0,2,0.0,0.0,0.0,0.0,0.0,0.0,0.0,1.0,44.32510274149466
23,0,0.0,9282.271950751532,8.255047466429122,0,0,1,0.0,1.0,0.0,0.0,0.0,0.0,0.0,0.0,49.32759843701673
18,4,0.0,530.9186196059272,11.791956336932726,0,0,0,0.0,0.0,0.0,0.0,0.0,0.0,0.0,0.0,52.27508551420129
16,6,0.0,800.0822706826376,4.2398347913601695,0,0,2,0.0,0.0,0.0,0.0,0.0,0.0,1.0,0.0,25.81064781727596
12,5,0.0,9599.809980011842,2.758680768492376,0,0,2,0.0,0.0,1.0,0.0,0.0,0.0,0.0,0.0,33.91430431663671
15,5,0.0,2988.457954288689,0.8087502568465516,0,0,2,1.0,0.0,0.0,0.0,0.0,0.0,0.0,0.0,24.85450878229837
7,4,0.0,8771.683564599361,8.599706168572832,1,0,2,0.0,0.0,0.0,1.0,0.0,0.0,0.0,0.0,34.16304241577947
18,4,27.190626332869385,4071.3126539256054,10.328992810132428,1,0,0,0.0,0.0,1.0,0.0,0.0,0.0,0.0,0.0,100.0
17,2,23.521853394854364,1455.2705588107494,4.892245756790424,1,0,2,0.0,0.0,0.0,0.0,0.0,0.0,0.0,0.0,74.80685773423325
0,6,0.0,1080.2990420305423,9.20376277283815,0,0,2,0.0,0.0,0.0,0.0,0.0,1.0,0.0,0.0,20.05610143478218
13,4,0.0,1818.1266210804279,0.7823584627999386,1,0,0,0.0,0.0,1.0,0.0,0.0,0.0,0.0,0.0,46.72588079596346
18,3,0.0,2723.9639902134377,1.4894001944520547,1,0,1,0.0,0.0,0.0,0.0,0.0,0.0,1.0,0.0,90.36113816139067
14,5,0.0,5038.6280331290145,10.526321583877476,1,0,1,0.0,0.0,0.0,0.0,0.0,0.0,0.0,1.0,21.694507131772014
17,1,20.3683627284201,7104.5296354881,5.521045578259481,0,0,2,0.0,0.0,0.0,0.0,0.0,0.0,1.0,0.0,66.08623159842305
1,5,21.752880566929527,9868.06619190741,10.070010466545083,1,0,1,0.0,0.0,0.0,0.0,0.0,0.0,0.0,0.0,24.56960592390467
21,0,0.0,4582.615409904959,12.475816804198772,0,0,0,0.0,0.0,0.0,0.0,0.0,0.0,1.0,0.0,35.75159553430734
16,5,0.0,5326.393940728166,12.789336562141752,0,0,2,0.0,0.0,0.0,1.0,0.0,0.0,0.0,0.0,30.062877105140352
17,2,0.0,5361.61230341758,2.5825146819667646,0,0,0,0.0,0.0,0.0,0.0,0.0,0.0,0.0,0.0,50.2889040051268
5,6,16.36825393281452,5532.51324823298,7.294283585270198,1,0,1,0.0,0.0,0.0,0.0,0.0,0.0,0.0,1.0,43.24031553223588
18,4,0.0,5322.084373913284,11.008900854487297,1,1,1,0.0,0.0,0.0,0.0,0.0,0.0,0.0,1.0,67.15427995285444
3,6,23.71222427648964,385.11512410060294,11.609708944003657,0,0,2,0.0,0.0,0.0,0.0,0.0,1.0,0.0,0.0,56.31371110119663
0,4,5.812167990744318,316.73077446545483,11.770139710933163,0,0,1,0.0,0.0,0.0,0.0,0.0,1.0,0.0,0.0,42.4128377781198
7,5,0.0,1247.3632858233923,3.4225100157087667,0,0,2,0.0,0.0,0.0,0.0,0.0,0.0,0.0,0.0,9.039893306971889
22,1,0.0,1285.0990532630346,2.8880222658566,0,0,2,0.0,0.0,0.0,0.0,0.0,0.0,0.0,1.0,31.80074962129629
6,1,9.918024299100056,7137.5000168615215,8.85018702410544,0,0,0,0.0,0.0,0.0,0.0,0.0,0.0,0.0,0.0,23.38542180070274
2,2,0.0,2287.6855154051977,11.116286966073295,0,0,1,0.0,0.0,0.0,0.0,0.0,1.0,0.0,0.0,18.477726988874323
9,0,0.0,8978.726816129445,4.7870927330129,1,1,1,0.0,0.0,0.0,0.0,0.0,0.0,0.0,1.0,74.46634500722807
9,5,0.0,9307.481396897088,1.5705773529363232,0,1,2,0.0,0.0,0.0,0.0,0.0,0.0,0.0,1.0,55.96847489978931
18,4,17.418592814470614,9766.165377590218,10.751195743651163,0,1,2,0.0,0.0,0.0,1.0,0.0,0.0,0.0,0.0,74.39818740816789
13,5,23.19270424851336,9409.088657404096,4.495467470700067,1,0,2,0.0,0.0,0.0,0.0,1.0,0.0,0.0,0.0,77.34421096733992
1,2,9.980189595909716,2937.316722609689,2.4954408646758273,1,1,2,1.0,0.0,0.0,0.0,0.0,0.0,0.0,0.0,64.26159384845916
0,3,24.942498657909336,5244.835393624071,2.215852925956975,1,0,0,1.0,0.0,0.0,0.0,0.0,0.0,0.0,0.0,86.0109234205955
22,3,8.237169466530647,2001.9132109103277,4.723643212900744,0,1,1,0.0,0.0,0.0,0.0,0.0,0.0,0.0,1.0,50.956320947090944
22,2,16.382964240098723,8120.233655172601,8.890170988706183,1,0,0,0.0,0.0,0.0,0.0,0.0,0.0,0.0,0.0,41.67543977089607
17,4,0.0,8917.787539897732,5.376033580407249,0,0,1,0.0,0.0,0.0,1.0,0.0,0.0,0.0,0.0,53.82771033183084
6,6,0.0,8557.501741185893,0.30992777390147386,1,0,0,0.0,0.0,0.0,0.0,0.0,1.0,0.0,0.0,16.90054502725838
7,2,9.545256285261095,4503.659402359299,1.453626520167166,1,0,2,0.0,0.0,0.0,0.0,1.0,0.0,0.0,0.0,100.0
0,4,8.001102919116427,7659.136681461776,4.357548707979286,1,0,0,0.0,0.0,0.0,0.0,1.0,0.0,0.0,0.0,95.3868923997426
22,1,29.009550540841126,1246.5179448898136,9.895567232206378,0,0,0,0.0,0.0,0.0,0.0,1.0,0.0,0.0,0.0,48.93622985406341
2,2,0.0,690.3742750067318,1.4777261020280075,0,0,2,0.0,0.0,0.0,0.0,0.0,0.0,1.0,0.0,37.397321208902234
23,4,23.61977512372186,7606.39321879498,8.409852802510228,1,0,2,0.0,0.0,0.0,0.0,0.0,1.0,0.0,0.0,65.23819558656714
22,2,29.52494878449645,4425.946160988232,1.7982880623600639,1,0,1,0.0,0.0,0.0,1.0,0.0,0.0,0.0,0.0,61.60594034356319
7,2,0.0,9956.827867973821,3.1742299102407223,0,0,1,1.0,0.0,0.0,0.0,0.0,0.0,0.0,0.0,54.655195521466354
21,6,0.0,1243.3658937986643,2.582827913336441,1,0,0,0.0,0.0,0.0,0.0,1.0,0.0,0.0,0.0,72.33670696763271
14,6,0.0,8599.588510891766,1.0084295335621574,0,0,0,0.0,0.0,0.0,1.0,0.0,0.0,0.0,0.0,38.03773941482411
4,4,0.0,4955.83573563122,10.069947260798854,0,1,0,0.0,0.0,1.0,0.0,0.0,0.0,0.0,0.0,36.74233889186251
2,4,0.0,8323.356896387606,6.951053210790517,0,0,2,0.0,0.0,0.0,1.0,0.0,0.0,0.0,0.0,14.01614879032772
18,0,0.0,8226.134637050405,12.465801613460073,0,0,1,0.0,0.0,0.0,0.0,0.0,0.0,0.0,1.0,51.54661295040484
0,2,0.0,9185.12241321215,1.4833625997347544,0,0,0,1.0,0.0,0.0,0.0,0.0,0.0,0.0,0.0,55.5193960477025
14,3,17.636570757893452,3189.145109475197,2.170994000071084,1,1,1,0.0,0.0,0.0,0.0,1.0,0.0,0.0,0.0,100.0
7,2,15.04189435785973,9513.05372858143,4.59686597025676,0,0,1,0.0,0.0,0.0,0.0,0.0,0.0,0.0,1.0,31.065458136720522
1,2,26.201524931131424,1771.1695154689166,11.487989804082122,0,0,2,0.0,0.0,0.0,1.0,0.0,0.0,0.0,0.0,45.36959440034874
2,4,0.0,1095.097142656858,4.586382347335482,1,0,2,0.0,0.0,0.0,0.0,1.0,0.0,0.0,0.0,98.91167288994453
23,2,0.0,4486.670518511787,6.126280612480389,1,0,0,0.0,0.0,1.0,0.0,0.0,0.0,0.0,0.0,51.37700166869187
13,5,20.40329095299832,8334.732795825874,4.524053494457468,0,1,0,0.0,0.0,0.0,1.0,0.0,0.0,0.0,0.0,32.54075979968323
23,2,0.0,4892.184967144422,1.2033643770154496,0,0,0,0.0,0.0,0.0,0.0,0.0,0.0,1.0,0.0,30.406102665271852
13,5,28.270034848051107,8344.080772045987,14.09150434344281,0,0,0,0.0,0.0,0.0,0.0,0.0,0.0,0.0,0.0,28.263652589728466
10,6,24.692625870206413,7377.96201620476,8.228084881067833,1,0,0,0.0,0.0,0.0,0.0,0.0,0.0,0.0,0.0,53.816575149894845
15,3,0.0,2331.4553455476553,11.817497822782451,0,0,1,0.0,0.0,1.0,0.0,0.0,0.0,0.0,0.0,38.961248589683905
3,4,14.132485521135395,9504.1517615248,9.87535638277944,0,0,1,0.0,1.0,0.0,0.0,0.0,0.0,0.0,0.0,52.36262872579238
19,2,0.0,889.5773357052132,7.7138141859296265,1,0,2,0.0,0.0,0.0,1.0,0.0,0.0,0.0,0.0,70.5303101217064
4,5,0.0,9013.313163174811,1.3451738498907018,0,0,2,0.0,0.0,0.0,0.0,0.0,0.0,1.0,0.0,22.721634636522815
21,5,13.540101754622919,3253.101455206628,9.641003179054564,0,0,1,0.0,0.0,0.0,0.0,0.0,0.0,0.0,0.0,15.23175360015687
20,6,0.0,5151.436406694673,2.330555339052482,1,0,2,0.0,0.0,0.0,1.0,0.0,0.0,0.0,0.0,50.74722299932461
13,5,12.97001699635996,4396.813165197124,6.215747540344149,0,0,2,0.0,0.0,0.0,1.0,0.0,0.0,0.0,0.0,37.1524872339961
22,1,0.0,1966.795202094087,9.436697152206456,0,0,0,1.0,0.0,0.0,0.0,0.0,0.0,0.0,0.0,50.512639307098944
15,0,0.0,3774.0246040964234,11.733435007081852,1,0,2,0.0,0.0,0.0,1.0,0.0,0.0,0.0,0.0,33.93423900952148
17,3,0.0,2171.464032040114,10.275677635629293,1,0,2,0.0,0.0,0.0,0.0,0.0,0.0,1.0,0.0,75.37194385603549
6,6,14.4071014041308,2277.6988119670814,10.073002935819432,0,0,2,0.0,0.0,0.0,0.0,0.0,1.0,0.0,0.0,31.512993713117503
9,6,0.0,2114.4513094558893,2.2356331376281124,0,0,1,1.0,0.0,0.0,0.0,0.0,0.0,0.0,0.0,56.147489632589064
6,2,0.0,5043.468589361964,5.1919281010738185,1,1,1,0.0,0.0,0.0,0.0,1.0,0.0,0.0,0.0,79.97664494225685
0,1,10.813890874477666,8039.934264859761,0.6436840899029123,0,0,0,0.0,0.0,0.0,0.0,0.0,0.0,0.0,0.0,23.656295505502605
22,2,0.0,5819.009327484037,10.792153397646969,0,0,2,0.0,1.0,0.0,0.0,0.0,0.0,0.0,0.0,42.259562667309595
20,2,12.285554408361419,8964.103908943167,14.288789719761287,0,1,1,0.0,0.0,0.0,0.0,1.0,0.0,0.0,0.0,44.61635335585999
18,4,0.0,6474.481539194225,3.9616558526861367,0,0,0,0.0,0.0,0.0,0.0,0.0,0.0,0.0,1.0,56.5755905986059
15,4,27.76587964940685,6986.599121636263,1.3154506374346397,1,0,2,0.0,0.0,0.0,0.0,0.0,0.0,0.0,0.0,49.1967707776076
18,4,24.867896735790364,6775.79012835193,7.133551151304804,0,0,0,0.0,0.0,0.0,0.0,1.0,0.0,0.0,0.0,88.15035241851135
3,1,0.0,4659.754173882289,12.850473346913532,1,0,0,1.0,0.0,0.0,0.0,0.0,0.0,0.0,0.0,67.81253960524248
17,2,0.0,6986.586575340803,8.279612929076695,1,1,2,0.0,0.0,0.0,0.0,0.0,0.0,0.0,1.0,85.89488000458442
1,0,12.836085445589735,976.1651407489232,0.7016572528516996,1,0,1,1.0,0.0,0.0,0.0,0.0,0.0,0.0,0.0,66.13338342390811
0,3,0.0,8640.559277581933,14.614083607919191,1,0,2,0.0,1.0,0.0,0.0,0.0,0.0,0.0,0.0,54.11636374168432
14,4,18.57279285813359,7844.777791405998,12.429748649439011,1,0,2,1.0,0.0,0.0,0.0,0.0,0.0,0.0,0.0,77.00571744746838
4,4,0.0,2678.7305948472845,1.9739111557726523,0,0,2,0.0,0.0,1.0,0.0,0.0,0.0,0.0,0.0,38.555157462461274
19,6,0.0,7749.914806264599,13.826966347552634,0,0,1,0.0,0.0,1.0,0.0,0.0,0.0,0.0,0.0,48.56387291766813
10,2,0.0,422.6332335801794,6.760324329077829,1,0,2,0.0,0.0,0.0,0.0,0.0,0.0,0.0,0.0,81.53707034610224
9,2,9.497890452379401,2407.29175306454,5.578469858624119,0,0,1,0.0,0.0,0.0,0.0,0.0,0.0,1.0,0.0,75.71162826401198
1,1,0.0,931.8312151076906,6.915799957907823,0,0,0,0.0,0.0,0.0,1.0,0.0,0.0,0.0,0.0,49.91073610334164
2,1,14.521168206835453,7868.201091193579,12.518579353064208,0,0,1,0.0,0.0,0.0,0.0,0.0,0.0,1.0,0.0,57.47135184704376
22,4,29.348084579969644,7631.979266430356,9.892195174301786,0,0,0,0.0,0.0,0.0,0.0,1.0,0.0,0.0,0.0,57.41629432604156
22,2,0.0,8192.269430877757,0.888726785995913,1,0,0,1.0,0.0,0.0,0.0,0.0,0.0,0.0,0.0,57.09023529077423
11,0,0.0,343.4724252576297,14.364065566742564,1,0,2,0.0,0.0,0.0,0.0,0.0,1.0,0.0,0.0,47.71044440831442
19,3,1.364596244168238,5161.957448780558,2.2167620021747663,0,0,1,0.0,0.0,0.0,0.0,0.0,0.0,0.0,1.0,54.177466095790834
4,2,0.0,7136.911115918164,11.183519276030266,1,0,0,0.0,0.0,0.0,0.0,0.0,1.0,0.0,0.0,22.769952672428435
4,6,27.33702930944014,1807.39094876845,9.542047956421966,0,0,0,0.0,0.0,0.0,1.0,0.0,0.0,0.0,0.0,61.93346649388379
5,2,0.0,6602.970056872459,2.812920719198413,1,1,1,0.0,0.0,1.0,0.0,0.0,0.0,0.0,0.0,32.36665096773644
8,5,0.0,1115.8679633039515,2.5609811416957444,0,0,1,0.0,0.0,0.0,0.0,0.0,0.0,1.0,0.0,58.8189931136313
1,1,29.93745403236863,2058.8608042118376,13.05491390557038,1,0,0,0.0,0.0,0.0,0.0,1.0,0.0,0.0,0.0,76.99260755210578
20,6,0.0,4915.22910544763,6.295423852493957,0,0,0,0.0,0.0,0.0,1.0,0.0,0.0,0.0,0.0,75.60587712626386
11,3,0.0,6639.58198100669,9.818647712612078,0,0,1,0.0,0.0,0.0,0.0,0.0,1.0,0.0,0.0,31.44064433103375
2,4,0.0,1714.9305314527921,7.561065057850099,1,0,1,0.0,1.0,0.0,0.0,0.0,0.0,0.0,0.0,60.297184567726234
19,6,0.0,2096.666309060098,10.910302756139393,0,1,0,0.0,0.0,0.0,0.0,0.0,0.0,0.0,1.0,60.57592972001904
21,2,0.0,2283.129760536931,7.188635625589958,1,0,2,0.0,0.0,1.0,0.0,0.0,0.0,0.0,0.0,39.49845536404335
11,4,9.284447375846009,2615.3978055800912,4.3106987288335255,0,0,1,0.0,0.0,1.0,0.0,0.0,0.0,0.0,0.0,38.888599889968326
23,2,0.0,2497.572330705025,5.450750564947446,0,0,0,0.0,0.0,0.0,0.0,0.0,0.0,1.0,0.0,27.529771092863783
16,4,0.0,4132.946352427076,12.88616541675514,0,0,0,0.0,0.0,0.0,0.0,1.0,0.0,0.0,0.0,25.375045519223125
9,3,28.603074742735053,6641.759613116213,7.020520393840906,0,1,2,0.0,0.0,0.0,0.0,0.0,0.0,0.0,0.0,64.94193085878844
23,1,0.0,4548.9082964043555,3.201739983669139,0,0,1,1.0,0.0,0.0,0.0,0.0,0.0,0.0,0.0,50.272438083936535
13,3,0.0,7826.946914873915,14.019080821158798,1,0,0,0.0,0.0,0.0,0.0,0.0,0.0,0.0,1.0,34.74385607595299
22,5,15.96333401511011,7276.9045077015635,11.949006847475655,0,1,2,0.0,0.0,0.0,0.0,1.0,0.0,0.0,0.0,24.964006400096032
16,0,14.336312313681919,1527.3110662760341,0.8349921908429869,1,0,1,0.0,0.0,0.0,0.0,0.0,1.0,0.0,0.0,57.817163523199575
17,1,0.0,773.7637462112161,14.984144429707767,0,0,2,0.0,0.0,0.0,0.0,0.0,0.0,0.0,1.0,57.96894803146264
18,3,21.16787369329476,8816.03317079618,10.423900446601534,0,0,0,0.0,1.0,0.0,0.0,0.0,0.0,0.0,0.0,99.57984724522306
16,5,0.0,1074.3613456598723,2.403998985608804,0,0,2,0.0,0.0,0.0,1.0,0.0,0.0,0.0,0.0,23.447442794806424
13,0,16.585253879543046,1738.890052981217,3.5575152194789466,0,0,0,0.0,0.0,0.0,1.0,0.0,0.0,0.0,0.0,57.712592906508895
8,5,0.0,514.6927729137452,10.386682218623204,1,0,0,0.0,0.0,0.0,0.0,0.0,1.0,0.0,0.0,86.26319866927425
7,2,0.0,6394.862743396941,11.69641582918683,0,0,2,1.0,0.0,0.0,0.0,0.0,0.0,0.0,0.0,49.32830530398315
1,2,0.0,5948.994462635981,3.585539147247092,0,0,2,0.0,0.0,1.0,0.0,0.0,0.0,0.0,0.0,42.316043278562006
12,4,0.0,9872.96556442198,3.854532808489062,0,1,0,0.0,0.0,1.0,0.0,0.0,0.0,0.0,0.0,43.47632743708258
6,1,0.0,8903.244244276568,4.606810423080913,0,0,2,0.0,0.0,0.0,0.0,0.0,0.0,1.0,0.0,42.44843817828286
8,2,12.422034773034493,4285.178821564824,8.97027547254955,0,0,1,0.0,1.0,0.0,0.0,0.0,0.0,0.0,0.0,80.62175508409254
21,6,0.0,3904.382656851589,2.577242674519154,0,0,1,1.0,0.0,0.0,0.0,0.0,0.0,0.0,0.0,62.13625897136133
21,5,0.0,3179.4647325158553,1.5636479832716628,0,0,2,0.0,0.0,0.0,0.0,0.0,0.0,0.0,1.0,10.413625727504838
10,1,0.0,1778.3471243674492,10.182961336282704,1,0,2,0.0,0.0,1.0,0.0,0.0,0.0,0.0,0.0,92.29996881368126
13,6,0.0,1639.4114690394879,11.686469096897552,1,0,1,0.0,0.0,0.0,0.0,0.0,0.0,0.0,1.0,3.9612621266804062
3,2,17.39885941605333,1583.1519676931725,7.513941066247582,0,0,0,0.0,0.0,0.0,0.0,1.0,0.0,0.0,0.0,46.00555948175504
12,4,0.0,1406.913144711752,5.457490654025781,0,0,0,0.0,0.0,0.0,0.0,0.0,0.0,0.0,0.0,7.5501288854985535
1,3,0.0,2632.966811333708,6.480640702897146,1,0,1,0.0,1.0,0.0,0.0,0.0,0.0,0.0,0.0,45.11786585668965
22,4,0.0,3274.6857140372294,5.826117508079278,1,0,0,0.0,0.0,0.0,0.0,0.0,1.0,0.0,0.0,20.29422405734413
4,6,23.59102157885094,9627.316019077483,14.399773623565128,1,0,2,0.0,0.0,0.0,0.0,0.0,0.0,0.0,1.0,41.68598434975665
10,0,0.0,5911.190534718292,11.521348578287103,1,1,2,0.0,0.0,0.0,0.0,0.0,0.0,1.0,0.0,63.428272061671365
5,2,0.0,9879.679012778824,3.1213082227516544,0,0,1,0.0,0.0,0.0,1.0,0.0,0.0,0.0,0.0,42.11829678944271
17,6,0.0,3912.9293939090303,5.762837280809701,1,0,1,0.0,0.0,0.0,0.0,0.0,0.0,1.0,0.0,64.82565087037113
20,0,0.0,4738.978336117578,8.160184370446647,1,1,1,1.0,0.0,0.0,0.0,0.0,0.0,0.0,0.0,90.63974209975741
9,0,0.0,3448.4129939032077,9.194787930955327,0,0,1,0.0,1.0,0.0,0.0,0.0,0.0,0.0,0.0,72.12603762706003
3,5,16.96934647154366,2074.0102136965606,7.022758440431506,0,1,0,0.0,0.0,0.0,0.0,0.0,0.0,1.0,0.0,43.74379211606236
8,1,4.261848283291867,1688.697665442518,12.151899525179386,0,1,0,0.0,0.0,0.0,0.0,0.0,0.0,0.0,1.0,77.95122151361947
5,5,21.1438750839656,9467.26821873597,11.514090291873476,0,0,0,0.0,0.0,0.0,0.0,0.0,0.0,1.0,0.0,37.93717140427125
1,2,0.0,9872.06361344793,7.577368779422501,0,0,2,0.0,0.0,1.0,0.0,0.0,0.0,0.0,0.0,34.54719319307627
16,0,0.0,735.6221161346961,12.816440801725957,0,0,2,0.0,0.0,0.0,0.0,1.0,0.0,0.0,0.0,34.42862451674245
4,6,0.0,1758.3549848981354,11.266342956635789,0,0,1,0.0,0.0,0.0,1.0,0.0,0.0,0.0,0.0,32.551559641466056
5,3,27.822685094482868,4408.183695319919,11.67872773080965,0,1,1,0.0,0.0,1.0,0.0,0.0,0.0,0.0,0.0,49.10464182586144
11,0,0.0,2107.434720540751,14.34601169150125,0,1,0,0.0,0.0,0.0,0.0,0.0,0.0,0.0,1.0,43.193564890034295
22,6,14.627953141486827,3829.639818180768,3.9970041181380402,1,0,0,0.0,1.0,0.0,0.0,0.0,0.0,0.0,0.0,68.4361542086515
20,3,0.0,1552.2345936384436,4.014722435502738,0,0,0,0.0,0.0,0.0,0.0,0.0,0.0,0.0,0.0,49.92512859631703
9,5,0.0,4728.164040201365,13.334283835359601,1,0,1,0.0,0.0,0.0,0.0,0.0,1.0,0.0,0.0,57.1874361799674
21,5,0.0,2935.437776841815,11.583395600785192,1,0,0,0.0,0.0,0.0,0.0,0.0,0.0,1.0,0.0,35.18748208564917
20,1,0.0,3713.47904085901,13.89818312153441,1,0,1,0.0,1.0,0.0,0.0,0.0,0.0,0.0,0.0,100.0
5,6,13.065150823597778,1214.8327191886515,0.946952404866796,1,1,1,0.0,1.0,0.0,0.0,0.0,0.0,0.0,0.0,62.17414665254368
7,0,2.1704552969245663,4452.842091888375,9.416356158923948,0,0,2,0.0,0.0,0.0,0.0,1.0,0.0,0.0,0.0,24.217133060218504
1,4,0.0,9837.598826327227,2.1694250718517116,0,0,2,1.0,0.0,0.0,0.0,0.0,0.0,0.0,0.0,49.32350823786867
11,5,0.0,3489.680554747546,7.558457974388739,0,0,1,0.0,0.0,0.0,0.0,1.0,0.0,0.0,0.0,30.544599854908327
12,5,3.011024852851618,8801.36396597162,2.3362039778016634,1,0,0,0.0,0.0,0.0,1.0,0.0,0.0,0.0,0.0,54.7388869681953
20,1,19.013371186297515,8479.031673749745,1.921177634773189,0,0,1,0.0,0.0,0.0,0.0,0.0,1.0,0.0,0.0,70.87688927551538
6,3,0.0,9534.966657482943,0.18252518073049728,0,0,1,0.0,0.0,0.0,0.0,0.0,0.0,0.0,1.0,25.12820443246261
9,1,0.0,7964.062268990816,9.453582185743565,1,0,1,0.0,0.0,0.0,0.0,0.0,0.0,0.0,1.0,60.40976560029743
12,0,0.0,6698.089222470505,5.385339250351291,1,0,1,0.0,0.0,0.0,0.0,0.0,0.0,0.0,0.0,26.302635528504275
16,6,0.0,8608.869109006338,1.5778242731845755,1,0,2,0.0,0.0,0.0,0.0,0.0,1.0,0.0,0.0,23.1033684130616
20,2,0.0,1033.7534023762914,4.842566665969647,0,0,2,0.0,1.0,0.0,0.0,0.0,0.0,0.0,0.0,66.64693681889769
13,2,0.0,4789.457374828436,2.5341613717737745,0,0,1,0.0,0.0,1.0,0.0,0.0,0.0,0.0,0.0,38.818294605199775
1,6,0.0,9895.78551456607,14.125422472524892,0,0,2,1.0,0.0,0.0,0.0,0.0,0.0,0.0,0.0,42.44103883038188
21,3,0.0,7765.121467558903,4.800073286420222,0,0,2,0.0,0.0,0.0,0.0,0.0,0.0,0.0,0.0,24.965347323130615
10,5,0.0,9632.131166961064,5.009302849340848,1,0,0,0.0,1.0,0.0,0.0,0.0,0.0,0.0,0.0,98.26986975489042
0,3,18.18950842123596,7862.453254494747,12.597870050993784,0,0,2,0.0,0.0,0.0,0.0,0.0,0.0,0.0,1.0,28.91786791610167
18,5,10.950759121164692,8786.355084188799,9.716336419290062,0,0,2,0.0,0.0,0.0,0.0,0.0,0.0,0.0,0.0,48.45804384907159
20,5,0.0,7153.337433340953,10.65257411104502,1,0,1,0.0,1.0,0.0,0.0,0.0,0.0,0.0,0.0,86.1674406288534
3,2,15.096850361583527,7676.869442847226,9.540027059834408,0,0,2,0.0,0.0,0.0,1.0,0.0,0.0,0.0,0.0,35.88955923943865
18,3,13.943526178125024,5374.8266954431565,14.192944259228481,1,0,2,0.0,1.0,0.0,0.0,0.0,0.0,0.0,0.0,100.0
20,1,0.0,9265.10569789709,3.105012473370677,1,0,2,0.0,0.0,1.0,0.0,0.0,0.0,0.0,0.0,74.49713887895324
10,5,0.0,8302.877433046608,14.835588626336936,1,0,1,0.0,0.0,1.0,0.0,0.0,0.0,0.0,0.0,61.04247851877075
7,4,5.351947557857431,8485.684166956631,12.464342663347697,0,0,1,0.0,0.0,0.0,0.0,0.0,0.0,0.0,0.0,18.416502648487338
10,4,15.39208268590314,6828.188279341608,8.834588833145133,0,0,2,0.0,0.0,0.0,0.0,1.0,0.0,0.0,0.0,73.02919683668634
3,1,24.4205020655979,3254.4254867463155,9.935574365943735,1,1,1,0.0,0.0,0.0,0.0,0.0,1.0,0.0,0.0,58.21297981874403
16,4,23.305809806948442,645.6090152843515,9.73238814750921,1,0,1,0.0,0.0,0.0,0.0,0.0,1.0,0.0,0.0,74.11061748153833
6,0,23.65745295325413,9375.854755272581,0.8759433608873085,0,0,0,0.0,0.0,0.0,0.0,1.0,0.0,0.0,0.0,65.03695565445744
7,5,0.0,5985.36738341332,3.270247477979079,0,0,2,0.0,0.0,0.0,0.0,0.0,1.0,0.0,0.0,26.800144992756433
2,1,0.0,3191.9868201369604,14.422063267871238,0,0,0,0.0,1.0,0.0,0.0,0.0,0.0,0.0,0.0,51.62232355356526
21,3,0.0,1746.6105461211166,8.015466432890689,1,0,2,0.0,0.0,0.0,1.0,0.0,0.0,0.0,0.0,38.96588159280305
1,5,0.0,8346.37470535732,5.67530404892868,0,0,2,0.0,0.0,0.0,0.0,0.0,1.0,0.0,0.0,38.3025153721278
22,1,5.824580898556472,8414.245886141514,11.430576950836125,0,0,0,0.0,0.0,0.0,1.0,0.0,0.0,0.0,0.0,59.527063703606956
14,2,0.0,8200.727290866154,7.867784139837143,0,0,0,1.0,0.0,0.0,0.0,0.0,0.0,0.0,0.0,45.99287083511582
23,3,29.268149057673362,6557.302112077827,0.19744157147846386,0,0,2,0.0,0.0,0.0,0.0,1.0,0.0,0.0,0.0,69.95748893517954
21,2,0.0,3850.349259641196,11.043563950726769,1,1,0,0.0,0.0,0.0,0.0,0.0,1.0,0.0,0.0,29.396898171707292
21,5,0.0,3249.481762368493,10.98326340079292,0,0,0,1.0,0.0,0.0,0.0,0.0,0.0,0.0,0.0,35.35194373269702
4,3,0.0,382.9812701462508,2.477230681649616,0,1,1,0.0,0.0,0.0,0.0,0.0,0.0,1.0,0.0,32.71472669949595
23,4,0.0,8385.99331927593,14.3499013263632,0,0,2,0.0,0.0,0.0,1.0,0.0,0.0,0.0,0.0,33.9541831517916
0,1,19.39205209997399,1148.0971656883319,3.358621973116715,0,0,1,0.0,0.0,0.0,0.0,0.0,0.0,1.0,0.0,40.00275239847917
3,5,16.36088556400925,6418.323480995446,6.86624051073299,0,0,2,0.0,1.0,0.0,0.0,0.0,0.0,0.0,0.0,49.95286591283703
14,0,1.536190475709872,5189.526984348857,1.7210394189137201,0,0,1,1.0,0.0,0.0,0.0,0.0,0.0,0.0,0.0,58.73183861684898
19,3,0.0,5408.8867815856065,9.049234791758826,0,0,2,0.0,0.0,0.0,0.0,0.0,1.0,0.0,0.0,66.19581866521847
18,3,0.0,9289.114599485401,5.631766800858188,1,0,1,0.0,0.0,0.0,1.0,0.0,0.0,0.0,0.0,63.58644077171765
2,6,0.0,606.6656093310485,5.297601933145582,0,0,2,0.0,0.0,0.0,1.0,0.0,0.0,0.0,0.0,22.13644930494474
19,5,0.0,7801.904578899092,12.40465315831421,1,0,1,0.0,0.0,0.0,0.0,0.0,0.0,1.0,0.0,72.82955064038289
10,5,14.754339669673678,804.9082641628792,0.14342569275717365,0,0,0,0.0,0.0,0.0,0.0,0.0,0.0,0.0,1.0,67.75671922255172
16,2,5.153673284333005,670.0899775731589,11.969201563386337,0,0,2,0.0,0.0,0.0,0.0,0.0,0.0,1.0,0.0,51.18224613274237
12,6,8.361411454234469,4469.2316719714045,8.57172848622118,0,0,0,1.0,0.0,0.0,0.0,0.0,0.0,0.0,0.0,41.15390433868711
10,4,0.0,911.8291911267772,14.791477702202986,0,0,1,0.0,0.0,0.0,0.0,0.0,1.0,0.0,0.0,46.227568107092495
1,2,5.869988868760273,7954.696327541246,8.841648309063736,0,0,2,0.0,0.0,0.0,1.0,0.0,0.0,0.0,0.0,43.6258646899504
8,6,0.0,5436.7620083888705,0.8306870122193688,0,0,1,0.0,0.0,0.0,0.0,0.0,1.0,0.0,0.0,44.50694763839845
1,2,4.593403373165953,581.6761917998122,0.7596798966558949,0,1,1,0.0,1.0,0.0,0.0,0.0,0.0,0.0,0.0,66.9594596294363
20,4,0.0,692.8566588746193,13.24729479557748,0,0,0,0.0,0.0,1.0,0.0,0.0,0.0,0.0,0.0,65.82112378658637
8,6,0.0,6242.88473847295,12.618212182665797,0,0,2,0.0,0.0,0.0,0.0,0.0,1.0,0.0,0.0,53.86961110630517
8,6,0.0,8119.284631286528,5.1883511337303485,0,0,1,1.0,0.0,0.0,0.0,0.0,0.0,0.0,0.0,76.25997304965905
7,0,4.6192238923148725,4546.655453365303,9.270487262717058,0,0,0,1.0,0.0,0.0,0.0,0.0,0.0,0.0,0.0,51.75914018343272
16,2,0.0,5679.432513895556,7.343870355834005,1,0,0,0.0,0.0,0.0,0.0,0.0,0.0,0.0,0.0,26.962570132885133
0,2,0.0,8058.3457042840455,14.507460827040783,0,0,0,0.0,0.0,0.0,0.0,0.0,0.0,0.0,0.0,10.710460768526769
10,3,7.1195311261167324,6221.909888205646,14.249413513153373,1,1,0,0.0,0.0,0.0,0.0,0.0,0.0,0.0,0.0,49.9291028265159
7,4,0.0,2480.174305290549,14.757585128111618,0,0,1,0.0,0.0,0.0,0.0,1.0,0.0,0.0,0.0,23.184790603091344
9,1,0.0,6246.604650933942,12.996731709513963,1,0,1,0.0,0.0,0.0,1.0,0.0,0.0,0.0,0.0,60.814486394602795
6,0,0.0,6394.310752932572,13.643273861626518,0,0,1,0.0,0.0,0.0,0.0,0.0,0.0,1.0,0.0,36.92566686966885
2,6,0.0,7420.8377145469285,3.2591816815070462,1,0,2,0.0,0.0,0.0,1.0,0.0,0.0,0.0,0.0,25.572919756558214
2,6,2.466996645318016,6322.479619300972,12.465101834846617,0,0,2,0.0,0.0,0.0,0.0,0.0,0.0,0.0,0.0,17.19355424608404
17,6,12.547922427077271,9701.648665442968,10.63285669806412,0,0,0,0.0,0.0,0.0,0.0,0.0,0.0,1.0,0.0,64.2759378293024
4,0,0.0,2213.6965945555644,14.441797632421052,0,0,1,0.0,0.0,0.0,0.0,1.0,0.0,0.0,0.0,28.852947000527127
11,6,5.622338639513308,9525.57959180064,8.568927426639291,0,0,0,0.0,0.0,0.0,0.0,0.0,0.0,1.0,0.0,31.31399892760263
11,6,0.0,5521.893056395158,1.2775075006583454,1,0,1,1.0,0.0,0.0,0.0,0.0,0.0,0.0,0.0,50.95005649221082
18,4,0.0,6817.974562800647,8.960983367807295,0,0,2,0.0,0.0,0.0,0.0,0.0,0.0,1.0,0.0,59.98340422072123
5,5,0.0,1264.7774952862414,10.298713920319317,0,0,0,0.0,0.0,0.0,0.0,1.0,0.0,0.0,0.0,30.93463772866243
1,5,0.0,3991.586631367638,3.304815430686425,0,0,1,0.0,0.0,0.0,0.0,0.0,0.0,0.0,0.0,24.723230120182002
11,3,0.0,7762.977720692775,5.911700752690926,0,0,1,0.0,0.0,0.0,0.0,0.0,0.0,0.0,0.0,25.997318555216975
18,3,9.708284083022123,7157.036846460206,8.9775512107752,0,0,1,0.0,0.0,0.0,1.0,0.0,0.0,0.0,0.0,66.74632574294934
4,6,25.159714634773714,689.3520652044788,5.611586059747583,0,1,0,0.0,0.0,0.0,0.0,0.0,1.0,0.0,0.0,44.474161603647225
11,4,0.0,5601.964355923273,5.624215758579959,0,0,2,0.0,0.0,1.0,0.0,0.0,0.0,0.0,0.0,41.94376080335067
16,6,0.0,1156.2984717935715,1.996299587591961,0,0,1,0.0,0.0,0.0,1.0,0.0,0.0,0.0,0.0,16.840056371337603
16,3,4.582512950028498,9959.807363028174,14.11120084616499,0,0,0,0.0,1.0,0.0,0.0,0.0,0.0,0.0,0.0,43.738984431767975
9,0,2.4878145752917815,9003.776908772958,11.257415767426448,0,0,1,1.0,0.0,0.0,0.0,0.0,0.0,0.0,0.0,75.42066056578533
22,0,19.253262133230336,504.48240615680845,0.018651582991530136,0,0,0,1.0,0.0,0.0,0.0,0.0,0.0,0.0,0.0,89.62993207834565
16,1,0.0,8628.90091535552,11.484199260332478,0,0,2,0.0,0.0,0.0,1.0,0.0,0.0,0.0,0.0,29.321983596325556
14,5,27.236718012384983,9218.467125416553,11.096924889867882,0,1,1,0.0,0.0,1.0,0.0,0.0,0.0,0.0,0.0,62.98728841983275
11,4,0.0,3729.4177588655143,0.1459644023328449,1,0,0,1.0,0.0,0.0,0.0,0.0,0.0,0.0,0.0,50.66757476165803
15,2,0.0,7279.1660539633285,5.5440644642064685,1,0,1,0.0,0.0,0.0,1.0,0.0,0.0,0.0,0.0,37.33405630588579
23,5,0.0,4588.406338215455,9.10121535488296,1,0,0,0.0,0.0,0.0,0.0,0.0,0.0,0.0,1.0,24.918716085445357
18,2,0.0,6655.755100390537,6.791259777870538,0,0,2,0.0,0.0,0.0,0.0,0.0,0.0,1.0,0.0,66.17729425321787
7,1,0.0,3601.078821692457,11.669791780807609,1,0,2,0.0,0.0,0.0,0.0,0.0,0.0,0.0,1.0,19.603233525068905
20,1,0.0,3428.824595342703,6.38187498951651,0,1,0,0.0,0.0,0.0,0.0,0.0,0.0,0.0,1.0,55.27381695394419
16,6,0.0,4417.008721918517,2.3079445418075557,0,0,2,0.0,0.0,0.0,0.0,0.0,0.0,1.0,0.0,29.95539810881519
22,3,25.5895190709041,1712.0072589292613,14.646234364107428,0,0,1,0.0,0.0,0.0,0.0,0.0,0.0,0.0,1.0,40.57388655494378
4,1,0.0,8362.047955023212,3.630599891640699,1,0,2,0.0,0.0,1.0,0.0,0.0,0.0,0.0,0.0,54.090740708707145
21,1,0.0,3682.3695850078752,10.765384658119984,1,1,1,0.0,0.0,0.0,0.0,0.0,0.0,1.0,0.0,55.78365148984127
15,2,0.0,4181.450672886698,2.1473446749610794,0,1,2,1.0,0.0,0.0,0.0,0.0,0.0,0.0,0.0,44.75121778214732
5,3,11.827747064872357,8972.329743210803,4.93518920675899,0,0,2,0.0,0.0,0.0,0.0,0.0,0.0,0.0,1.0,30.284596484382806
7,1,0.0,5117.250996412762,6.6304141264563565,0,0,1,0.0,0.0,0.0,0.0,0.0,0.0,0.0,1.0,8.790549165849985
17,5,0.0,5579.262920703371,2.8834800679059587,1,0,2,0.0,1.0,0.0,0.0,0.0,0.0,0.0,0.0,79.69058178845584
11,1,0.0,9578.031810337856,6.749393645529143,1,1,1,0.0,0.0,0.0,0.0,1.0,0.0,0.0,0.0,88.85384988272013
14,3,21.867064073722496,8901.245916506396,2.35744234487625,0,0,1,0.0,0.0,0.0,0.0,0.0,1.0,0.0,0.0,37.51883113204113
8,6,28.574739013029735,1943.8270762178634,8.385098084788352,0,0,2,0.0,1.0,0.0,0.0,0.0,0.0,0.0,0.0,89.95168294415703
12,4,0.0,4890.185790205619,9.955698787802909,0,1,2,0.0,0.0,0.0,1.0,0.0,0.0,0.0,0.0,40.683615054364196
14,3,0.0,9721.573406056892,0.9365142604201615,1,0,1,0.0,0.0,0.0,0.0,0.0,0.0,0.0,0.0,31.52624422495987
9,2,24.432575916440246,3911.953092817446,13.066981816232522,1,0,0,0.0,1.0,0.0,0.0,0.0,0.0,0.0,0.0,100.0
15,4,0.0,3904.2591526071405,2.7771132756305326,0,0,2,0.0,0.0,0.0,0.0,0.0,0.0,1.0,0.0,33.052725231644146
6,5,7.553653600406531,2191.7932483547975,3.380436379804857,0,0,2,0.0,1.0,0.0,0.0,0.0,0.0,0.0,0.0,45.46206988058769
16,0,0.0,1408.9342069555146,9.920247601245945,1,0,0,0.0,0.0,0.0,0.0,0.0,0.0,1.0,0.0,47.0219374766616
22,3,0.0,7480.956470333023,7.031265906516211,0,0,0,0.0,0.0,0.0,0.0,0.0,0.0,0.0,1.0,22.995896633480985
20,6,0.0,7769.29554640471,7.4909339875659855,1,0,2,0.0,0.0,0.0,0.0,1.0,0.0,0.0,0.0,88.44890135940018
21,2,0.0,9699.425745979099,1.9223247684469902,0,0,2,0.0,0.0,0.0,0.0,0.0,1.0,0.0,0.0,27.111204301614315
6,5,15.757513944914646,7802.156645782021,12.086037328146123,1,0,2,0.0,0.0,0.0,0.0,1.0,0.0,0.0,0.0,53.37129506168438
13,4,29.220936749161915,2660.5191921259075,9.25581369156315,1,1,0,0.0,0.0,0.0,0.0,0.0,0.0,1.0,0.0,64.05265550780383
14,5,0.0,689.1308093985999,2.0307306496418405,0,0,2,0.0,0.0,0.0,0.0,0.0,1.0,0.0,0.0,34.97596743146623
20,3,4.85138334990324,9858.742628385704,5.60999050538394,1,0,0,0.0,0.0,0.0,0.0,0.0,0.0,0.0,0.0,44.94362556386114
6,1,0.0,3602.3717467729757,12.156148991025452,0,0,0,0.0,1.0,0.0,0.0,0.0,0.0,0.0,0.0,50.199174440205255
8,6,0.0,3326.1239615944814,8.52532568979931,1,0,1,0.0,1.0,0.0,0.0,0.0,0.0,0.0,0.0,75.44888465622284
18,3,0.0,9087.765534569011,1.629731686993957,1,1,0,0.0,1.0,0.0,0.0,0.0,0.0,0.0,0.0,62.21584843029419
15,0,23.954878908117394,5975.469015886365,5.591655686839301,0,0,1,0.0,0.0,1.0,0.0,0.0,0.0,0.0,0.0,66.13209897078579
7,3,15.721130096027608,2384.2503863366055,3.640415976836019,0,0,0,0.0,0.0,0.0,0.0,0.0,0.0,0.0,0.0,40.54319303909802
17,4,17.162994509148753,8924.233554347524,7.761983304805896,0,1,0,1.0,0.0,0.0,0.0,0.0,0.0,0.0,0.0,85.48864812992163
22,4,25.590406769637767,9935.60029403101,12.650416933079843,1,0,1,0.0,0.0,0.0,1.0,0.0,0.0,0.0,0.0,64.65379035465124
17,3,24.17784460246076,1140.782043163058,6.544007022066297,1,0,1,0.0,0.0,0.0,0.0,1.0,0.0,0.0,0.0,100.0
19,4,3.9663456846089904,8663.840794534126,6.500130455524847,0,1,1,0.0,0.0,0.0,0.0,0.0,0.0,0.0,1.0,86.02825738976034
6,1,21.41743752250903,4088.0022675386217,13.580263534905555,1,0,1,1.0,0.0,0.0,0.0,0.0,0.0,0.0,0.0,85.38398545295762
2,5,13.063083867061065,5383.5027311150325,8.642781187609087,0,0,1,0.0,0.0,0.0,0.0,0.0,0.0,0.0,1.0,26.296582482612536
17,3,0.0,9173.714964920313,8.492866310961103,0,0,1,0.0,0.0,0.0,0.0,0.0,1.0,0.0,0.0,63.75957079189922
9,6,0.0,9741.778199018638,3.928648378130841,0,1,1,0.0,0.0,0.0,0.0,0.0,0.0,0.0,1.0,67.86153621377353
6,1,0.0,2842.9899309653542,9.115841217556895,0,0,0,0.0,0.0,1.0,0.0,0.0,0.0,0.0,0.0,56.57609026607291
16,5,0.0,2364.6524783111636,8.638657011260946,0,0,0,0.0,0.0,0.0,0.0,0.0,1.0,0.0,0.0,15.219480447029461
13,6,0.0,1081.0106183376652,5.9527720551279595,0,1,1,0.0,0.0,0.0,0.0,0.0,0.0,0.0,0.0,13.438226575315397
23,6,0.0,5749.439170822739,14.860433488487708,0,0,2,0.0,0.0,0.0,0.0,0.0,0.0,1.0,0.0,20.03068798405323
2,6,23.08456161946761,431.96263587148223,13.228364474221301,1,0,1,0.0,0.0,0.0,0.0,0.0,1.0,0.0,0.0,82.07716439286479
11,5,0.0,4295.413486816385,11.243794351152234,0,0,2,0.0,0.0,0.0,0.0,0.0,1.0,0.0,0.0,20.378451760193396
12,1,0.0,1011.824961524483,8.060183826195008,0,0,0,1.0,0.0,0.0,0.0,0.0,0.0,0.0,0.0,57.656591901091765
1,6,0.0,4230.69009441454,6.930897028419453,0,0,0,0.0,0.0,0.0,0.0,0.0,0.0,0.0,1.0,13.677153492263455
2,6,0.29879223612909955,687.3422358764099,2.7734609283479905,1,1,2,0.0,0.0,0.0,0.0,0.0,0.0,1.0,0.0,42.58201582337103
4,2,0.0,8401.607427905059,4.5860621102193555,1,0,0,0.0,0.0,0.0,0.0,0.0,0.0,0.0,0.0,6.66386987094106
10,3,0.0,2334.4682412040893,11.609411997348152,1,0,1,0.0,0.0,0.0,0.0,0.0,0.0,0.0,0.0,63.985635997694686
7,5,9.65539905603961,3484.594490471746,6.806234309063272,1,0,2,0.0,0.0,0.0,1.0,0.0,0.0,0.0,0.0,45.774472907037314
22,5,7.394337287302086,8739.465567082001,13.234042748542521,0,0,2,1.0,0.0,0.0,0.0,0.0,0.0,0.0,0.0,41.17485722733366
22,4,0.0,7538.780794922389,2.2186670451829316,0,0,0,0.0,0.0,0.0,0.0,0.0,0.0,0.0,0.0,5.520959785750231
11,5,0.0,2424.6721079279673,7.625206440204547,1,0,2,0.0,0.0,0.0,0.0,0.0,0.0,1.0,0.0,44.23557686302204
6,1,0.0,997.4243609777117,9.70448526031963,1,0,2,0.0,0.0,1.0,0.0,0.0,0.0,0.0,0.0,61.07959286696791
14,5,18.36498662169437,7242.0356354967935,7.7527268446188895,0,1,2,1.0,0.0,0.0,0.0,0.0,0.0,0.0,0.0,61.02017541019018
23,2,0.0,4089.8147416746606,13.338403373774806,1,0,0,0.0,0.0,0.0,1.0,0.0,0.0,0.0,0.0,52.22274208233255
16,3,0.0,7730.975991446746,14.843449227437096,1,0,2,0.0,0.0,0.0,0.0,1.0,0.0,0.0,0.0,39.81243263921011
3,3,0.0,4619.359292039541,1.737519875120546,1,0,2,0.0,0.0,0.0,0.0,0.0,0.0,1.0,0.0,54.80671375358259
21,5,0.0,3656.223405831081,1.949323561153815,1,0,1,0.0,0.0,0.0,0.0,0.0,1.0,0.0,0.0,20.9207546313403
12,6,1.0519484705615612,4676.692459660247,1.954861703401816,0,1,1,0.0,0.0,0.0,0.0,0.0,1.0,0.0,0.0,22.101176947448405
17,0,0.0,7561.022161005564,10.217656441057914,0,0,2,0.0,0.0,0.0,0.0,0.0,0.0,0.0,0.0,44.95780002894147
0,0,0.0,9051.536779441629,5.5901414324375684,0,0,0,0.0,1.0,0.0,0.0,0.0,0.0,0.0,0.0,47.623576459262146
15,6,0.0,782.7418069091827,10.99971991898859,0,0,2,0.0,1.0,0.0,0.0,0.0,0.0,0.0,0.0,38.486408130379466
12,6,0.0,5383.881949901464,6.082072093304681,1,0,0,0.0,0.0,0.0,0.0,0.0,1.0,0.0,0.0,24.09304003885992
9,6,0.0,618.5036621136128,9.414100819980954,0,0,1,1.0,0.0,0.0,0.0,0.0,0.0,0.0,0.0,86.96202555083921
11,1,12.951984715285475,4843.57258673628,11.547870085183403,0,0,1,0.0,0.0,0.0,0.0,0.0,1.0,0.0,0.0,44.559571903936536
1,0,13.589943024898915,8887.243442239933,8.223238659823808,0,0,2,0.0,0.0,0.0,0.0,0.0,0.0,0.0,1.0,38.93329832561657
22,6,15.386478075287211,3807.425584277004,8.09255385675009,1,0,0,0.0,0.0,0.0,0.0,0.0,0.0,0.0,0.0,34.660080130233304
2,1,21.390943691253117,9344.76908448224,1.323514879284517,0,0,0,1.0,0.0,0.0,0.0,0.0,0.0,0.0,0.0,58.16220183944905
9,4,8.205085974891212,6416.902175010911,6.1617261436415225,0,0,0,0.0,0.0,0.0,0.0,1.0,0.0,0.0,0.0,83.27365094051059
1,1,0.0,9361.306834792162,8.186657298374064,0,0,2,1.0,0.0,0.0,0.0,0.0,0.0,0.0,0.0,52.42290693428003
22,0,16.681720055743845,7644.51626650144,6.929712384996149,0,0,0,1.0,0.0,0.0,0.0,0.0,0.0,0.0,0.0,58.40887104580415
12,5,9.809328697282178,1303.3211164929942,13.511730002826383,1,0,1,0.0,0.0,0.0,1.0,0.0,0.0,0.0,0.0,32.493001940395665
12,4,13.274739410041121,2542.1682653579674,13.59795948179234,1,0,0,0.0,0.0,0.0,0.0,0.0,1.0,0.0,0.0,53.862094704514085
17,0,0.0,4123.453409460009,12.328760708831426,0,0,0,0.0,0.0,1.0,0.0,0.0,0.0,0.0,0.0,65.68956222197198
2,1,0.0,1950.0367555171374,5.6294711305968,1,0,2,0.0,0.0,0.0,0.0,1.0,0.0,0.0,0.0,82.41287314390514
6,2,18.608364513025286,5100.642566333607,10.759487275313015,0,0,2,0.0,1.0,0.0,0.0,0.0,0.0,0.0,0.0,53.87460907558186
13,3,16.326000063408834,4872.2711103044585,5.929326916044147,1,1,2,0.0,0.0,1.0,0.0,0.0,0.0,0.0,0.0,52.87231055972696
19,0,22.193891158082973,9575.714220865599,3.4889039846363854,0,1,2,0.0,0.0,1.0,0.0,0.0,0.0,0.0,0.0,76.6588884123125
16,6,0.0,4507.1604640909845,5.1435396532632245,1,0,2,0.0,0.0,1.0,0.0,0.0,0.0,0.0,0.0,32.067176963298344
20,1,0.0,7920.580001593578,1.0644694992830321,0,0,0,0.0,0.0,0.0,0.0,0.0,0.0,0.0,0.0,46.073374474620664
11,6,0.0,9436.532285059355,4.976662635069708,0,0,0,0.0,0.0,1.0,0.0,0.0,0.0,0.0,0.0,27.348380378725828
15,6,26.206788068178383,8806.79166044766,6.911133258917574,0,0,2,0.0,0.0,1.0,0.0,0.0,0.0,0.0,0.0,40.50283786937598
23,6,0.0,2324.0759577624403,14.33221342171245,0,0,2,0.0,0.0,0.0,0.0,1.0,0.0,0.0,0.0,0.9563167603752163
11,6,0.0,5111.48997425938,4.701158793294374,1,0,0,0.0,0.0,0.0,0.0,0.0,0.0,0.0,1.0,5.72747867647717
14,6,22.927368625571404,3673.0758882704795,13.53680308808281,0,0,2,0.0,0.0,0.0,0.0,1.0,0.0,0.0,0.0,29.936960854222104
9,4,0.0,4178.629342830991,3.4328741373524556,0,1,1,0.0,0.0,0.0,0.0,1.0,0.0,0.0,0.0,69.35686128167698
6,0,2.1302034066776567,3799.826214583787,2.864533466388741,1,1,0,0.0,0.0,0.0,0.0,0.0,1.0,0.0,0.0,34.36041483508768
19,0,0.0,8315.68433869754,7.784931846482474,0,0,1,0.0,0.0,0.0,0.0,0.0,1.0,0.0,0.0,65.62008555482568
4,3,0.9234930671292041,4685.74883468774,10.08767053946109,1,0,0,0.0,0.0,0.0,0.0,0.0,0.0,0.0,0.0,13.657707182850245
0,1,0.0,5379.835022773475,0.6649837620342214,0,0,0,0.0,0.0,0.0,0.0,0.0,0.0,1.0,0.0,37.39680874837378
16,2,22.763824281129388,9829.739363356624,3.3159879757082504,0,0,0,0.0,0.0,0.0,0.0,0.0,0.0,0.0,0.0,28.73267660001348
2,4,28.593332558457913,881.7989402577094,6.835254997519746,1,0,0,0.0,0.0,0.0,0.0,0.0,0.0,0.0,1.0,44.02149303341728
12,1,0.0,5033.189105970263,4.965065039747722,0,0,0,0.0,0.0,1.0,0.0,0.0,0.0,0.0,0.0,42.97033505054566
13,4,0.0,7808.398557377326,10.689316190224828,0,0,0,0.0,0.0,0.0,0.0,0.0,0.0,0.0,1.0,30.399490658189837
23,0,0.0,1766.2709944257974,7.667408940619752,1,0,0,0.0,0.0,0.0,0.0,0.0,0.0,1.0,0.0,49.5746995807701
17,6,9.91898864578626,6231.856467763307,2.405386584058503,0,0,2,0.0,0.0,0.0,0.0,0.0,0.0,0.0,1.0,56.82290103548548
3,3,2.709556808972191,2622.8083614843276,13.416980689726358,1,1,2,0.0,0.0,0.0,0.0,1.0,0.0,0.0,0.0,47.96496295712609
17,3,0.0,8713.819898278305,4.393585132250394,1,0,2,0.0,0.0,0.0,0.0,0.0,0.0,0.0,1.0,62.63969401594761
4,5,14.37122177023841,3472.866754380769,10.966966634466353,0,0,1,0.0,0.0,1.0,0.0,0.0,0.0,0.0,0.0,38.41415602352319
15,2,0.0,3491.9093239388226,11.698736686581148,1,0,0,0.0,1.0,0.0,0.0,0.0,0.0,0.0,0.0,66.41222364009441
0,3,18.374685212912503,6102.4806216235675,14.447365503841532,0,0,2,0.0,1.0,0.0,0.0,0.0,0.0,0.0,0.0,52.409215182249085
20,6,22.138593607588152,2080.5602087631146,7.477611997861521,0,1,2,0.0,0.0,0.0,0.0,0.0,0.0,1.0,0.0,71.71736758961555
13,0,0.0,3063.419797359692,9.237532731966482,1,0,2,1.0,0.0,0.0,0.0,0.0,0.0,0.0,0.0,49.77387205718158
14,2,0.0,4341.328946158292,5.023144402193006,1,0,0,0.0,0.0,0.0,0.0,1.0,0.0,0.0,0.0,74.98185090406193
8,1,0.0,3730.2872724590707,10.172689401180998,1,0,0,0.0,0.0,0.0,0.0,0.0,0.0,0.0,1.0,44.57821577790112
14,6,0.0,5391.309014654149,6.950752287994796,1,1,1,0.0,0.0,0.0,0.0,0.0,0.0,0.0,1.0,38.17530839562537
16,6,0.0,6116.509397468973,6.564785470866334,0,0,1,0.0,0.0,0.0,0.0,0.0,0.0,1.0,0.0,40.792934537279486
23,3,0.0,5796.674301376596,12.832012936741583,0,0,0,0.0,0.0,0.0,0.0,0.0,0.0,1.0,0.0,30.53077437801979
3,2,0.0,6645.432626321743,0.75253265248033,0,0,1,0.0,0.0,0.0,0.0,0.0,0.0,0.0,0.0,18.061282677927306
11,0,0.0,3285.1703110958565,13.229436417478027,0,0,2,0.0,0.0,0.0,0.0,0.0,1.0,0.0,0.0,36.93362438984894
4,5,0.0,1526.334403403772,12.781047567428354,0,0,1,0.0,0.0,0.0,0.0,0.0,0.0,0.0,0.0,10.356840684225874
4,4,0.0,7679.8331518814475,7.595493803426836,1,0,2,0.0,0.0,0.0,0.0,0.0,0.0,0.0,1.0,41.73236216794283
10,4,0.0,8552.569711517615,7.353042813084424,0,0,1,0.0,1.0,0.0,0.0,0.0,0.0,0.0,0.0,73.14860939039339
5,0,22.49960953139926,2792.960452557593,5.427110520532353,1,0,2,0.0,0.0,0.0,0.0,0.0,0.0,0.0,0.0,54.00467234766982
6,0,15.296698446168305,4248.7919747327915,14.912606875226015,1,0,1,0.0,0.0,0.0,0.0,0.0,0.0,1.0,0.0,37.69874261383925
23,4,0.0,5136.121404546486,1.6675399913076183,0,1,1,0.0,0.0,0.0,0.0,0.0,1.0,0.0,0.0,30.735642293037195
13,5,0.0,5473.270374703483,8.853228534429105,0,0,0,1.0,0.0,0.0,0.0,0.0,0.0,0.0,0.0,31.137370056500743
23,2,9.292937495555613,6697.054659550223,10.225223851686255,0,0,0,0.0,0.0,0.0,0.0,0.0,1.0,0.0,0.0,34.27482838485226
10,4,29.13892380919776,703.551363546617,14.014950123254167,0,0,2,0.0,0.0,0.0,1.0,0.0,0.0,0.0,0.0,84.38556041283388
12,0,0.0,7298.327702519965,11.703052452851422,1,0,0,0.0,0.0,0.0,0.0,0.0,1.0,0.0,0.0,33.79544998337517
1,3,0.0,901.1187677002796,9.657708042173203,0,0,2,0.0,0.0,0.0,0.0,0.0,1.0,0.0,0.0,25.70408936773407
6,1,0.0,4842.399106426818,1.75218475218184,1,0,0,1.0,0.0,0.0,0.0,0.0,0.0,0.0,0.0,72.03993081750819
19,5,0.0,8328.410015021183,5.606002752472011,1,1,0,1.0,0.0,0.0,0.0,0.0,0.0,0.0,0.0,87.66931197446951
3,6,0.0,4676.788538800443,2.082624638219779,0,0,2,0.0,0.0,0.0,0.0,0.0,1.0,0.0,0.0,9.024812640798494
7,5,0.0,1746.1705630520032,13.218190986982705,1,0,1,0.0,1.0,0.0,0.0,0.0,0.0,0.0,0.0,49.3196811378637
19,3,25.508962097153752,9854.82829655781,11.244317333454644,0,0,2,0.0,0.0,1.0,0.0,0.0,0.0,0.0,0.0,86.36146751280654
21,3,0.0,8926.068982120354,11.363051801958438,0,0,2,0.0,0.0,0.0,0.0,0.0,1.0,0.0,0.0,31.886679366442824
20,6,0.0,7781.742242282636,9.783847766603161,0,0,2,1.0,0.0,0.0,0.0,0.0,0.0,0.0,0.0,77.44437045724891
18,0,0.0,4291.662548122341,7.605653054050645,0,0,0,1.0,0.0,0.0,0.0,0.0,0.0,0.0,0.0,76.23916309146016
12,4,0.0,2083.3035508261883,2.249565891952458,0,0,0,0.0,0.0,0.0,0.0,0.0,0.0,0.0,1.0,30.71357924301106
13,2,0.0,9431.688459759462,4.945423300575777,1,1,0,0.0,0.0,0.0,0.0,0.0,0.0,0.0,0.0,26.05476426932441
9,5,0.0,5463.805927216248,2.0537368871533586,0,0,2,0.0,1.0,0.0,0.0,0.0,0.0,0.0,0.0,61.75620910002266
10,6,10.627971639828774,8567.847965758605,10.873697142785147,0,0,1,0.0,0.0,1.0,0.0,0.0,0.0,0.0,0.0,56.099691940958415
1,5,0.0,3618.3215558664297,2.4034316403300755,0,1,1,0.0,0.0,0.0,1.0,0.0,0.0,0.0,0.0,39.631176761802564
8,3,27.028904881162916,3552.2966756708647,10.531703252575284,0,0,2,0.0,1.0,0.0,0.0,0.0,0.0,0.0,0.0,65.39533768864416
16,4,29.294483286026125,9859.74266253818,10.38383084393857,0,1,2,0.0,0.0,0.0,0.0,0.0,0.0,0.0,1.0,54.19543614681868
2,5,0.0,5361.780570400043,6.889567184869334,0,0,1,0.0,0.0,0.0,1.0,0.0,0.0,0.0,0.0,16.089975489817853
23,2,0.0,1664.745611449239,2.0284298117707844,0,0,0,0.0,0.0,0.0,0.0,0.0,1.0,0.0,0.0,37.26730232646494
5,3,0.0,2430.844376548662,4.722012392010551,0,0,2,0.0,0.0,0.0,0.0,0.0,1.0,0.0,0.0,18.712214917718654
4,2,12.295154343287821,4974.8595101093915,4.801396636133272,0,0,1,0.0,0.0,0.0,0.0,0.0,0.0,0.0,1.0,33.43140158107376
4,4,29.724040678378138,711.96783173759,10.505776997149402,1,0,1,1.0,0.0,0.0,0.0,0.0,0.0,0.0,0.0,98.46689697056335
21,5,14.168428929864032,4786.579658169515,1.706145291205865,0,0,1,0.0,1.0,0.0,0.0,0.0,0.0,0.0,0.0,36.591762595492696
14,1,0.0,4363.726168177238,12.436029693241363,1,0,0,0.0,0.0,1.0,0.0,0.0,0.0,0.0,0.0,46.68518912446188
22,5,15.893247457703957,7859.561773599024,11.41510935278871,0,1,1,0.0,0.0,0.0,0.0,0.0,0.0,1.0,0.0,36.370128653031955
16,4,0.0,3742.937055545645,2.7946037726141086,0,0,1,0.0,0.0,0.0,0.0,0.0,0.0,0.0,0.0,15.216141880160539
8,5,0.0,9830.722986934114,10.787465726683342,0,0,1,0.0,0.0,0.0,0.0,0.0,0.0,0.0,1.0,40.29396191733811
2,6,0.0,2053.4682172187604,10.027697722017328,0,0,2,0.0,0.0,0.0,1.0,0.0,0.0,0.0,0.0,16.595759434175175
19,5,0.0,6032.570844190908,11.221812001663894,0,1,2,0.0,0.0,1.0,0.0,0.0,0.0,0.0,0.0,62.74101110874925
16,0,4.185803416790078,1170.0831809800698,2.833928331730417,1,0,2,0.0,0.0,0.0,0.0,0.0,0.0,1.0,0.0,51.100372508118355
9,5,0.0,7418.480644741626,2.3638548323470294,0,1,1,0.0,0.0,0.0,0.0,0.0,0.0,0.0,1.0,53.52523676699623
2,5,0.0,9949.110774201125,3.547259788841313,1,0,1,0.0,1.0,0.0,0.0,0.0,0.0,0.0,0.0,42.632506700839976
17,2,0.0,8245.644786190833,5.488075547234635,0,0,0,0.0,0.0,1.0,0.0,0.0,0.0,0.0,0.0,61.887448986085666
17,1,7.620634472866882,5690.324344986922,11.904974715537017,0,0,1,0.0,0.0,0.0,0.0,0.0,0.0,0.0,0.0,61.79064365553328
16,2,25.791863505066974,5001.991166777013,11.06885906218275,0,0,0,0.0,1.0,0.0,0.0,0.0,0.0,0.0,0.0,68.61776621332388
23,2,0.0,8399.790624288416,13.881773884177997,0,0,1,0.0,0.0,0.0,1.0,0.0,0.0,0.0,0.0,28.88028743653586
2,3,0.0,9378.948621694026,0.8794433864792317,1,0,0,0.0,0.0,0.0,0.0,0.0,0.0,1.0,0.0,46.21021512571932
2,0,0.0,9895.303300241501,0.17334421521278398,1,0,2,0.0,0.0,0.0,0.0,0.0,0.0,0.0,0.0,42.13228592414374
5,2,2.7319854624654294,4146.430507375496,10.487082445511987,1,1,1,0.0,0.0,0.0,0.0,0.0,0.0,0.0,0.0,20.04225517958287
12,6,0.0,9911.89950550677,4.189312436912485,0,0,0,0.0,1.0,0.0,0.0,0.0,0.0,0.0,0.0,42.0764400405097
23,4,0.0,1812.4846460861654,5.011183433007263,0,1,2,0.0,0.0,0.0,0.0,0.0,0.0,0.0,1.0,43.31388406908455
14,6,0.0,2759.4328265395193,8.202030388717683,1,0,2,0.0,0.0,0.0,0.0,0.0,0.0,0.0,1.0,15.92511592955865
8,4,0.0,1163.4564099187933,1.5361968469019778,0,1,1,0.0,0.0,0.0,0.0,0.0,0.0,0.0,0.0,39.16299540620387
3,5,27.337684555028645,2935.863609899472,9.640416248220745,1,0,0,0.0,0.0,1.0,0.0,0.0,0.0,0.0,0.0,68.24804901766827
13,3,0.0,7748.994250694708,4.877211693467253,0,0,0,0.0,0.0,0.0,0.0,0.0,0.0,1.0,0.0,37.32627993699233
4,0,0.0,8573.366274330961,9.490726864514874,1,0,0,1.0,0.0,0.0,0.0,0.0,0.0,0.0,0.0,73.86048685862029
1,6,0.0,7855.2586574949455,12.510103696100787,1,0,2,0.0,0.0,1.0,0.0,0.0,0.0,0.0,0.0,47.212507413825335
10,0,0.0,6421.338048226654,2.5666700000614453,1,0,0,0.0,0.0,0.0,0.0,0.0,1.0,0.0,0.0,68.88430352568957
8,6,22.449564033674726,5285.475171469662,13.963096393717803,0,0,2,0.0,0.0,0.0,0.0,0.0,1.0,0.0,0.0,57.18356172630273
23,5,0.0,7174.4316053723705,7.960322115936656,0,0,0,0.0,0.0,0.0,1.0,0.0,0.0,0.0,0.0,51.434456928024254
2,4,16.09664013032398,4091.0854278920515,13.843916477609525,0,0,2,0.0,0.0,0.0,0.0,0.0,1.0,0.0,0.0,37.92296873604023
8,1,22.556287331075726,8460.691009547107,3.115951233026672,1,0,1,0.0,0.0,0.0,0.0,1.0,0.0,0.0,0.0,100.0
2,3,0.0,6868.743911574818,9.068439969063563,1,0,2,1.0,0.0,0.0,0.0,0.0,0.0,0.0,0.0,42.99124489034236
1,6,0.0,7068.705575395763,6.058306759854071,0,0,0,0.0,0.0,0.0,0.0,0.0,0.0,0.0,1.0,27.565292347077936
11,6,0.0,5498.579133351991,11.613332867340198,0,0,2,0.0,0.0,0.0,1.0,0.0,0.0,0.0,0.0,3.7288643442464497
9,5,15.338872387381038,8886.721146848375,9.088634148199445,0,0,0,1.0,0.0,0.0,0.0,0.0,0.0,0.0,0.0,74.7628069909873
8,3,0.0,2744.542916686809,7.417731854374777,1,0,1,0.0,0.0,0.0,0.0,1.0,0.0,0.0,0.0,86.06655928974386
14,4,0.0,3997.132237602192,13.69478109646513,0,0,2,0.0,0.0,0.0,1.0,0.0,0.0,0.0,0.0,41.164083105749064
7,4,0.0,7843.132925873584,5.656755962575203,0,0,1,1.0,0.0,0.0,0.0,0.0,0.0,0.0,0.0,44.062622455567606
4,6,5.183689556473896,5079.664292454576,3.299703073472722,0,0,2,0.0,0.0,0.0,0.0,0.0,1.0,0.0,0.0,28.377338558465254
10,1,0.0,8925.375930214652,9.121517802781375,0,0,2,1.0,0.0,0.0,0.0,0.0,0.0,0.0,0.0,77.1356819343144
1,1,0.0,3660.0734016996676,9.360426557592206,1,0,1,0.0,0.0,0.0,0.0,0.0,1.0,0.0,0.0,22.127602842435984
23,0,0.0,3882.502637550554,6.586419323578131,0,0,1,0.0,0.0,0.0,0.0,1.0,0.0,0.0,0.0,50.6679904168756
14,3,0.0,8920.737157050266,7.299150655340735,0,0,2,0.0,0.0,1.0,0.0,0.0,0.0,0.0,0.0,39.87214433420943
5,3,28.868746250177605,4804.392105765798,14.393301214498498,0,0,2,0.0,0.0,1.0,0.0,0.0,0.0,0.0,0.0,72.0611520623338
7,4,0.0,5306.408466764122,10.99028537095202,0,0,2,0.0,0.0,0.0,0.0,1.0,0.0,0.0,0.0,35.60053182985052
4,0,25.1447760420326,3527.80803875609,1.659026272238655,0,1,1,0.0,0.0,0.0,0.0,0.0,0.0,0.0,1.0,53.91975273214751
15,5,15.756066006923913,2983.6984391370947,3.1819510630591648,0,0,0,0.0,0.0,0.0,0.0,1.0,0.0,0.0,0.0,52.51059092981013
17,3,0.0,6662.702495132403,14.633649516533385,0,0,1,0.0,0.0,0.0,0.0,1.0,0.0,0.0,0.0,44.13979061156186
5,0,15.740652362804322,1462.4544169496776,10.89698330690297,0,0,2,0.0,0.0,0.0,0.0,0.0,0.0,0.0,0.0,38.81649185415071
4,0,0.0,8828.94461947422,13.725676892169798,1,0,2,0.0,0.0,0.0,1.0,0.0,0.0,0.0,0.0,43.15389565032864
15,6,0.0,7858.270426621547,4.55792195983083,1,0,1,0.0,0.0,0.0,0.0,0.0,0.0,0.0,0.0,5.537233437223067
12,4,6.596489691220473,2150.2581579462867,11.128002901298885,1,0,2,0.0,0.0,0.0,0.0,0.0,0.0,0.0,1.0,45.42542116397359
4,0,0.0,7031.993474498284,10.710040627852672,1,0,2,0.0,0.0,1.0,0.0,0.0,0.0,0.0,0.0,51.90330156421265
12,1,10.92082407643699,6145.539336470658,4.420349781590626,0,1,2,1.0,0.0,0.0,0.0,0.0,0.0,0.0,0.0,64.09179381896944
16,1,0.0,2089.989992145448,8.26224488176058,0,1,2,0.0,0.0,0.0,0.0,0.0,0.0,0.0,1.0,44.14263243753673
17,2,13.318348809801568,2950.074008687255,9.411226669054429,1,0,2,0.0,0.0,0.0,0.0,1.0,0.0,0.0,0.0,100.0
7,4,0.0,4267.169086218193,7.216977162411975,0,0,0,0.0,1.0,0.0,0.0,0.0,0.0,0.0,0.0,37.537505548717576
12,6,0.0,7082.654531881097,12.407680599870192,0,0,1,1.0,0.0,0.0,0.0,0.0,0.0,0.0,0.0,41.52068658714551
18,5,0.0,6495.617065524958,12.493035626969842,0,0,1,0.0,0.0,0.0,0.0,1.0,0.0,0.0,0.0,49.744587751638605
2,2,17.156090681151962,5462.67802246397,12.75900822452335,0,0,1,0.0,0.0,0.0,0.0,1.0,0.0,0.0,0.0,48.62661831548911
23,1,26.82908679955944,7753.582268206132,12.051353536472442,0,0,0,0.0,0.0,0.0,0.0,0.0,0.0,0.0,1.0,53.913422668762614
7,6,0.0,7651.9960741798095,7.321252157957169,0,1,0,0.0,0.0,0.0,1.0,0.0,0.0,0.0,0.0,27.912613773165702
1,2,28.35352522027638,6293.233794403882,5.721574472235108,0,1,1,0.0,0.0,0.0,0.0,0.0,0.0,0.0,1.0,76.62597861824887
7,4,0.0,7933.803808832805,12.470644255715559,1,0,1,0.0,0.0,0.0,1.0,0.0,0.0,0.0,0.0,52.94481280977582
12,6,0.0,3542.3547353583294,7.353021878344003,0,0,1,1.0,0.0,0.0,0.0,0.0,0.0,0.0,0.0,33.075871462056924
12,4,26.74361619434248,8848.120424729275,3.6955709794197276,1,0,2,0.0,0.0,0.0,0.0,0.0,0.0,0.0,0.0,45.12937441132513
0,0,25.4304359388665,6264.627832278825,7.6101529848332445,0,0,0,0.0,0.0,0.0,0.0,0.0,0.0,0.0,1.0,50.481188738346425
5,3,29.77769627801534,8276.926083980576,2.1277473287886317,0,0,0,0.0,0.0,0.0,0.0,0.0,1.0,0.0,0.0,44.228475219948415
23,0,20.38180464337278,5598.907316465755,10.374442358981982,0,0,2,0.0,1.0,0.0,0.0,0.0,0.0,0.0,0.0,65.95922470707836
18,4,0.0,2418.8509763901993,5.038819224358595,0,0,0,0.0,0.0,0.0,0.0,1.0,0.0,0.0,0.0,73.25694558083782
15,6,24.808470752523323,5561.378248179593,3.909881976711815,0,0,1,0.0,0.0,1.0,0.0,0.0,0.0,0.0,0.0,60.15630835527478
7,1,0.0,3899.783138632905,14.347631193521176,0,0,0,0.0,0.0,0.0,0.0,0.0,0.0,0.0,1.0,28.43774701336929
0,5,0.0,7065.740649559817,11.653214936374614,1,1,2,1.0,0.0,0.0,0.0,0.0,0.0,0.0,0.0,28.50686646325269
15,1,0.0,4915.199779826938,11.806042540858975,1,0,1,0.0,0.0,1.0,0.0,0.0,0.0,0.0,0.0,56.28141160278232
8,6,0.0,8410.294207798572,9.355829539187752,0,0,0,0.0,0.0,0.0,0.0,0.0,0.0,0.0,0.0,44.83703263298444
12,0,0.0,6877.303369522591,12.587592157654457,0,0,1,0.0,0.0,0.0,0.0,0.0,1.0,0.0,0.0,29.495364012870624
10,5,0.0,6940.081000403842,11.387437217450719,0,0,0,0.0,0.0,1.0,0.0,0.0,0.0,0.0,0.0,56.18302887112149
12,6,0.0,2406.4067348633303,8.981605562004248,0,1,1,0.0,0.0,0.0,1.0,0.0,0.0,0.0,0.0,21.208682249486507
20,4,0.0,9847.222734965517,14.41686602777576,0,0,2,0.0,0.0,0.0,0.0,0.0,0.0,0.0,0.0,40.3174414173456
9,1,0.0,8464.24952993344,2.8739242452663456,1,1,2,1.0,0.0,0.0,0.0,0.0,0.0,0.0,0.0,100.0
3,4,0.0,7953.347380238738,14.150695784921265,0,0,0,0.0,0.0,1.0,0.0,0.0,0.0,0.0,0.0,33.740777927233275
5,5,0.0,3503.087684052266,6.0215724299829745,1,0,0,1.0,0.0,0.0,0.0,0.0,0.0,0.0,0.0,56.90830104125968
6,5,13.331814567473094,5495.627032618149,7.925984751022299,0,0,1,0.0,0.0,0.0,0.0,0.0,0.0,0.0,0.0,28.0522311881081
4,1,17.66830945522046,1629.9009243209878,1.8410897931646342,1,0,2,0.0,0.0,0.0,0.0,0.0,0.0,0.0,0.0,36.56611643847082
10,4,4.175634082739611,5523.216973628248,8.101611583826864,0,0,1,0.0,0.0,0.0,0.0,1.0,0.0,0.0,0.0,59.24508516303451
12,2,0.0,1715.1256908878865,9.168101277872902,1,1,2,1.0,0.0,0.0,0.0,0.0,0.0,0.0,0.0,58.97784654454804
18,4,7.358702809309289,5664.467086699132,14.96552312712786,1,0,1,0.0,1.0,0.0,0.0,0.0,0.0,0.0,0.0,97.75838601075627
22,5,0.0,6592.602237502584,14.627886166072898,0,0,1,0.0,0.0,0.0,1.0,0.0,0.0,0.0,0.0,22.45426028693362
9,4,0.0,4084.900882324053,14.495959378114309,0,0,1,0.0,1.0,0.0,0.0,0.0,0.0,0.0,0.0,84.52682258948275
9,6,0.0,5135.885319813545,5.22582090153086,1,0,0,0.0,0.0,0.0,0.0,1.0,0.0,0.0,0.0,85.63597434867121
10,0,6.450677080685537,8793.837860443484,14.868997481175652,1,0,2,0.0,0.0,0.0,0.0,0.0,1.0,0.0,0.0,66.78417715816587
20,2,0.0,1353.062503617251,6.832172273926663,0,1,0,0.0,0.0,0.0,0.0,1.0,0.0,0.0,0.0,73.83432560821939
6,3,0.0,7979.809062096633,12.777543881428507,0,0,0,1.0,0.0,0.0,0.0,0.0,0.0,0.0,0.0,36.653509166517274
17,6,0.0,1956.3191446631051,3.2447995352845798,0,1,1,0.0,0.0,0.0,0.0,0.0,0.0,0.0,1.0,50.4950468117251
3,0,23.15416405434704,656.0674332048955,7.587497694849035,0,0,2,1.0,0.0,0.0,0.0,0.0,0.0,0.0,0.0,74.35711691614169
1,3,26.251035937357756,2100.0736466269636,14.490181441914082,0,0,0,0.0,0.0,0.0,0.0,1.0,0.0,0.0,0.0,41.24553510784762
13,1,0.0,7720.91894271375,14.205470953851412,0,0,1,0.0,0.0,0.0,0.0,0.0,0.0,0.0,1.0,20.938460603581383
12,3,0.0,4229.722911367542,10.2560231673214,0,0,2,0.0,0.0,0.0,0.0,0.0,0.0,0.0,1.0,10.406686680868935
11,6,0.0,8763.449013407964,11.967214838295897,1,0,2,1.0,0.0,0.0,0.0,0.0,0.0,0.0,0.0,61.580985773022114
6,4,14.277800920948899,5389.663149467979,2.646400449036021,1,0,0,0.0,0.0,0.0,0.0,0.0,0.0,0.0,1.0,56.78133845019152
1,6,0.0,515.8284136854103,10.824878242262361,0,0,1,0.0,0.0,0.0,0.0,0.0,0.0,1.0,0.0,21.367340463325394
12,3,7.420541154532284,7252.12201313869,9.270762125030584,1,0,0,0.0,0.0,0.0,0.0,0.0,1.0,0.0,0.0,49.59252255113409
13,5,0.0,1369.2592145959572,1.3732760362686913,0,0,2,0.0,0.0,0.0,0.0,0.0,0.0,1.0,0.0,23.91929567166381
16,0,13.183446698787609,7956.982444580667,1.6973850988451438,0,0,0,0.0,0.0,0.0,0.0,0.0,0.0,1.0,0.0,50.0224677345208
8,0,0.0,1930.5947331102461,1.626654266268928,1,0,1,0.0,0.0,0.0,0.0,0.0,0.0,0.0,0.0,56.69375352177199
16,3,0.0,3650.8299423134804,10.865354022447535,0,1,2,0.0,0.0,0.0,0.0,0.0,0.0,0.0,1.0,28.341943101536643
7,0,0.0,7684.332867365995,2.1257281237135865,0,0,1,0.0,0.0,0.0,0.0,1.0,0.0,0.0,0.0,60.747631152264766
1,5,0.0,9556.04416752129,7.015984066717057,0,0,1,0.0,0.0,0.0,0.0,0.0,0.0,0.0,0.0,5.5842208978521795
23,6,0.0,3902.9093212733037,5.354727088166366,0,0,2,0.0,0.0,0.0,0.0,0.0,0.0,0.0,0.0,0.0
12,0,21.762363695789112,8345.182135929677,8.257562111553266,1,0,1,0.0,0.0,0.0,0.0,0.0,1.0,0.0,0.0,58.80421403720964
2,3,0.0,2150.6849751156356,10.597147308291042,1,0,1,1.0,0.0,0.0,0.0,0.0,0.0,0.0,0.0,44.99338228043366
15,2,28.652956684970583,8129.643770964164,10.270838058319981,1,0,1,0.0,0.0,0.0,0.0,1.0,0.0,0.0,0.0,92.12313960996121
5,2,5.790449562170958,6677.692374785635,7.732798738715649,1,0,2,0.0,0.0,0.0,1.0,0.0,0.0,0.0,0.0,38.7650822628151
18,1,0.0,2169.6120199599736,6.965023104155782,1,0,1,0.0,0.0,0.0,1.0,0.0,0.0,0.0,0.0,66.75767617087797
6,0,24.284196288463033,3234.2884154086923,5.967233926833881,1,0,0,0.0,0.0,0.0,0.0,1.0,0.0,0.0,0.0,99.20662490960162
9,6,29.035797722442478,1578.1776193912492,12.92864922456569,0,0,0,0.0,0.0,0.0,0.0,0.0,0.0,1.0,0.0,70.83948751508592
8,3,0.0,4014.780007323839,4.962777073089675,1,0,1,0.0,0.0,0.0,1.0,0.0,0.0,0.0,0.0,60.32611500396391
1,0,21.821918815378545,2275.391818895791,3.890487317512423,0,0,0,0.0,0.0,0.0,0.0,0.0,0.0,1.0,0.0,61.494179315292584
14,4,0.0,6546.7801502155935,11.14973240482907,1,0,0,0.0,0.0,0.0,1.0,0.0,0.0,0.0,0.0,52.95787563239108
4,5,0.0,9946.69951093942,5.396451925450897,0,0,2,0.0,0.0,0.0,0.0,1.0,0.0,0.0,0.0,26.615937406363788
21,0,13.292277988003464,416.48888191736216,12.704978996359026,1,0,1,0.0,0.0,0.0,0.0,0.0,0.0,1.0,0.0,72.17075197380922
3,0,0.0,5546.922188886797,4.918330779557171,1,0,2,1.0,0.0,0.0,0.0,0.0,0.0,0.0,0.0,59.22710525813267
19,2,0.0,5864.565996225394,10.529172368618823,1,0,1,0.0,0.0,0.0,0.0,0.0,1.0,0.0,0.0,65.77964947373866
3,5,0.0,9167.825259903875,0.6766350942800414,1,0,0,0.0,1.0,0.0,0.0,0.0,0.0,0.0,0.0,43.20720537629909
17,3,17.67635170357861,5208.251747239294,5.7834432016548005,0,0,2,0.0,0.0,0.0,0.0,0.0,0.0,0.0,1.0,64.58890763918106
3,0,18.793915657621678,5573.903770555699,5.148452624513272,0,0,2,0.0,0.0,0.0,0.0,0.0,1.0,0.0,0.0,56.69501674397941
16,2,0.0,4875.03217288537,12.25018108913885,0,0,0,0.0,1.0,0.0,0.0,0.0,0.0,0.0,0.0,38.59162333806663
11,1,19.865576571355007,2908.3717542463696,14.505831048424652,0,0,0,0.0,0.0,0.0,0.0,0.0,0.0,1.0,0.0,34.24594944097332
21,5,3.485423250356728,843.4825925144627,6.913219150394421,0,0,1,1.0,0.0,0.0,0.0,0.0,0.0,0.0,0.0,45.923390648376866
16,2,0.0,4263.97951743541,12.372544157306372,0,0,1,0.0,0.0,0.0,0.0,0.0,0.0,1.0,0.0,41.654770828663516
9,2,0.0,810.1372710345818,10.495420514360475,0,1,0,0.0,0.0,0.0,0.0,0.0,1.0,0.0,0.0,46.283723125225826
21,6,28.2052818990317,5639.7769538194025,14.510789814955398,1,0,0,0.0,0.0,0.0,1.0,0.0,0.0,0.0,0.0,69.49949700431006
0,2,22.86214960319177,3280.7483394502433,12.16662771514237,1,0,2,0.0,0.0,1.0,0.0,0.0,0.0,0.0,0.0,56.44399762835657
21,6,29.175434464792282,5475.94329479665,1.1621709894559578,0,0,2,0.0,0.0,0.0,0.0,0.0,0.0,0.0,0.0,36.75007970294783
23,0,0.0,1602.6805546333107,10.699225835733543,0,0,1,0.0,0.0,1.0,0.0,0.0,0.0,0.0,0.0,40.086310501831406
17,0,0.0,9346.510667671788,8.032495731335604,0,0,2,0.0,0.0,0.0,0.0,1.0,0.0,0.0,0.0,56.54112415576638
17,1,0.0,8976.856062434368,0.24654086898490746,0,0,0,0.0,0.0,0.0,0.0,1.0,0.0,0.0,0.0,71.5143093697794
13,4,0.0,2142.9661392621597,3.7696943808816554,0,0,0,1.0,0.0,0.0,0.0,0.0,0.0,0.0,0.0,67.44862863059298
14,4,0.0,3631.409547951896,13.826328675403396,0,0,0,0.0,0.0,0.0,0.0,0.0,0.0,0.0,1.0,43.44195498761728
11,4,20.363279505612866,6250.879886964202,13.890920591801294,0,1,0,0.0,0.0,0.0,0.0,0.0,0.0,0.0,0.0,27.65810476420931
3,6,0.0,1228.1562108672908,11.982756903009516,0,1,1,0.0,0.0,1.0,0.0,0.0,0.0,0.0,0.0,21.179086593696887
2,5,15.270103364478548,3739.307864826663,14.726694049169842,0,0,0,0.0,0.0,1.0,0.0,0.0,0.0,0.0,0.0,42.84874868886463
19,5,0.0,2735.789182144359,12.098178369363072,0,0,0,1.0,0.0,0.0,0.0,0.0,0.0,0.0,0.0,61.915140484900554
11,1,0.0,9180.512268551958,0.15306280927867788,1,0,0,0.0,0.0,0.0,0.0,0.0,0.0,1.0,0.0,38.86959847315234
6,5,0.0,8569.35317200529,4.317515104522677,1,0,0,1.0,0.0,0.0,0.0,0.0,0.0,0.0,0.0,50.72384035017892
10,4,0.0,5924.377590288579,0.45936273356644297,0,0,1,1.0,0.0,0.0,0.0,0.0,0.0,0.0,0.0,90.34194460656212
0,4,0.0,5347.35946765427,1.4116195310633917,0,0,1,1.0,0.0,0.0,0.0,0.0,0.0,0.0,0.0,60.896851101291126
5,2,5.311243231797191,9328.040207090353,3.282612254261641,0,0,2,0.0,0.0,0.0,0.0,0.0,0.0,0.0,0.0,21.686948434873756
14,5,19.02002302247964,9344.549494894509,7.5533781948828365,0,1,1,0.0,0.0,0.0,1.0,0.0,0.0,0.0,0.0,40.992929400402076
14,0,0.0,9702.502215911107,12.712980051930266,0,0,1,0.0,0.0,1.0,0.0,0.0,0.0,0.0,0.0,25.223637489335523
18,0,0.0,1516.1751758494202,12.929501342356621,0,0,1,1.0,0.0,0.0,0.0,0.0,0.0,0.0,0.0,76.08719909491123
10,2,22.69657980173449,1857.410764402751,9.243027878359447,0,0,2,0.0,0.0,0.0,0.0,0.0,0.0,0.0,0.0,61.2640726016207
22,2,0.0,6864.3459771949,13.922639085993524,0,0,0,0.0,0.0,0.0,0.0,0.0,0.0,0.0,0.0,27.70763740185845
1,2,0.0,5551.914423115495,7.500934898853122,1,0,2,1.0,0.0,0.0,0.0,0.0,0.0,0.0,0.0,65.97053151385556
13,0,0.0,479.1192774643888,13.335540661998024,0,0,0,0.0,0.0,0.0,0.0,0.0,0.0,0.0,0.0,32.88864182310201
1,4,23.284555923168686,901.1578490983378,6.810978844980181,0,1,1,0.0,0.0,0.0,0.0,0.0,0.0,0.0,1.0,64.28645107881525
3,2,0.0,8914.37970791041,4.158375111328234,0,0,0,1.0,0.0,0.0,0.0,0.0,0.0,0.0,0.0,46.53164784205214
16,1,0.0,8728.046716732048,13.746193771506416,0,0,2,0.0,1.0,0.0,0.0,0.0,0.0,0.0,0.0,52.74115876324637
2,6,5.8552384512001865,3765.527943361638,5.81902613518304,1,0,0,0.0,0.0,0.0,0.0,0.0,0.0,0.0,1.0,28.038344152944234
12,2,0.0,8943.190984226187,7.551061632666924,0,0,0,0.0,0.0,0.0,1.0,0.0,0.0,0.0,0.0,43.70202756915634
8,6,0.0,6058.648221659648,4.932909487960158,0,0,1,0.0,0.0,0.0,0.0,0.0,0.0,1.0,0.0,50.78993974866616
6,3,0.0,8117.284776083348,9.942564004360946,0,0,0,0.0,0.0,0.0,0.0,0.0,1.0,0.0,0.0,36.75271875871241
14,2,15.799267905755926,4446.0813902540785,14.925468375090531,0,0,0,0.0,0.0,0.0,0.0,1.0,0.0,0.0,0.0,40.34770933932369
22,0,0.0,1399.9637752456147,0.3827032329715446,0,0,1,1.0,0.0,0.0,0.0,0.0,0.0,0.0,0.0,47.26208064021954
10,5,17.388326976848518,4507.152507666357,13.497720090106522,0,0,2,0.0,0.0,1.0,0.0,0.0,0.0,0.0,0.0,61.76092195941219
19,2,26.31464701113583,4735.808040569909,0.058890854838981044,1,0,1,0.0,0.0,0.0,0.0,0.0,0.0,0.0,1.0,79.62577722761048
1,5,0.0,5644.1586802538495,5.4634182171931664,0,1,0,0.0,0.0,0.0,0.0,0.0,1.0,0.0,0.0,16.76697599346898
14,3,13.53228215474579,1324.1523151729516,2.5291020943427145,0,0,1,0.0,1.0,0.0,0.0,0.0,0.0,0.0,0.0,56.81184380822835
13,1,0.0,9916.598071581231,11.36012671008827,0,0,1,0.0,0.0,0.0,0.0,1.0,0.0,0.0,0.0,39.285691488737285
19,5,0.0,2668.1271618269916,0.7591626113576022,1,0,0,0.0,0.0,0.0,0.0,0.0,0.0,1.0,0.0,55.482887619348254
21,6,0.0,2225.958314309801,8.30227430376492,1,0,2,0.0,0.0,0.0,0.0,0.0,0.0,1.0,0.0,33.724984542848226
10,4,0.0,5409.988312902585,4.423892007679689,1,0,1,0.0,0.0,0.0,0.0,0.0,0.0,1.0,0.0,70.23141866526937
2,2,0.0,5510.91934013042,2.005053732970532,1,0,2,0.0,0.0,0.0,0.0,0.0,0.0,1.0,0.0,42.18348534019271
16,3,0.0,4566.261156982469,11.577273181539612,1,0,1,0.0,0.0,0.0,0.0,1.0,0.0,0.0,0.0,55.86116022143508
11,3,0.0,7787.353819354968,3.2612525138288504,0,0,0,0.0,1.0,0.0,0.0,0.0,0.0,0.0,0.0,54.61272859918628
23,5,5.479548562313167,5311.5476870674465,3.3551281808240834,1,0,0,0.0,0.0,0.0,0.0,0.0,0.0,0.0,1.0,25.634889566216618
20,1,0.0,6214.045914906346,4.126151777068845,1,0,1,0.0,1.0,0.0,0.0,0.0,0.0,0.0,0.0,59.21693706446127
14,0,10.1726283978804,7320.3399384555205,8.801501457420411,0,0,1,0.0,0.0,1.0,0.0,0.0,0.0,0.0,0.0,46.545158431653945
15,2,0.0,542.7434851695061,9.894988975361224,0,0,1,0.0,0.0,0.0,0.0,0.0,0.0,0.0,0.0,41.69795732056151
4,3,0.0,5835.248570686935,0.26403785552017445,1,0,0,1.0,0.0,0.0,0.0,0.0,0.0,0.0,0.0,70.96399682557912
19,1,0.0,8876.686370915182,3.6280445417068545,1,0,1,0.0,0.0,0.0,0.0,1.0,0.0,0.0,0.0,100.0
5,4,0.0,468.6708063767089,6.464562637579243,1,1,0,0.0,0.0,0.0,0.0,0.0,0.0,0.0,0.0,48.07354216737749
18,3,0.0,4230.266406869323,4.979654282418497,1,1,1,0.0,0.0,0.0,0.0,0.0,0.0,0.0,1.0,85.91061932195367
4,1,23.858611343916678,9284.406266996551,13.262559877663291,1,0,0,0.0,0.0,0.0,0.0,0.0,0.0,1.0,0.0,76.03978044571679
2,0,18.92339199314796,3725.5977021406165,11.815630963296282,0,0,1,1.0,0.0,0.0,0.0,0.0,0.0,0.0,0.0,56.198690072049274
0,0,17.62685316449395,4749.669594742336,9.388353233082412,0,0,2,1.0,0.0,0.0,0.0,0.0,0.0,0.0,0.0,63.622609375487166
5,3,0.0,9820.951512529833,5.070636239955596,0,0,2,0.0,0.0,0.0,0.0,0.0,0.0,1.0,0.0,36.18043354617301
14,6,14.473544111433528,2233.441431820566,10.510085172692397,0,0,0,0.0,0.0,0.0,0.0,0.0,0.0,1.0,0.0,37.01120924346416
1,3,0.0,932.9753345125577,12.654570192686917,0,0,1,0.0,0.0,0.0,0.0,0.0,0.0,0.0,0.0,16.723955032589018
2,5,0.0,8636.399131354652,8.9224556603848,0,0,2,0.0,0.0,0.0,1.0,0.0,0.0,0.0,0.0,21.170563228980626
16,2,20.949399718216803,8724.113809759974,11.766922003400687,0,0,1,1.0,0.0,0.0,0.0,0.0,0.0,0.0,0.0,53.15765830752392
23,1,13.010907993208786,4879.154996396128,11.236574420996217,1,1,1,0.0,0.0,0.0,0.0,0.0,0.0,0.0,0.0,40.84086635359252
11,3,0.0,5287.809592429677,8.576059667404833,0,0,1,0.0,1.0,0.0,0.0,0.0,0.0,0.0,0.0,39.60970390967135
17,2,0.0,8407.32178529301,4.682748252322664,1,0,2,0.0,1.0,0.0,0.0,0.0,0.0,0.0,0.0,63.11000914432009
14,5,0.0,7464.027131723213,11.186732370019076,1,0,0,0.0,0.0,0.0,0.0,0.0,0.0,0.0,1.0,18.158534513272535
11,2,9.028731466760174,2871.9453215050034,3.101945495364097,0,0,2,0.0,0.0,0.0,0.0,0.0,0.0,0.0,0.0,39.60790315251632
15,3,0.0,463.865544193729,11.692325197073007,0,1,0,1.0,0.0,0.0,0.0,0.0,0.0,0.0,0.0,45.515744274445055
7,0,23.824881265128287,4953.091576575393,12.068200382137995,1,0,2,0.0,0.0,0.0,0.0,0.0,0.0,0.0,1.0,50.53866633660648
13,1,0.0,8631.449563127722,12.332173193555596,1,0,1,0.0,0.0,0.0,1.0,0.0,0.0,0.0,0.0,20.42773626712419
16,1,0.0,8989.596363894572,7.093739564676865,0,0,1,0.0,0.0,0.0,0.0,0.0,0.0,0.0,1.0,27.056433813769026
20,0,0.0,9575.394111638692,2.887211516556325,0,0,1,0.0,0.0,0.0,0.0,1.0,0.0,0.0,0.0,84.2690991383752
7,6,0.0,8831.763404843978,1.4958540009910308,0,0,2,0.0,1.0,0.0,0.0,0.0,0.0,0.0,0.0,28.526075332914342
14,3,0.0,5926.422486391554,11.150418757318864,0,0,2,0.0,0.0,0.0,0.0,0.0,0.0,1.0,0.0,31.611096873871524
13,1,21.673002690672394,4612.6743125901785,13.293920767947197,0,0,0,0.0,0.0,0.0,0.0,0.0,0.0,0.0,1.0,41.14894232530467
17,3,2.5513086391821336,7816.043511380761,9.7625753825536,0,0,2,1.0,0.0,0.0,0.0,0.0,0.0,0.0,0.0,86.95631548962776
19,5,6.5997338069079206,7476.269853346285,2.162400905825544,0,0,0,0.0,0.0,0.0,0.0,0.0,0.0,0.0,1.0,34.094415035511304
6,3,0.26444499883417905,5519.991271790107,14.023446727763611,1,0,2,0.0,0.0,1.0,0.0,0.0,0.0,0.0,0.0,43.896660317789625
2,2,21.483829214302126,1147.0755138171503,14.836530218089793,0,0,1,0.0,0.0,0.0,0.0,0.0,0.0,1.0,0.0,64.7527413148982
11,0,0.0,9282.989063833113,6.50067914902383,1,0,2,0.0,0.0,0.0,1.0,0.0,0.0,0.0,0.0,29.0173948543566
20,6,23.599575482290405,4719.344613766123,8.922379339106568,1,0,1,0.0,0.0,0.0,0.0,1.0,0.0,0.0,0.0,98.31676385350356
23,3,0.0,3824.3376845877638,11.658427800024867,1,0,2,0.0,0.0,1.0,0.0,0.0,0.0,0.0,0.0,49.729248959015976
2,6,0.0,6406.803733137085,11.04584685075067,0,0,0,0.0,0.0,0.0,1.0,0.0,0.0,0.0,0.0,53.61737464875237
19,6,0.0,6836.2282233196765,14.516807879001737,0,0,2,0.0,0.0,0.0,0.0,0.0,0.0,0.0,0.0,26.061013384231998
13,5,0.0,2343.672795193924,1.7232463661818338,1,0,1,0.0,1.0,0.0,0.0,0.0,0.0,0.0,0.0,49.25144999958588
14,4,0.0,8418.306794656575,8.710872992142086,1,0,2,0.0,0.0,1.0,0.0,0.0,0.0,0.0,0.0,36.597188439868006
13,0,12.2546216664682,3112.3898085250653,10.378971295096381,0,0,0,0.0,0.0,0.0,0.0,0.0,0.0,0.0,0.0,21.74330236476314
6,6,0.0,2110.834081368872,13.35147636281505,0,0,0,0.0,1.0,0.0,0.0,0.0,0.0,0.0,0.0,30.892476056535475
16,1,0.0,4242.078572688625,13.111644415772261,1,1,0,0.0,0.0,1.0,0.0,0.0,0.0,0.0,0.0,52.46249249045331
11,2,0.0,7386.432784705413,14.66999690341935,0,0,0,0.0,0.0,0.0,0.0,0.0,0.0,0.0,1.0,20.60206903073187
19,1,0.0,9664.944330866094,7.681176809065185,0,0,2,0.0,1.0,0.0,0.0,0.0,0.0,0.0,0.0,71.06331932713185
3,5,0.0,8150.028264402902,12.461413002198398,1,0,0,0.0,1.0,0.0,0.0,0.0,0.0,0.0,0.0,35.11203317434775
8,5,0.0,9421.37926340086,6.409225621909915,0,1,2,0.0,0.0,1.0,0.0,0.0,0.0,0.0,0.0,55.65190558895485
5,1,0.0,1663.8762995423099,6.334708167840484,0,0,2,0.0,0.0,0.0,0.0,0.0,0.0,0.0,1.0,14.618387258027926
15,0,0.0,990.4149489776648,3.8002254670928854,1,1,2,0.0,0.0,0.0,0.0,0.0,0.0,0.0,1.0,36.01078643279062
21,1,2.6570452147524026,5709.73619049471,12.273559305288448,0,1,0,0.0,0.0,0.0,0.0,0.0,0.0,0.0,0.0,18.017353728746635
21,3,8.73817566767211,3115.885585527133,14.787226587202735,0,0,0,0.0,0.0,0.0,0.0,0.0,0.0,1.0,0.0,46.879207154894104
20,1,0.0,8332.133237801947,3.845125925208868,0,0,2,0.0,0.0,0.0,0.0,0.0,0.0,0.0,0.0,46.55037087305294
20,2,0.0,6818.282352602563,0.8419738203160848,0,0,2,1.0,0.0,0.0,0.0,0.0,0.0,0.0,0.0,68.80501541690441
1,2,0.0,9716.063190662206,12.23313656128511,1,0,2,0.0,0.0,0.0,1.0,0.0,0.0,0.0,0.0,25.136933190799486
23,4,19.33097101477702,2771.485850593651,9.303450788021342,0,0,1,0.0,0.0,0.0,0.0,1.0,0.0,0.0,0.0,58.92605819111942
7,2,0.0,5012.105909245754,14.395482008265066,0,0,1,1.0,0.0,0.0,0.0,0.0,0.0,0.0,0.0,60.90594606593166
10,1,0.0,5162.032631025927,3.7835882861542833,0,0,0,0.0,0.0,0.0,1.0,0.0,0.0,0.0,0.0,74.06179507319897
12,2,24.99628370730787,2620.014910116549,1.0654148700192163,0,0,1,0.0,1.0,0.0,0.0,0.0,0.0,0.0,0.0,67.84136700884524
16,0,0.0,6023.9059750336755,7.386633912997524,0,0,2,0.0,0.0,0.0,0.0,0.0,1.0,0.0,0.0,12.897609160298423
7,6,0.0,4599.874064968623,1.2819903444772125,0,0,2,0.0,0.0,0.0,0.0,0.0,0.0,0.0,0.0,14.749115715005049
20,2,0.0,4633.199093101774,3.9268500165406115,0,0,0,0.0,0.0,0.0,1.0,0.0,0.0,0.0,0.0,82.70731832364588
17,3,21.009190616514214,3818.545485333091,1.8896679122875244,0,0,0,0.0,1.0,0.0,0.0,0.0,0.0,0.0,0.0,95.38505676867662
17,0,6.050998878930763,464.2147185276901,3.3619826949011804,0,0,1,1.0,0.0,0.0,0.0,0.0,0.0,0.0,0.0,98.7009581250636
13,4,12.892361432270002,5364.323798073453,1.5921697923208777,1,0,2,0.0,1.0,0.0,0.0,0.0,0.0,0.0,0.0,50.48555925917845
14,3,0.0,3551.9040062932118,14.308589991409281,0,0,0,0.0,0.0,1.0,0.0,0.0,0.0,0.0,0.0,34.36550232399889
5,1,0.0,312.80272914799787,4.178440701746032,0,0,0,1.0,0.0,0.0,0.0,0.0,0.0,0.0,0.0,62.585229500799066
10,6,28.639125400801674,3287.0539643207408,6.658463789888482,0,1,1,1.0,0.0,0.0,0.0,0.0,0.0,0.0,0.0,79.30684114811412
12,1,3.8573178239063544,3002.6948309706427,13.479177114513336,1,0,0,0.0,1.0,0.0,0.0,0.0,0.0,0.0,0.0,46.568224778329714
0,6,0.0,4116.447086269267,10.159823819422115,0,0,1,1.0,0.0,0.0,0.0,0.0,0.0,0.0,0.0,43.3529269812554
5,6,15.186931082726405,1578.9642995409504,9.270562208426615,1,0,2,0.0,0.0,0.0,0.0,1.0,0.0,0.0,0.0,72.48237318826543
8,1,0.0,5224.533098960319,10.583447855412556,0,0,1,1.0,0.0,0.0,0.0,0.0,0.0,0.0,0.0,63.82881147636228
7,3,0.0,7016.67141942586,12.432333856580728,1,0,0,0.0,0.0,0.0,0.0,0.0,0.0,0.0,0.0,33.964011537989435
10,3,25.555104264567994,6412.800019829353,13.165039017776413,0,1,1,0.0,0.0,0.0,0.0,0.0,0.0,1.0,0.0,81.78602440098504
21,6,0.0,8096.422991421149,9.639595059975397,1,0,1,0.0,0.0,1.0,0.0,0.0,0.0,0.0,0.0,51.58111963110041
18,3,6.868270084183358,4684.480393474687,13.350109120410865,1,1,2,1.0,0.0,0.0,0.0,0.0,0.0,0.0,0.0,100.0
23,6,0.0,5335.189784295364,8.030962911382153,0,1,1,0.0,0.0,1.0,0.0,0.0,0.0,0.0,0.0,31.039150467611147
8,6,0.0,8160.898826332138,4.159362844026352,0,0,0,1.0,0.0,0.0,0.0,0.0,0.0,0.0,0.0,66.10184874142206
16,0,7.662848431382715,4448.7013569466135,13.201150633257665,0,0,0,0.0,0.0,0.0,1.0,0.0,0.0,0.0,0.0,51.1473209253594
11,5,15.200736030188962,7105.51369402609,8.122092411196306,0,0,2,0.0,0.0,0.0,0.0,0.0,1.0,0.0,0.0,46.709212049224135
13,0,0.0,4515.642976564521,13.592063813508513,1,0,2,0.0,0.0,0.0,0.0,1.0,0.0,0.0,0.0,52.38111840312915
14,1,0.0,4352.041086762158,0.6025172092587183,0,0,2,1.0,0.0,0.0,0.0,0.0,0.0,0.0,0.0,47.05612018257857
15,5,26.697931676702936,7673.994557932855,5.962736273118533,0,0,0,0.0,0.0,1.0,0.0,0.0,0.0,0.0,0.0,54.55423213876054
21,2,0.0,1995.9180800222482,14.217075275437024,0,0,1,0.0,0.0,0.0,0.0,0.0,0.0,1.0,0.0,38.728698386042566
21,1,14.257395797616013,3584.2839278332635,3.744751391374541,0,0,0,0.0,0.0,0.0,0.0,0.0,1.0,0.0,0.0,38.02336984046344
19,4,25.63822688200114,2474.4710844449473,14.12304369057739,1,0,0,0.0,0.0,0.0,0.0,0.0,1.0,0.0,0.0,82.12657815708825
0,0,0.0,3783.366446785692,14.308536916938749,1,0,2,0.0,0.0,1.0,0.0,0.0,0.0,0.0,0.0,59.34675933649474
9,3,0.0,2534.635776950433,13.232134713387914,0,1,2,0.0,0.0,0.0,0.0,0.0,0.0,0.0,0.0,42.900826488150166
7,0,0.0,5920.2346215405505,8.455020676399482,1,0,1,0.0,0.0,0.0,0.0,0.0,1.0,0.0,0.0,32.94193450511974
17,3,3.8643922128896433,8042.256785393099,9.704091736209577,1,0,1,0.0,0.0,0.0,0.0,1.0,0.0,0.0,0.0,98.24218314047032
0,5,0.0,7930.146693813648,13.044254976748038,0,0,1,0.0,0.0,0.0,0.0,0.0,0.0,1.0,0.0,20.857788994964334
1,4,0.0,3835.6593561232867,11.638456235837767,1,0,1,0.0,0.0,0.0,1.0,0.0,0.0,0.0,0.0,38.19494533324902
0,5,0.0,9890.975937174338,9.451407741831174,0,1,0,0.0,0.0,0.0,0.0,0.0,0.0,1.0,0.0,21.95805788317698
0,4,0.0,6060.387337646268,14.733891118060539,0,0,1,0.0,0.0,0.0,0.0,0.0,0.0,1.0,0.0,14.365756817693605
8,0,0.0,4174.18292724946,10.285149545005412,0,0,0,0.0,0.0,0.0,0.0,0.0,0.0,0.0,1.0,53.090802507419184
12,3,0.0,8404.731008641826,14.632229886716416,1,0,0,0.0,0.0,0.0,0.0,0.0,0.0,0.0,0.0,26.513500171240445
0,5,11.248936472235878,7379.777922633616,0.860827119106361,0,0,1,0.0,1.0,0.0,0.0,0.0,0.0,0.0,0.0,46.829756659714434
12,4,18.775751912103516,7567.970767193813,2.084405561133187,0,0,1,0.0,0.0,0.0,0.0,1.0,0.0,0.0,0.0,52.85779874233873
19,6,23.807735916069706,2202.5516924185545,6.7718826900073585,0,0,0,0.0,0.0,1.0,0.0,0.0,0.0,0.0,0.0,63.24078096138907
21,1,0.0,4842.745781474985,5.773191913264727,0,0,2,0.0,0.0,0.0,0.0,0.0,0.0,1.0,0.0,44.30017159879086
6,1,0.0,8659.732868998646,11.741022620355416,1,0,1,0.0,0.0,0.0,0.0,0.0,0.0,0.0,0.0,24.70945792895081
1,5,21.261857397146986,5189.168673998945,2.4092103970380565,0,0,2,0.0,0.0,0.0,1.0,0.0,0.0,0.0,0.0,21.861462975579705
5,3,0.0,6929.4916111841885,14.641427686672328,0,0,0,0.0,0.0,1.0,0.0,0.0,0.0,0.0,0.0,40.676720530304905
6,6,24.422007178538006,6002.957210432366,4.72598812891371,0,0,2,0.0,0.0,0.0,0.0,0.0,0.0,0.0,0.0,16.97922864807235
13,5,18.183287995589193,8470.860840868307,6.433855616102392,0,0,0,0.0,0.0,0.0,0.0,1.0,0.0,0.0,0.0,42.80332725657246
17,0,0.0,3060.2401456875455,4.121175486600343,0,0,2,0.0,1.0,0.0,0.0,0.0,0.0,0.0,0.0,72.0286368512576
14,4,10.185867573920799,5882.110195497739,8.690454259898209,0,0,2,0.0,0.0,0.0,1.0,0.0,0.0,0.0,0.0,40.18887905869281
1,0,3.2443782701159596,1495.3762796950987,0.8794305063387592,0,0,2,0.0,0.0,0.0,0.0,1.0,0.0,0.0,0.0,68.30519031449049
9,1,0.0,6995.044533984838,2.245162583556732,0,0,0,0.0,0.0,1.0,0.0,0.0,0.0,0.0,0.0,68.72217676701722
22,4,0.0,7400.088032021307,11.186965551280863,0,0,0,0.0,0.0,0.0,0.0,1.0,0.0,0.0,0.0,34.394296063196855
11,5,0.0,715.5220155332846,2.7975087510720584,0,0,0,0.0,0.0,0.0,0.0,0.0,1.0,0.0,0.0,22.63779558504965
16,0,0.0,6855.172347191456,3.5327167733499425,1,0,1,1.0,0.0,0.0,0.0,0.0,0.0,0.0,0.0,51.83616858802464
7,2,0.0,4322.4944954081275,11.894733535872566,0,0,0,0.0,0.0,0.0,0.0,0.0,1.0,0.0,0.0,30.39137785491214
10,3,0.0,1503.7396982639186,1.399517675358804,1,0,1,0.0,0.0,0.0,0.0,0.0,1.0,0.0,0.0,75.79288855647638
2,6,11.058619574948661,4373.103212675136,6.562107341562614,0,0,0,1.0,0.0,0.0,0.0,0.0,0.0,0.0,0.0,55.45541566304375
5,6,0.0,2184.0594180471426,0.3459508049584048,0,0,1,0.0,1.0,0.0,0.0,0.0,0.0,0.0,0.0,33.39114918687136
8,3,0.0,4330.92746159617,5.202110989768557,0,0,2,0.0,1.0,0.0,0.0,0.0,0.0,0.0,0.0,69.5228687755051
5,2,17.556609881728658,4028.088571197719,10.484721039161316,0,0,2,0.0,0.0,0.0,0.0,0.0,0.0,0.0,0.0,26.82623601179597
8,1,0.0,7462.398878279758,1.3515491957584247,0,0,0,0.0,0.0,0.0,0.0,0.0,0.0,0.0,0.0,54.204052604524364
6,4,27.306651042309362,7809.89091421368,13.3250194016814,1,0,1,0.0,0.0,0.0,0.0,1.0,0.0,0.0,0.0,86.86508572978472
8,3,0.0,6188.177947530103,13.64248564411074,0,0,2,0.0,0.0,0.0,0.0,0.0,0.0,0.0,1.0,53.514627537242184
17,2,0.0,520.0623691697411,1.5748556268770264,0,0,2,0.0,0.0,0.0,0.0,0.0,0.0,0.0,1.0,46.513261268446215
11,5,0.0,9330.916106988641,14.860986545636651,0,0,1,0.0,0.0,0.0,0.0,0.0,0.0,0.0,0.0,15.387192989367918
7,6,3.006956345288583,6956.462816935543,4.462943300932334,1,0,0,0.0,0.0,0.0,0.0,0.0,1.0,0.0,0.0,42.77014984186719
7,2,0.0,631.6958642355316,1.2615250669740907,1,0,2,0.0,0.0,0.0,0.0,1.0,0.0,0.0,0.0,84.06486804168162
17,1,11.236084573531233,8242.679122376943,0.07600671745893406,0,0,0,0.0,0.0,1.0,0.0,0.0,0.0,0.0,0.0,80.75564338826578
19,1,0.0,2242.581700764563,6.127843436457939,0,0,0,0.0,1.0,0.0,0.0,0.0,0.0,0.0,0.0,68.4959320634586
14,0,0.0,5918.4455388397355,9.447149785591765,0,0,1,0.0,0.0,0.0,0.0,0.0,0.0,0.0,1.0,34.95076180606193
6,3,0.0,4826.353388516815,4.982688748549699,1,0,1,0.0,0.0,0.0,1.0,0.0,0.0,0.0,0.0,24.885390636430795
10,0,15.409580154639887,4372.436188844244,12.55076048211934,1,0,2,0.0,0.0,0.0,0.0,0.0,0.0,1.0,0.0,82.62999183723247
19,6,20.83625922111822,8930.223085206657,10.74909413347575,1,0,1,0.0,0.0,1.0,0.0,0.0,0.0,0.0,0.0,70.95075904317298
15,2,0.0,4542.404528157363,5.252422979520491,0,0,2,0.0,0.0,1.0,0.0,0.0,0.0,0.0,0.0,42.71629664969815
3,4,0.0,1030.837940459562,11.01464499912907,0,0,2,0.0,0.0,0.0,0.0,1.0,0.0,0.0,0.0,35.0524313407695
5,4,0.0,9482.39565398504,14.107316054538748,1,0,2,0.0,0.0,0.0,0.0,1.0,0.0,0.0,0.0,48.158680163138904
21,1,0.0,9229.191743024387,1.3964399781452563,1,0,0,0.0,1.0,0.0,0.0,0.0,0.0,0.0,0.0,49.04908071780559
2,4,0.0,6938.997088941508,4.591559402364253,1,0,0,1.0,0.0,0.0,0.0,0.0,0.0,0.0,0.0,55.781627426193396
8,4,2.7568827623131877,4838.557522880642,6.9498890867503995,0,1,1,0.0,0.0,0.0,0.0,0.0,0.0,0.0,1.0,64.58788220671558
9,6,25.033626446750887,1200.736887552156,7.469851916321529,0,0,1,1.0,0.0,0.0,0.0,0.0,0.0,0.0,0.0,92.08251670697318
13,4,0.0,7970.256750201519,8.132934673291105,0,0,2,0.0,0.0,0.0,0.0,0.0,0.0,0.0,1.0,13.378897517476869
10,2,0.0,1032.1357699130808,4.509403598079728,1,0,2,0.0,0.0,0.0,0.0,0.0,0.0,1.0,0.0,68.73063573122252
17,4,4.586613469439945,965.4295534829129,10.008894689735236,0,0,0,0.0,0.0,0.0,0.0,0.0,1.0,0.0,0.0,47.58208790639084
21,5,1.9850616517554254,5512.623271661871,9.676267552947445,0,0,0,0.0,0.0,0.0,1.0,0.0,0.0,0.0,0.0,33.314184730158885
11,4,0.0,1853.2439297910103,8.667322594074209,0,0,2,0.0,1.0,0.0,0.0,0.0,0.0,0.0,0.0,44.88621283354501
22,4,0.0,374.98359320138513,1.7064258256631493,0,0,2,1.0,0.0,0.0,0.0,0.0,0.0,0.0,0.0,79.30401540757646
11,0,0.0,4404.200280659126,7.154518366439167,0,0,1,0.0,0.0,0.0,0.0,0.0,0.0,1.0,0.0,29.658305007320106
12,2,0.0,1631.0071466176396,5.343403312340634,0,0,2,1.0,0.0,0.0,0.0,0.0,0.0,0.0,0.0,58.216561981841
12,1,0.0,1856.999528222705,7.365577047571839,0,0,2,0.0,0.0,0.0,0.0,0.0,0.0,1.0,0.0,21.31725386592621
18,0,0.0,1046.0331957327462,13.82799653272539,1,0,2,0.0,0.0,0.0,1.0,0.0,0.0,0.0,0.0,66.38201713574885
18,3,19.68719679745076,2289.409411119016,7.207970147376124,1,0,0,0.0,0.0,0.0,0.0,0.0,0.0,0.0,1.0,79.26091415179107
22,2,0.0,7240.196543811577,0.20971187759267762,0,0,0,0.0,0.0,1.0,0.0,0.0,0.0,0.0,0.0,45.96191310289335
13,5,0.0,8146.594880012576,6.582551071261964,1,0,1,0.0,0.0,0.0,0.0,0.0,0.0,1.0,0.0,24.75641330262793
3,2,0.0,4689.576347084216,12.309722700740732,0,0,1,0.0,0.0,0.0,0.0,0.0,1.0,0.0,0.0,23.720771163123835
12,3,12.435624881705433,5213.5720140497515,11.700913848272524,1,0,1,0.0,0.0,0.0,0.0,0.0,0.0,1.0,0.0,33.96920677149481
7,3,25.264980901841493,616.7538355637653,7.700851102922715,1,1,2,0.0,0.0,0.0,1.0,0.0,0.0,0.0,0.0,72.3759657453845
22,3,0.0,972.3677353017735,3.7465351928897297,0,1,2,1.0,0.0,0.0,0.0,0.0,0.0,0.0,0.0,45.41617199769227
20,6,0.0,2798.406938800314,6.976329943718176,0,0,0,0.0,0.0,0.0,0.0,0.0,1.0,0.0,0.0,53.20347945019673
22,1,19.53959691678718,5575.814680917531,8.455533291272875,0,1,2,0.0,1.0,0.0,0.0,0.0,0.0,0.0,0.0,64.72586323439299
18,4,0.0,7473.646142729432,14.998071574112007,1,0,2,1.0,0.0,0.0,0.0,0.0,0.0,0.0,0.0,100.0
11,2,0.0,6168.529694978921,9.66267135254066,0,0,0,0.0,1.0,0.0,0.0,0.0,0.0,0.0,0.0,38.01173551202186
17,6,0.0,4103.640193371846,10.413973950939202,0,0,1,0.0,0.0,1.0,0.0,0.0,0.0,0.0,0.0,56.63616870812273
5,4,0.0,1447.7435081304404,7.3718121535207795,0,0,2,0.0,0.0,0.0,0.0,0.0,1.0,0.0,0.0,31.51964179668695
17,4,0.0,7873.500378405737,5.317343261737948,1,0,0,0.0,0.0,0.0,0.0,0.0,0.0,0.0,0.0,49.23730572517033
18,5,14.85514776739999,3828.724700510854,12.19429475470809,1,0,0,0.0,0.0,0.0,0.0,1.0,0.0,0.0,0.0,95.05072347709627
21,3,18.27667988308064,7439.723940483059,7.423984865088543,0,0,1,0.0,0.0,0.0,0.0,1.0,0.0,0.0,0.0,61.07474392250786
4,1,0.0,5275.894766569116,14.920351949467877,1,0,0,0.0,0.0,0.0,0.0,0.0,0.0,1.0,0.0,61.495098910753015
23,5,21.503931500981118,7465.021919549705,6.856808614020661,1,0,1,1.0,0.0,0.0,0.0,0.0,0.0,0.0,0.0,75.31245709861976
8,0,0.0,9100.708746089947,1.0200042547136605,1,0,1,1.0,0.0,0.0,0.0,0.0,0.0,0.0,0.0,100.0
2,6,0.0,9233.986305721879,10.238672056351241,0,0,1,0.0,0.0,0.0,0.0,0.0,0.0,0.0,0.0,24.769096014629152
9,6,0.0,5490.5357660058535,0.699621763887166,0,0,1,0.0,1.0,0.0,0.0,0.0,0.0,0.0,0.0,56.06761513003819
18,1,22.50450843895553,5261.631138226696,3.7575239532705496,0,0,1,0.0,0.0,0.0,0.0,0.0,1.0,0.0,0.0,61.24724527181288
2,4,0.0,2877.081115377521,5.30607379169855,0,0,0,0.0,0.0,0.0,0.0,0.0,0.0,1.0,0.0,48.492689682920656
21,6,0.0,9377.258365834126,11.092253784319915,0,0,2,0.0,0.0,0.0,0.0,0.0,1.0,0.0,0.0,25.550584547071825
14,1,12.608707801627656,4741.815921836323,7.413538896114193,0,0,1,0.0,0.0,0.0,0.0,0.0,0.0,0.0,1.0,39.257164139590714
0,6,17.312323278952963,1537.6350210875582,0.4296889696538492,0,0,1,0.0,0.0,0.0,0.0,0.0,0.0,1.0,0.0,35.26067489805378
6,6,26.188461912270057,4497.237671877534,9.252747769138832,0,0,2,0.0,0.0,0.0,0.0,0.0,0.0,1.0,0.0,48.177210963207926
11,3,0.0,1532.4165273086385,6.171543561399935,0,1,2,1.0,0.0,0.0,0.0,0.0,0.0,0.0,0.0,58.13644536467706
16,0,0.0,5174.557337293628,13.827517649506607,0,0,1,0.0,0.0,0.0,0.0,0.0,0.0,0.0,0.0,25.26869075725309
20,3,0.0,5744.372494105258,7.493434667103531,1,0,2,0.0,0.0,0.0,0.0,1.0,0.0,0.0,0.0,90.1283041975512
23,0,0.0,3576.2308864877778,10.634627189090084,1,0,1,0.0,0.0,0.0,0.0,0.0,1.0,0.0,0.0,50.8065499522814
19,6,12.992406108063935,995.0109580454013,3.283027384943203,0,0,0,0.0,0.0,0.0,0.0,1.0,0.0,0.0,0.0,77.73759277863975
4,5,0.0,9451.984295642418,11.414603467974798,1,0,2,0.0,0.0,0.0,0.0,0.0,1.0,0.0,0.0,30.52015636710373
3,4,0.0,7801.525200789267,10.814329657255085,0,0,2,0.0,0.0,0.0,0.0,0.0,0.0,1.0,0.0,41.724624336707805
11,6,5.943125827232621,8437.146480899673,13.561225628119622,1,0,0,1.0,0.0,0.0,0.0,0.0,0.0,0.0,0.0,74.17000131825219
19,0,0.0,3858.6234245764254,0.5073246257879882,0,0,2,0.0,0.0,0.0,0.0,0.0,0.0,0.0,0.0,48.315706817290135
23,0,0.0,7680.06099118867,6.712510464261767,0,1,0,0.0,0.0,0.0,0.0,0.0,0.0,1.0,0.0,34.58184399976002
17,0,18.66946069362793,5008.117083141184,10.187331041094453,0,0,1,0.0,0.0,0.0,0.0,0.0,0.0,1.0,0.0,90.24526929095555
16,6,19.85025182152591,2250.509837538646,1.4274585012032253,0,0,2,0.0,0.0,0.0,0.0,0.0,0.0,1.0,0.0,49.74414791552928
18,1,9.331251151709518,1506.9067559999687,6.159061007233686,0,0,2,0.0,0.0,0.0,0.0,0.0,1.0,0.0,0.0,64.91368661276294
8,5,0.0,3646.9934324239516,14.13219904599293,0,0,0,1.0,0.0,0.0,0.0,0.0,0.0,0.0,0.0,66.94464826137099
3,1,0.0,1634.255481308855,6.5390173633669235,0,0,1,0.0,0.0,1.0,0.0,0.0,0.0,0.0,0.0,24.319600138071706
20,4,20.40475640276636,9983.209069179466,14.78107175220947,1,0,1,0.0,0.0,0.0,0.0,0.0,0.0,0.0,1.0,78.74885728558645
1,6,0.0,777.133205250614,0.8525859161972943,0,0,0,0.0,0.0,0.0,0.0,0.0,0.0,1.0,0.0,18.23784449979392
3,0,0.0,4579.092913880042,10.767446642113368,0,0,2,0.0,0.0,1.0,0.0,0.0,0.0,0.0,0.0,18.642557066687033
1,5,6.675631325323393,4685.3071671867265,8.715243543724043,0,0,2,0.0,0.0,0.0,0.0,0.0,0.0,1.0,0.0,25.572867644078876
14,5,0.0,3216.1297072422526,7.508095156981882,1,0,0,0.0,0.0,0.0,0.0,1.0,0.0,0.0,0.0,40.712131322695996
1,2,5.145680813615609,5842.11018735737,14.56271102227514,0,0,0,0.0,0.0,0.0,0.0,0.0,0.0,0.0,1.0,26.275755190637927
3,4,0.0,1754.7771342699834,1.9447560073669297,0,0,0,0.0,0.0,0.0,0.0,0.0,0.0,0.0,0.0,22.464482875097218
5,5,0.0,7903.950091696167,13.4399842752137,0,0,2,0.0,0.0,0.0,0.0,1.0,0.0,0.0,0.0,18.233276305675382
6,6,0.0,3524.7428670020913,10.368606167049155,0,0,0,0.0,0.0,1.0,0.0,0.0,0.0,0.0,0.0,29.125692923978995
9,0,26.247999730519467,6036.023121046825,3.8849410994944904,0,0,1,0.0,1.0,0.0,0.0,0.0,0.0,0.0,0.0,79.68967202631634
18,0,0.0,7241.700589849505,13.5250371844844,0,0,0,0.0,0.0,0.0,1.0,0.0,0.0,0.0,0.0,69.03081869777989
18,5,0.0,8923.708541594564,6.439423767915199,0,0,1,0.0,0.0,0.0,0.0,0.0,0.0,1.0,0.0,41.47406514657627
21,1,21.071884276212806,8407.13813358634,12.213409921096062,0,0,1,0.0,0.0,0.0,0.0,1.0,0.0,0.0,0.0,55.5153333644883
11,4,16.711977980517513,6200.597572604528,5.8325477557109995,0,0,0,0.0,0.0,0.0,0.0,0.0,0.0,0.0,0.0,32.188555040027104
2,0,25.588683410212465,4067.413849723703,12.763962411498614,0,0,1,0.0,0.0,0.0,0.0,1.0,0.0,0.0,0.0,36.84932078649095
12,5,0.0,5181.08529972715,9.54943677667573,0,1,2,0.0,0.0,0.0,0.0,0.0,1.0,0.0,0.0,11.59185644197736
17,0,0.0,7756.727495774385,2.1156995037559074,1,0,0,0.0,0.0,0.0,0.0,1.0,0.0,0.0,0.0,100.0
7,5,14.561171136136513,8812.19176282689,9.744947452042913,0,0,2,0.0,1.0,0.0,0.0,0.0,0.0,0.0,0.0,47.11417512930667
20,4,10.617174787705762,1306.6847033137171,2.870171440528089,1,0,2,0.0,0.0,0.0,0.0,0.0,0.0,0.0,1.0,68.33461716668101
14,5,0.0,4033.105746182619,6.17883941841244,0,0,1,0.0,0.0,1.0,0.0,0.0,0.0,0.0,0.0,37.950351107552734
0,2,0.0,7828.3310046109555,2.554433763780506,0,0,2,0.0,0.0,0.0,1.0,0.0,0.0,0.0,0.0,22.306778857930517
2,5,4.485259185620885,4487.022097161422,0.3302417350067788,1,1,2,0.0,0.0,0.0,1.0,0.0,0.0,0.0,0.0,37.94039338054237
7,5,0.0,3522.609311442953,3.1782980917493626,0,1,0,0.0,1.0,0.0,0.0,0.0,0.0,0.0,0.0,34.24837066705876
3,6,19.724826899548262,4289.830159185715,8.045580355861887,0,0,0,1.0,0.0,0.0,0.0,0.0,0.0,0.0,0.0,62.68029664385674
15,4,0.0,6147.594043827603,7.22341451666019,0,0,2,0.0,0.0,0.0,0.0,0.0,0.0,1.0,0.0,29.995396445599468
22,6,0.0,9998.109898097875,7.522456433040955,0,0,1,0.0,0.0,0.0,0.0,0.0,1.0,0.0,0.0,26.224941856085017
9,5,28.396915289362312,5082.0265623139585,3.7153031766990194,1,0,1,0.0,0.0,0.0,1.0,0.0,0.0,0.0,0.0,70.25288922317175
11,4,0.0,2322.396407056327,10.277418009212793,0,0,0,0.0,0.0,0.0,0.0,0.0,0.0,0.0,0.0,33.17876643203144
13,2,0.0,1879.611780207219,10.563949302305186,0,0,0,0.0,0.0,0.0,0.0,0.0,0.0,0.0,0.0,19.360134768090678
13,4,0.0,710.7925505212186,5.369517383394983,1,0,0,0.0,0.0,0.0,0.0,0.0,0.0,1.0,0.0,44.805198529190285
1,0,0.0,5720.527178707718,13.217551327112615,1,0,1,0.0,0.0,1.0,0.0,0.0,0.0,0.0,0.0,36.73231116936493
22,6,28.12577960278749,5582.3492874416925,9.660348249533218,1,0,0,0.0,0.0,1.0,0.0,0.0,0.0,0.0,0.0,61.61851282516871
4,4,22.099702056563714,2290.769089768999,10.695589128879476,0,1,2,0.0,0.0,0.0,0.0,0.0,0.0,0.0,1.0,56.49071428538132
4,2,13.737737395826935,7044.6952425899,4.160098769084091,1,0,1,1.0,0.0,0.0,0.0,0.0,0.0,0.0,0.0,60.352523182808696
5,3,0.0,7488.738303807903,0.009174527333805638,1,1,2,0.0,0.0,0.0,1.0,0.0,0.0,0.0,0.0,28.931152925368252
12,5,0.0,2813.252592206479,12.980634181531643,1,0,0,0.0,0.0,0.0,0.0,1.0,0.0,0.0,0.0,17.7017663456497
8,4,0.0,3637.7677110884442,12.336365768697128,1,0,1,0.0,0.0,0.0,0.0,1.0,0.0,0.0,0.0,69.67863545335408
21,5,26.360927514782276,9907.57522176839,1.8478783206424532,1,0,0,0.0,1.0,0.0,0.0,0.0,0.0,0.0,0.0,64.81966437152916
14,1,10.706659868412036,3930.3653381521217,5.611577024344597,0,0,1,0.0,0.0,0.0,0.0,1.0,0.0,0.0,0.0,56.42993635812656
13,0,8.996572201674148,7679.776216034187,9.920089625828739,0,0,0,0.0,0.0,0.0,1.0,0.0,0.0,0.0,0.0,49.60699111929301
23,6,0.0,4691.436638310418,9.781662858280923,1,0,1,0.0,0.0,0.0,0.0,0.0,0.0,1.0,0.0,34.527034821640385
6,0,0.0,7995.444830251467,12.905255022128348,0,0,1,0.0,0.0,1.0,0.0,0.0,0.0,0.0,0.0,32.33096075097219
19,1,0.0,7759.525416191685,2.1040224245314283,0,0,1,0.0,1.0,0.0,0.0,0.0,0.0,0.0,0.0,73.55008251697238
1,1,0.0,6777.233444425796,6.449096216776782,0,0,2,0.0,0.0,0.0,0.0,1.0,0.0,0.0,0.0,42.18470505722997
6,6,0.0,8591.349959067118,1.4583662688963717,1,1,0,0.0,0.0,0.0,0.0,0.0,0.0,0.0,1.0,34.02231719429307
5,4,19.81597246309458,9410.419400313545,5.843928726579422,0,0,0,0.0,0.0,0.0,0.0,0.0,0.0,1.0,0.0,50.82428848350244
16,1,0.0,5925.838208385214,0.22661168381556573,0,0,1,0.0,0.0,0.0,0.0,0.0,0.0,1.0,0.0,30.205950755366832
1,3,0.0,2603.4484000606335,13.474095976651904,0,1,2,0.0,1.0,0.0,0.0,0.0,0.0,0.0,0.0,32.724963014133564
2,5,0.0,4166.700927947528,7.9056599524302165,0,0,1,0.0,0.0,0.0,0.0,0.0,0.0,0.0,0.0,1.638617546659228
4,5,26.11232485674901,7655.565421078944,12.747033912035304,0,0,0,0.0,1.0,0.0,0.0,0.0,0.0,0.0,0.0,43.70532406788887
4,2,0.0,6613.569805701534,0.8985705150504564,0,0,0,0.0,1.0,0.0,0.0,0.0,0.0,0.0,0.0,43.17714568223099
0,1,27.801225130172718,2024.6438840829128,3.4118716570938097,1,0,1,0.0,0.0,0.0,0.0,1.0,0.0,0.0,0.0,100.0
7,1,20.959709402437202,797.0235491203196,3.890699928317709,1,1,1,0.0,1.0,0.0,0.0,0.0,0.0,0.0,0.0,93.23567783993525
11,3,0.0,6924.727457358029,5.800372419581821,1,0,1,1.0,0.0,0.0,0.0,0.0,0.0,0.0,0.0,55.57270348448144
23,0,16.922547650658753,2735.4665330846497,12.042995585963192,0,0,0,0.0,0.0,0.0,0.0,0.0,0.0,0.0,1.0,37.251809143141756
3,0,0.0,5146.801364171818,5.79836810597239,0,1,1,0.0,0.0,0.0,0.0,1.0,0.0,0.0,0.0,59.5985121226946
12,5,0.0,7543.4436933721645,3.0698029446949047,0,0,1,0.0,0.0,0.0,1.0,0.0,0.0,0.0,0.0,16.778190753505918
22,5,17.737287172518425,5757.867772366431,0.9748539050815264,0,1,0,0.0,1.0,0.0,0.0,0.0,0.0,0.0,0.0,44.1762051056346
14,4,9.443568711508739,1108.035056184425,1.192376225290312,0,0,1,0.0,0.0,0.0,0.0,0.0,1.0,0.0,0.0,36.511637125586816
10,6,0.0,2100.128296800487,11.40070808941466,1,0,2,0.0,0.0,0.0,0.0,0.0,1.0,0.0,0.0,49.924863702537095
9,3,0.0,2427.4833850999157,6.672044865549495,0,0,0,0.0,0.0,1.0,0.0,0.0,0.0,0.0,0.0,59.57156602800304
2,6,0.0,2801.2832603549955,10.892716830000229,0,1,1,1.0,0.0,0.0,0.0,0.0,0.0,0.0,0.0,28.737928327737876
21,6,0.0,5784.412901919892,10.234306826455462,1,0,1,1.0,0.0,0.0,0.0,0.0,0.0,0.0,0.0,63.289210725042736
13,2,0.0,5188.468064306317,2.030436926403867,0,1,0,0.0,0.0,0.0,0.0,0.0,0.0,1.0,0.0,39.405705464967674
15,6,0.0,2270.6523721328267,2.143319012884008,1,0,0,0.0,0.0,1.0,0.0,0.0,0.0,0.0,0.0,51.517933209675824
9,2,0.0,955.2819815201647,11.330130231512008,1,0,2,0.0,0.0,0.0,0.0,0.0,1.0,0.0,0.0,76.23832839588681
9,6,20.27240281041531,1962.8923834047653,10.819024402281258,0,0,1,0.0,1.0,0.0,0.0,0.0,0.0,0.0,0.0,76.34272950119386
11,3,0.0,9848.498732400452,5.670461503114655,0,0,1,0.0,0.0,0.0,0.0,0.0,0.0,0.0,1.0,11.639009267024214
8,2,0.0,4844.905412977281,1.1613339499926012,1,0,1,0.0,0.0,0.0,0.0,0.0,0.0,0.0,1.0,51.27247854069305
0,0,0.0,8713.25139561049,0.181470325476783,0,1,0,0.0,0.0,0.0,0.0,0.0,1.0,0.0,0.0,27.210715957792168
4,2,27.722334158828083,8532.89892668778,4.322354241926173,0,0,0,0.0,0.0,0.0,0.0,0.0,1.0,0.0,0.0,42.28888475957147
19,2,0.0,5261.739707389875,0.13833410380840405,1,0,0,0.0,0.0,0.0,0.0,0.0,0.0,0.0,0.0,36.53163669030818
7,3,0.0,7154.870772067272,3.451089316555551,0,1,1,0.0,0.0,0.0,0.0,0.0,0.0,1.0,0.0,27.87274876466007
10,3,0.0,2169.694501003309,6.292511103170078,0,0,1,1.0,0.0,0.0,0.0,0.0,0.0,0.0,0.0,73.44743612411051
11,2,28.590485281213283,6977.44803779101,1.821236479679313,0,1,0,0.0,0.0,0.0,0.0,0.0,0.0,1.0,0.0,67.71935698094957
0,1,0.0,2942.1304188539084,1.5641663674731938,1,0,2,1.0,0.0,0.0,0.0,0.0,0.0,0.0,0.0,53.53805096664438
21,3,1.260173022564357,8371.002338515264,13.446561535781049,0,0,1,0.0,0.0,0.0,0.0,0.0,0.0,0.0,0.0,26.251043388250345
19,4,27.206184954571583,1112.1240911564262,8.782050435343338,0,0,2,0.0,0.0,0.0,0.0,0.0,0.0,1.0,0.0,72.18587765246984
10,4,14.534184270995777,7799.4451269871915,14.016835301441722,0,0,0,0.0,0.0,1.0,0.0,0.0,0.0,0.0,0.0,74.83209032590737
4,0,13.809809543334985,1269.3879937156094,5.187392456785188,0,0,1,0.0,0.0,0.0,0.0,1.0,0.0,0.0,0.0,56.939790943137226
14,6,0.0,8847.535597874798,10.157174059937446,1,1,2,0.0,0.0,0.0,0.0,0.0,0.0,0.0,0.0,27.361429745127165
4,2,0.0,3250.783825909536,3.070375119326856,1,0,1,0.0,0.0,0.0,0.0,0.0,0.0,0.0,1.0,4.36533555419365
11,1,14.07498145702196,6647.615638856575,9.275104759199118,0,0,2,0.0,0.0,0.0,0.0,0.0,1.0,0.0,0.0,34.76889764541382
4,0,0.0,5028.772102616715,1.943785950149766,0,1,1,0.0,0.0,0.0,1.0,0.0,0.0,0.0,0.0,31.975307184538835
16,2,0.0,3853.1405090446883,0.031209587644286385,0,0,2,0.0,0.0,0.0,0.0,1.0,0.0,0.0,0.0,63.260942326272776
16,3,8.18751480973114,6560.785781879916,13.972977021143686,0,1,2,0.0,1.0,0.0,0.0,0.0,0.0,0.0,0.0,42.1333630341125
23,4,0.0,9490.972911347008,8.32341564262814,0,0,0,0.0,0.0,0.0,0.0,0.0,0.0,0.0,1.0,24.691827535344963
11,5,0.0,700.316549533832,13.904109941730592,0,0,0,1.0,0.0,0.0,0.0,0.0,0.0,0.0,0.0,46.096493562568185
23,1,0.0,9212.872702066112,5.007472855531081,0,0,2,0.0,0.0,0.0,0.0,0.0,0.0,0.0,0.0,31.772646229746716
14,5,0.0,6208.092053703831,4.916791037426352,0,0,1,0.0,0.0,0.0,0.0,0.0,0.0,0.0,0.0,11.667582936194563
14,4,28.3556928338102,8130.948717459807,6.009825026595475,1,0,2,1.0,0.0,0.0,0.0,0.0,0.0,0.0,0.0,82.63870107532844
5,6,0.0,4023.5870483124927,10.590614759372524,1,0,1,0.0,0.0,0.0,0.0,1.0,0.0,0.0,0.0,37.35428166318997
11,6,0.0,4876.876855924853,8.487129512792613,0,0,1,0.0,0.0,0.0,0.0,1.0,0.0,0.0,0.0,32.22865239927606
19,5,0.0,8727.85229247129,13.880323606486769,0,0,1,0.0,0.0,0.0,0.0,0.0,0.0,0.0,1.0,37.961328515912705
17,3,23.259472616411283,4324.025307155283,0.3816135169865903,1,1,1,0.0,0.0,1.0,0.0,0.0,0.0,0.0,0.0,94.88963840469098
13,2,17.232854490094336,5486.197797466124,10.622939069588046,1,0,0,0.0,0.0,0.0,0.0,0.0,0.0,1.0,0.0,49.134446900146415
1,3,0.0,495.8907539180292,4.954915340498315,0,0,2,0.0,0.0,1.0,0.0,0.0,0.0,0.0,0.0,47.70716937458486
8,5,27.729490650222875,1838.4006566290102,2.7035047772769176,1,0,1,0.0,1.0,0.0,0.0,0.0,0.0,0.0,0.0,100.0
4,3,0.0,6524.359127355558,7.655934337801485,1,0,0,0.0,0.0,1.0,0.0,0.0,0.0,0.0,0.0,43.07454427524747
19,4,11.05123522754202,7254.675940319608,7.575956762699939,0,0,1,0.0,0.0,0.0,0.0,0.0,0.0,0.0,0.0,54.1165272877357
0,1,0.0,5951.229086809644,2.055165430326426,0,0,1,0.0,0.0,0.0,0.0,0.0,0.0,0.0,1.0,20.544565756827367
22,3,1.208344882061636,1690.1073518734236,3.0284408419933477,0,0,0,0.0,0.0,0.0,1.0,0.0,0.0,0.0,0.0,47.32995822835722
2,4,0.0,4620.432657204998,6.122469973523323,0,0,0,0.0,0.0,0.0,0.0,0.0,1.0,0.0,0.0,30.666197036118376
5,1,0.0,3744.419233722941,6.13217118588473,0,0,1,0.0,1.0,0.0,0.0,0.0,0.0,0.0,0.0,38.702523751829816
4,6,0.0,5107.915037140357,4.763372094295271,1,1,2,0.0,0.0,0.0,1.0,0.0,0.0,0.0,0.0,31.985732876365248
20,2,0.6925644165531053,8742.191635174715,2.228177272649714,1,0,0,0.0,0.0,1.0,0.0,0.0,0.0,0.0,0.0,64.6863153685749
4,5,0.0,7825.855954988923,0.06560518651469283,0,0,2,0.0,0.0,0.0,0.0,0.0,1.0,0.0,0.0,29.081854377924316
0,6,19.63864487391165,1114.6981634748417,14.553525936420309,0,0,1,0.0,0.0,0.0,1.0,0.0,0.0,0.0,0.0,38.34421322398776
16,2,0.0,8935.999218413273,14.152488445558905,0,0,1,1.0,0.0,0.0,0.0,0.0,0.0,0.0,0.0,54.7030424262988
18,6,0.0,4876.141366153289,7.254755687642028,0,0,1,0.0,1.0,0.0,0.0,0.0,0.0,0.0,0.0,46.79493427054494
13,0,0.0,7515.462805394185,14.925776299125086,0,0,1,0.0,0.0,0.0,0.0,0.0,0.0,1.0,0.0,34.59182270626302
11,6,17.981376667833054,1658.3805432642157,10.104814961733648,1,0,1,0.0,1.0,0.0,0.0,0.0,0.0,0.0,0.0,73.98585512796399
9,4,0.0,6805.979399358366,1.0328630641131231,0,0,1,0.0,0.0,0.0,0.0,0.0,1.0,0.0,0.0,53.83741372152985
19,1,5.0112534401445785,2592.362370811742,1.7657729862394107,0,0,2,0.0,0.0,0.0,1.0,0.0,0.0,0.0,0.0,60.05152235503196
20,6,21.52936759028228,4552.294702267036,13.741662658044566,0,0,0,0.0,0.0,0.0,0.0,0.0,1.0,0.0,0.0,53.070239199079225
17,3,22.649361994474894,463.5698397964128,9.450783032244427,0,0,1,0.0,0.0,0.0,0.0,0.0,0.0,0.0,1.0,67.3354947576659
23,2,0.0,1770.6231879256175,12.647754399860267,0,0,0,0.0,0.0,0.0,0.0,0.0,1.0,0.0,0.0,31.843076689963542
10,6,25.83748155549195,1193.1807832991117,13.474044744507664,0,0,2,0.0,0.0,0.0,0.0,1.0,0.0,0.0,0.0,53.64455641159135
1,1,24.393151413325317,2625.518477501107,6.719130169235791,0,0,1,0.0,0.0,0.0,0.0,0.0,0.0,0.0,0.0,35.08431642578486
17,4,0.0,1270.175473235926,0.7278892736503956,0,0,1,0.0,0.0,1.0,0.0,0.0,0.0,0.0,0.0,65.50552661244005
6,0,2.732532446401544,7011.5272582097505,2.8242052334598307,0,0,0,0.0,0.0,0.0,0.0,0.0,0.0,1.0,0.0,42.676964470912395
23,2,0.0,581.6870514294278,0.9985792095365265,0,0,0,0.0,0.0,0.0,0.0,0.0,0.0,0.0,0.0,32.57198608712255
14,5,0.0,6292.0828560624805,2.83109768547761,0,0,0,0.0,0.0,0.0,0.0,1.0,0.0,0.0,0.0,43.24765378081843
10,1,0.0,1664.8659590080701,6.157993896838152,1,0,1,1.0,0.0,0.0,0.0,0.0,0.0,0.0,0.0,98.51640843118106
17,5,0.0,9468.0661346256,1.7729521577247813,0,0,0,0.0,0.0,0.0,0.0,0.0,0.0,0.0,1.0,48.35132068034868
22,1,0.0,9351.012509165586,2.500998717080149,0,0,0,0.0,0.0,0.0,0.0,0.0,0.0,1.0,0.0,33.947141141430116
11,1,0.0,2487.3800944533373,6.6873267310751885,0,0,2,0.0,0.0,0.0,0.0,0.0,0.0,0.0,1.0,38.346474525792885
5,4,11.047883696157395,6259.886592763386,5.102564255827343,0,0,1,0.0,0.0,0.0,0.0,0.0,0.0,0.0,1.0,25.140332558581456
19,4,0.0,571.6515988828469,7.014871862820614,1,0,1,1.0,0.0,0.0,0.0,0.0,0.0,0.0,0.0,85.56343575813527
22,4,0.0,9338.348867596389,6.437580416385931,0,0,1,1.0,0.0,0.0,0.0,0.0,0.0,0.0,0.0,61.06716978090786
12,6,0.0,5372.976889459584,9.667170389698253,1,0,0,0.0,0.0,0.0,0.0,0.0,0.0,0.0,1.0,11.279345567813984
19,3,0.0,719.2645687524562,14.057843233137817,0,0,2,1.0,0.0,0.0,0.0,0.0,0.0,0.0,0.0,59.23484379573409
15,1,8.215275572977776,3622.249932178933,1.617965076663637,0,0,0,0.0,0.0,1.0,0.0,0.0,0.0,0.0,0.0,43.96505238820616
17,2,0.0,1045.4397800539718,1.4889022396379237,1,0,1,1.0,0.0,0.0,0.0,0.0,0.0,0.0,0.0,100.0
9,5,24.574935002886892,4111.561061921591,12.792091666363529,0,0,0,0.0,0.0,0.0,0.0,0.0,0.0,0.0,0.0,52.200173362423676
22,4,0.0,6798.2855189648335,7.595950569786886,0,1,1,0.0,0.0,0.0,0.0,0.0,1.0,0.0,0.0,15.798226102323053
7,6,9.886264005716463,4857.9321080019645,11.496075353526633,1,1,0,0.0,0.0,0.0,1.0,0.0,0.0,0.0,0.0,48.71058518938447
17,4,0.0,4022.1050947787085,3.231328554109221,1,0,0,0.0,1.0,0.0,0.0,0.0,0.0,0.0,0.0,82.21738606334368
20,5,0.0,1455.8233417425085,12.432938597513276,0,0,1,0.0,0.0,0.0,0.0,0.0,0.0,1.0,0.0,47.31136829322584
0,5,21.55324424206624,2675.9087432284664,13.85769936289044,0,0,0,0.0,0.0,0.0,1.0,0.0,0.0,0.0,0.0,46.489703902960386
22,1,0.0,1271.389891062006,9.532245233197324,0,0,1,0.0,0.0,0.0,0.0,0.0,0.0,0.0,0.0,14.626437137752957
7,4,27.147885509454458,8132.73769706961,1.5881853221070337,0,0,0,0.0,0.0,0.0,0.0,0.0,0.0,0.0,1.0,50.82186798873548
5,5,16.800119676867553,1611.8263314518088,13.429422212345083,0,0,0,0.0,0.0,0.0,1.0,0.0,0.0,0.0,0.0,43.80106426292106
4,3,0.0,6075.121655524267,11.88731591055107,1,0,0,0.0,1.0,0.0,0.0,0.0,0.0,0.0,0.0,55.5495715464426
14,3,0.0,3624.582011811805,11.263166647717348,0,1,1,0.0,0.0,0.0,0.0,1.0,0.0,0.0,0.0,31.227649525851675
21,4,0.0,2491.99033115528,0.5509228335887334,1,0,0,0.0,0.0,0.0,0.0,0.0,0.0,1.0,0.0,36.083796801364244
14,6,23.836568832651164,6502.843863073406,11.984437878854568,0,0,0,1.0,0.0,0.0,0.0,0.0,0.0,0.0,0.0,53.05010995380492
1,5,1.2003939160537302,4732.922400956324,2.069265157025355,0,1,2,0.0,1.0,0.0,0.0,0.0,0.0,0.0,0.0,36.519923486022996
0,1,0.0,4181.411032660224,3.335792642953326,1,0,2,0.0,0.0,0.0,0.0,0.0,1.0,0.0,0.0,20.13795407895801
22,1,0.0,6050.664447454549,8.657022523038863,0,0,1,1.0,0.0,0.0,0.0,0.0,0.0,0.0,0.0,65.95093427813428
22,6,0.0,5065.295996353007,3.974711593753246,0,0,1,0.0,0.0,0.0,1.0,0.0,0.0,0.0,0.0,15.418336033714436
10,1,21.005626824913694,3243.7968229501394,9.920223094678796,0,0,1,0.0,0.0,0.0,0.0,0.0,0.0,0.0,1.0,63.67947326305937
9,0,0.0,5722.894491322941,9.121056715486224,1,0,1,0.0,0.0,0.0,0.0,0.0,1.0,0.0,0.0,73.0711321964413
17,4,0.0,6794.136192541737,1.6222439701989395,0,0,0,0.0,1.0,0.0,0.0,0.0,0.0,0.0,0.0,68.6415744448608
17,1,29.679998604848258,558.9236382924865,9.840218693872595,0,0,0,1.0,0.0,0.0,0.0,0.0,0.0,0.0,0.0,100.0
16,3,0.0,4818.955770404451,13.85932364737395,0,0,1,0.0,0.0,0.0,0.0,0.0,0.0,0.0,1.0,14.301417435435019
7,5,0.0,859.5278604603745,2.416648577787497,0,0,1,0.0,0.0,0.0,0.0,0.0,0.0,0.0,1.0,18.624691999508233
14,2,22.998679955234586,2108.1325164606774,8.95593031414331,1,0,2,0.0,0.0,0.0,0.0,0.0,0.0,0.0,1.0,46.82909477979717
7,6,10.865362726744383,5736.934720556339,5.127980579050411,0,1,1,0.0,1.0,0.0,0.0,0.0,0.0,0.0,0.0,60.342978784188944
16,2,0.0,8702.032478076133,6.89417507660406,0,0,2,0.0,0.0,0.0,0.0,0.0,0.0,0.0,0.0,18.357500897311887
11,1,0.0,8863.215088128303,4.305002686184548,0,0,1,0.0,0.0,0.0,0.0,0.0,0.0,0.0,1.0,6.864514276366808
7,2,0.0,978.4568983447234,5.311959545215429,1,0,1,0.0,0.0,0.0,0.0,0.0,1.0,0.0,0.0,45.63868121030386
13,2,0.0,4365.319336981054,0.4336773489983592,1,0,0,1.0,0.0,0.0,0.0,0.0,0.0,0.0,0.0,50.39974348262198
3,0,8.768705181277594,5955.162885144147,14.72327606875831,1,0,1,0.0,0.0,0.0,0.0,1.0,0.0,0.0,0.0,52.32358453643348
0,3,0.0,1726.578074138331,9.371998831091224,0,0,2,0.0,0.0,0.0,0.0,0.0,0.0,0.0,1.0,36.239040645425064
0,6,19.24859996143227,7724.6925024242855,7.51058385740828,0,1,0,0.0,0.0,0.0,0.0,0.0,0.0,1.0,0.0,37.92844918291645
18,3,6.284586681587991,7519.082006841217,5.7557302425049,0,1,2,0.0,0.0,0.0,0.0,1.0,0.0,0.0,0.0,73.04129931551154
15,0,0.0,9062.407832955909,8.090618382360415,1,1,1,0.0,0.0,0.0,0.0,1.0,0.0,0.0,0.0,73.08271908170384
13,0,0.0,382.31431720939725,5.70158998073706,1,0,0,0.0,0.0,0.0,0.0,0.0,0.0,1.0,0.0,70.50996590537031
20,2,0.0,2401.837166693326,5.398618912405099,1,1,2,0.0,0.0,0.0,0.0,0.0,0.0,0.0,1.0,76.68169986457342
15,4,26.29815835111795,8323.71112817962,6.959198125830197,0,0,1,0.0,0.0,0.0,0.0,0.0,0.0,1.0,0.0,71.18086576884829
4,5,27.84650386942783,6804.626493021274,4.139745505067863,0,1,2,0.0,0.0,0.0,0.0,0.0,0.0,0.0,0.0,16.09147057821323
8,5,0.0,8975.581580875361,2.7007484995017816,0,1,1,1.0,0.0,0.0,0.0,0.0,0.0,0.0,0.0,57.77878168219753
1,2,22.614104513056347,854.6426489435853,8.349088472704402,1,1,2,0.0,0.0,0.0,0.0,1.0,0.0,0.0,0.0,83.89648834933678
17,5,0.0,6090.550467449495,12.641481542254516,0,0,1,0.0,0.0,0.0,0.0,0.0,0.0,1.0,0.0,58.45201268246538
5,0,22.38246469718679,5819.751776468639,2.2924226658883846,1,0,2,0.0,0.0,1.0,0.0,0.0,0.0,0.0,0.0,71.69963478602767
8,3,0.0,646.0418386971639,0.4910151090632797,0,0,0,0.0,0.0,1.0,0.0,0.0,0.0,0.0,0.0,66.67889851125044
0,5,0.0,5281.16414605109,3.702176177310542,0,0,1,1.0,0.0,0.0,0.0,0.0,0.0,0.0,0.0,30.992390541683115
8,6,19.026839964408445,6212.347019706265,14.695809651807162,0,0,1,0.0,0.0,0.0,0.0,0.0,0.0,0.0,0.0,38.27307822701836
15,2,0.0,2155.54378976044,12.43137110615009,0,0,2,0.0,0.0,0.0,0.0,0.0,0.0,0.0,1.0,29.129563604332763
12,4,0.0,2951.2969563092306,8.93799080292895,0,0,1,0.0,0.0,0.0,0.0,0.0,1.0,0.0,0.0,26.884754746049033
8,2,0.0,6511.369259088049,13.938733728647039,0,0,0,0.0,0.0,0.0,0.0,0.0,0.0,0.0,1.0,58.1149361621159
20,1,0.0,4842.519191719596,6.679186752558669,0,0,2,1.0,0.0,0.0,0.0,0.0,0.0,0.0,0.0,63.53164088892304
12,2,0.0,8622.73247841277,14.749209038627608,0,1,2,0.0,0.0,0.0,1.0,0.0,0.0,0.0,0.0,33.417479805690064
8,0,25.53846636649593,3621.103130289127,4.4445306767892605,1,0,2,1.0,0.0,0.0,0.0,0.0,0.0,0.0,0.0,100.0
10,3,0.0,2886.598686365551,3.604586242739086,1,0,0,0.0,0.0,0.0,0.0,0.0,1.0,0.0,0.0,60.10991169344152
3,3,0.0,9853.199621344975,9.570723017205164,0,0,0,0.0,0.0,0.0,0.0,0.0,0.0,0.0,1.0,20.67213571778225
1,6,9.719283196846169,9138.01697026181,5.672309519255406,0,0,1,0.0,1.0,0.0,0.0,0.0,0.0,0.0,0.0,43.59891536368219
5,5,0.0,581.2296264901047,9.395483129643868,0,0,2,0.0,0.0,0.0,0.0,0.0,0.0,0.0,0.0,18.12327765444213
13,0,0.0,7776.067568473689,4.574932774540287,1,0,0,0.0,0.0,1.0,0.0,0.0,0.0,0.0,0.0,39.44026252653598
3,1,4.866887132894908,1370.2473061044686,9.268773852569867,0,1,1,0.0,0.0,1.0,0.0,0.0,0.0,0.0,0.0,48.01836092643975
5,0,9.297897276874993,566.6063898448982,4.136193908775546,0,0,0,0.0,0.0,0.0,0.0,1.0,0.0,0.0,0.0,74.71684131231824
18,2,26.999498306359623,2954.8465048735843,0.7645810322833491,1,0,0,0.0,0.0,0.0,1.0,0.0,0.0,0.0,0.0,100.0
5,0,20.645233101667902,2912.6550268927117,13.682038528847752,0,0,0,0.0,0.0,0.0,1.0,0.0,0.0,0.0,0.0,66.16955882502184
1,0,0.0,8247.391994765556,13.248078028101933,1,0,1,0.0,0.0,0.0,0.0,0.0,0.0,0.0,1.0,28.46973727124672
17,6,23.01037589942308,7193.472285645501,14.561972239090078,0,0,0,0.0,0.0,0.0,0.0,0.0,0.0,0.0,0.0,72.69032620140474
12,1,0.0,9821.61144512054,10.74790764332107,0,0,0,0.0,0.0,0.0,0.0,0.0,0.0,1.0,0.0,35.11106134257435
8,2,6.485657216114262,7201.675133024639,10.240817666029544,0,0,0,0.0,0.0,0.0,0.0,0.0,0.0,1.0,0.0,70.79995268086186
22,4,0.0,4357.078866583664,8.385046051122462,1,0,2,0.0,0.0,0.0,0.0,0.0,0.0,1.0,0.0,53.2057362872188
18,6,0.6065256044339229,7079.598311168604,1.8891362452878402,1,0,0,0.0,1.0,0.0,0.0,0.0,0.0,0.0,0.0,66.43012794293674
12,4,20.12280065134602,9994.7529517081,2.8385296642390507,0,0,2,0.0,0.0,0.0,0.0,0.0,0.0,1.0,0.0,56.74620658818825
10,6,14.078468343607241,7188.376260856522,4.342045330088043,0,1,0,1.0,0.0,0.0,0.0,0.0,0.0,0.0,0.0,83.16173765185951
0,3,0.0,7688.309153009087,13.352345438600915,0,0,2,0.0,0.0,0.0,0.0,0.0,0.0,1.0,0.0,38.43891838408061
23,6,0.0,9402.140647345515,2.594542869046127,1,1,0,0.0,0.0,0.0,0.0,0.0,0.0,1.0,0.0,37.32677073473058
21,5,25.62803077972592,1402.4172347233284,13.84309761731836,0,0,2,0.0,1.0,0.0,0.0,0.0,0.0,0.0,0.0,49.81500943047878
6,0,0.6690511469593075,7136.407646442951,7.841785995771257,1,0,2,0.0,0.0,1.0,0.0,0.0,0.0,0.0,0.0,69.25630001936543
20,3,0.0,8552.817792284255,10.733544532096083,0,0,2,0.0,0.0,0.0,0.0,0.0,0.0,0.0,1.0,30.812557708467526
14,1,11.034966729628692,9557.472422142662,1.6536673002084978,0,0,0,0.0,0.0,0.0,0.0,0.0,0.0,0.0,1.0,27.098305072514634
0,4,12.469830045013474,2346.402110203484,4.035503231638663,0,0,1,0.0,0.0,0.0,0.0,0.0,0.0,0.0,1.0,24.27417582748984
11,6,0.0,5188.111374925169,14.377779122721394,1,0,2,0.0,0.0,0.0,0.0,1.0,0.0,0.0,0.0,48.53093997803021
6,0,9.295193145830348,6901.382022151473,3.9922492039459705,1,0,2,0.0,0.0,0.0,0.0,0.0,0.0,0.0,0.0,31.66615038361257
14,1,0.0,2700.436976162973,4.447825805867192,0,0,2,0.0,0.0,0.0,0.0,0.0,0.0,1.0,0.0,27.442647947073915
20,5,0.0,6124.586773527658,2.963960772616192,0,1,2,0.0,0.0,0.0,0.0,0.0,0.0,0.0,1.0,50.155248903248086
18,1,0.0,2798.514190230594,1.9361049796024425,0,1,2,0.0,0.0,0.0,0.0,0.0,0.0,1.0,0.0,47.80085168062918
0,0,0.0,3534.5330991569786,3.4988646218099695,0,0,1,0.0,0.0,0.0,0.0,0.0,0.0,0.0,0.0,25.019293011313593
16,5,7.565854842837546,4582.731356155391,9.634903379261976,1,0,0,0.0,0.0,0.0,0.0,1.0,0.0,0.0,0.0,61.42051885768227
16,1,0.0,5433.143957841699,6.830516002553453,0,0,1,0.0,0.0,0.0,0.0,0.0,0.0,0.0,1.0,27.42836351065073
2,5,25.043954777398213,4658.848954763961,8.306337545068478,1,0,0,0.0,0.0,0.0,0.0,0.0,0.0,0.0,1.0,35.1270121652851
11,6,22.854157648648574,5083.996541942914,1.835472431490364,1,0,1,0.0,0.0,0.0,0.0,0.0,1.0,0.0,0.0,60.59059283130694
5,6,9.872876409442787,3196.3109359964383,12.031746707443501,1,0,0,0.0,0.0,0.0,0.0,0.0,1.0,0.0,0.0,40.983849057138436
10,0,0.0,1841.9614120195167,11.76142050869772,1,1,2,0.0,0.0,1.0,0.0,0.0,0.0,0.0,0.0,61.25137855886452
2,0,1.8504088875928637,759.2947800703425,0.32384866714013083,0,0,0,0.0,0.0,0.0,0.0,0.0,1.0,0.0,0.0,34.74399267835921
7,5,0.0,2200.9936081691767,5.752726417654575,1,0,0,0.0,0.0,0.0,1.0,0.0,0.0,0.0,0.0,30.894376021861717
13,2,0.0,5944.853322606095,1.0315590295672172,0,0,2,0.0,0.0,0.0,1.0,0.0,0.0,0.0,0.0,41.77525746203877
13,3,0.0,7925.319843690384,11.88158669122437,0,0,2,0.0,0.0,0.0,0.0,0.0,0.0,0.0,0.0,16.412750512250373
9,1,0.0,1941.7016951960768,11.059045246885566,1,0,0,1.0,0.0,0.0,0.0,0.0,0.0,0.0,0.0,76.75921839634886
1,1,21.540186303229437,1352.9869703946902,13.529821414397341,0,0,0,0.0,0.0,0.0,0.0,0.0,0.0,0.0,1.0,41.06272320767434
13,2,0.0,7568.116497327727,3.5460593842967194,1,0,2,1.0,0.0,0.0,0.0,0.0,0.0,0.0,0.0,75.26221573688528
8,2,20.804007178920816,3260.03580621171,6.844438246916983,1,1,1,1.0,0.0,0.0,0.0,0.0,0.0,0.0,0.0,100.0
2,2,0.0,9529.54456050532,2.767318157465966,1,0,2,0.0,0.0,0.0,0.0,0.0,0.0,0.0,1.0,24.99523999241423
20,4,0.0,7228.884314920619,5.568524017111792,0,0,0,0.0,1.0,0.0,0.0,0.0,0.0,0.0,0.0,68.60785635476158
7,4,18.006558331859083,3469.5336582573996,7.83364877350326,0,1,0,1.0,0.0,0.0,0.0,0.0,0.0,0.0,0.0,72.36489163327907
15,5,29.309131638787825,3108.5646535989376,0.7999618475788345,0,0,0,0.0,0.0,0.0,0.0,0.0,1.0,0.0,0.0,51.157225495958315
1,4,0.0,5379.874346831698,10.723056160160779,1,0,2,0.0,0.0,0.0,0.0,0.0,0.0,0.0,1.0,15.112897178786106
5,6,0.0,1067.7032822986316,8.149400405566128,0,0,2,0.0,0.0,0.0,0.0,1.0,0.0,0.0,0.0,29.497052262126363
20,6,0.0,1441.4621726594003,12.4343852581601,0,1,1,0.0,0.0,0.0,0.0,0.0,1.0,0.0,0.0,42.16105927817276
11,0,0.0,2005.8214487670673,4.076707517867958,0,0,0,0.0,1.0,0.0,0.0,0.0,0.0,0.0,0.0,41.0994184140477
4,5,23.8674074938298,7814.818855054234,13.549816579038817,0,0,0,0.0,1.0,0.0,0.0,0.0,0.0,0.0,0.0,64.83014408135833
1,1,17.514998178762678,5284.416384910488,14.98041379545665,0,0,2,0.0,0.0,0.0,0.0,0.0,0.0,1.0,0.0,38.172154521487194
15,3,0.0,402.5010909120965,13.789476575665116,0,0,0,0.0,0.0,0.0,0.0,0.0,1.0,0.0,0.0,48.39014453982098
4,0,29.705753677550153,6833.110316479458,11.668387137497312,0,0,1,0.0,0.0,0.0,1.0,0.0,0.0,0.0,0.0,31.74326602576155
14,1,0.0,4409.794733006822,12.185532043106711,1,0,2,0.0,0.0,0.0,0.0,1.0,0.0,0.0,0.0,44.04502795305578
11,1,0.0,5255.26794014884,8.606163638168796,0,1,0,0.0,0.0,0.0,0.0,0.0,0.0,0.0,1.0,40.27000922766432
3,5,0.0,2376.927561105475,2.8523079436891576,0,0,2,0.0,1.0,0.0,0.0,0.0,0.0,0.0,0.0,24.510385605505576
14,2,19.2027118975851,5652.287615422805,10.155610277215759,0,1,2,0.0,1.0,0.0,0.0,0.0,0.0,0.0,0.0,77.99249621223579
10,2,0.0,9797.78642558944,10.691295030898972,1,0,1,0.0,0.0,0.0,0.0,1.0,0.0,0.0,0.0,78.90205934853195
15,0,0.0,1012.413502755886,14.780777104018586,0,0,2,0.0,0.0,0.0,0.0,0.0,0.0,1.0,0.0,28.61850353375442
22,2,0.0,3053.998776744977,8.119519743844828,0,1,0,0.0,0.0,0.0,1.0,0.0,0.0,0.0,0.0,39.451430035278555
5,1,0.0,2657.076650750049,4.070535225375846,0,0,1,0.0,0.0,0.0,0.0,0.0,0.0,0.0,0.0,24.669198729469663
13,2,3.8468984191132236,2710.928314286442,10.255087826092602,0,0,2,0.0,1.0,0.0,0.0,0.0,0.0,0.0,0.0,55.33664756038975
17,4,0.0,3973.45166838416,14.690637294996819,0,0,0,0.0,0.0,0.0,0.0,0.0,0.0,1.0,0.0,56.4942685410091
11,2,0.0,8235.664912018425,2.6582086240364102,0,0,2,0.0,0.0,1.0,0.0,0.0,0.0,0.0,0.0,42.53320125341244
10,1,9.81274518004916,9154.729292654558,4.88996877803404,1,0,2,0.0,0.0,0.0,0.0,0.0,0.0,0.0,1.0,73.20729961498917
12,5,14.641804688089888,2261.486348352041,8.128214306590216,0,0,1,0.0,0.0,0.0,0.0,1.0,0.0,0.0,0.0,28.507923809782064
20,0,28.234210054375207,5566.614398096694,2.5532195232300725,0,0,1,0.0,0.0,1.0,0.0,0.0,0.0,0.0,0.0,84.04722996141015
22,3,0.0,6477.920030005159,0.33330959279907535,0,0,1,0.0,0.0,1.0,0.0,0.0,0.0,0.0,0.0,34.95555787044275
10,2,0.0,5361.726501329295,5.054746836618759,0,0,1,0.0,0.0,0.0,1.0,0.0,0.0,0.0,0.0,42.547094765003
22,6,0.0,4510.54102371012,12.98056202251587,1,0,0,0.0,0.0,0.0,0.0,0.0,1.0,0.0,0.0,26.04709682803496
15,6,0.0,2162.1624068346073,0.6520259898557224,0,0,2,0.0,0.0,0.0,0.0,0.0,1.0,0.0,0.0,28.118647019261914
14,1,27.049601601381152,5035.727784232614,6.433935885253762,1,0,1,0.0,0.0,0.0,0.0,0.0,1.0,0.0,0.0,60.42118280655643
20,3,0.0,4191.78382879989,11.433011593891237,1,0,0,0.0,0.0,0.0,1.0,0.0,0.0,0.0,0.0,59.31189528312525
14,3,0.0,8016.9646162720155,14.297738953663279,0,1,1,0.0,0.0,0.0,0.0,0.0,0.0,0.0,1.0,36.344575257091456
3,4,0.0,7706.962283881053,14.782130985066484,1,0,2,1.0,0.0,0.0,0.0,0.0,0.0,0.0,0.0,51.421626107393074
10,3,0.0,1599.787207695006,6.329540709131125,0,0,1,0.0,0.0,0.0,0.0,0.0,0.0,1.0,0.0,74.23794416867806
18,6,11.513217910668715,1158.6348098617555,14.255764415686762,0,0,2,0.0,0.0,0.0,0.0,0.0,0.0,1.0,0.0,56.49740124108788
14,5,0.0,9109.09324930678,0.5312845992129561,0,0,2,0.0,1.0,0.0,0.0,0.0,0.0,0.0,0.0,22.089246143125983
3,1,0.0,5494.431372955628,11.188754069978344,0,0,0,0.0,0.0,0.0,1.0,0.0,0.0,0.0,0.0,44.63348605671523
20,1,0.0,8620.66909164113,9.641190519504194,0,0,1,0.0,0.0,0.0,0.0,0.0,0.0,1.0,0.0,65.08396529338941
12,2,0.0,864.0658694940911,3.7428278637922845,0,0,1,0.0,0.0,0.0,0.0,0.0,0.0,0.0,1.0,28.510093298416074
21,2,0.0,5407.201480259813,7.609777510194734,0,0,2,0.0,0.0,0.0,0.0,0.0,1.0,0.0,0.0,23.578774223488708
18,2,7.462297988735468,5532.437191389493,1.9433060664074342,0,0,1,0.0,0.0,1.0,0.0,0.0,0.0,0.0,0.0,67.30057434277623
1,6,0.0,8648.809715658854,13.073957264273414,0,0,2,0.0,0.0,1.0,0.0,0.0,0.0,0.0,0.0,36.12437858687062
13,6,20.038012063672273,1246.816982828163,5.36847128318472,0,0,0,0.0,1.0,0.0,0.0,0.0,0.0,0.0,0.0,51.839619784327546
3,6,12.882563605567599,2632.3219676563203,9.390667056985748,0,0,1,0.0,0.0,0.0,0.0,0.0,0.0,1.0,0.0,51.50689174723614
15,6,13.238634083998303,4243.421644704027,2.3816442943089338,0,1,2,0.0,0.0,0.0,0.0,1.0,0.0,0.0,0.0,55.024363147495635
20,6,1.9688398600722112,8698.662311573438,3.0924726694681066,0,0,1,0.0,0.0,0.0,0.0,1.0,0.0,0.0,0.0,56.10439865099764
19,6,0.0,9407.1681561845,14.87934556204728,0,0,1,0.0,0.0,0.0,0.0,0.0,0.0,0.0,1.0,38.40249294837943
13,5,0.0,9929.42881005819,11.29629591661994,0,0,0,0.0,1.0,0.0,0.0,0.0,0.0,0.0,0.0,30.493511001411303
14,6,0.0,9604.176818647658,14.429578046611061,0,0,2,0.0,0.0,1.0,0.0,0.0,0.0,0.0,0.0,17.58091113209356
2,3,12.404914111901153,357.6350316902378,4.437767478180662,0,0,0,0.0,1.0,0.0,0.0,0.0,0.0,0.0,0.0,68.8154103165453
7,3,12.707574806372365,762.7709121025588,2.468443149297306,1,0,0,0.0,1.0,0.0,0.0,0.0,0.0,0.0,0.0,67.87896701576301
15,4,21.078813189709564,1731.78614582861,7.546026952182464,0,0,0,0.0,0.0,0.0,0.0,0.0,0.0,0.0,0.0,38.058537472432356
9,5,0.0,3683.9623386716494,7.4200242334101505,0,0,2,0.0,0.0,0.0,0.0,1.0,0.0,0.0,0.0,69.85410103506308
3,2,8.011828207180807,8350.204900573499,2.624197706369818,0,0,2,0.0,0.0,0.0,0.0,0.0,0.0,0.0,1.0,30.37504348584826
17,0,0.0,8958.76509475416,10.998293543721154,0,1,1,0.0,0.0,0.0,1.0,0.0,0.0,0.0,0.0,63.196290172861616
1,6,0.0,2112.2937410574555,5.426663016581011,0,0,2,1.0,0.0,0.0,0.0,0.0,0.0,0.0,0.0,38.46715629541998
16,4,0.0,6310.742270711174,2.795478463957759,0,0,0,0.0,0.0,1.0,0.0,0.0,0.0,0.0,0.0,43.32359219795142
12,0,0.0,9198.411255133182,4.9797509181493265,0,0,2,0.0,0.0,0.0,0.0,1.0,0.0,0.0,0.0,47.67892307237187
3,3,0.0,4798.197838533812,8.454880494525227,0,0,1,0.0,0.0,0.0,0.0,0.0,1.0,0.0,0.0,32.139416236779795
10,4,0.0,1304.3726479420045,10.897063982706648,1,0,0,0.0,0.0,0.0,0.0,0.0,1.0,0.0,0.0,64.7369247159694
6,4,0.0,4740.792405820862,7.228363290862268,0,0,1,0.0,0.0,1.0,0.0,0.0,0.0,0.0,0.0,51.60289622791247
11,1,15.873098029813153,3945.2105521941553,7.883924847425602,0,1,2,0.0,0.0,0.0,1.0,0.0,0.0,0.0,0.0,47.75377245289255
9,3,26.286100866749546,5903.282561840268,2.084189039141226,1,0,1,0.0,0.0,1.0,0.0,0.0,0.0,0.0,0.0,100.0
6,3,13.874828220373145,4554.989238748905,13.720363870623482,0,0,1,0.0,0.0,0.0,0.0,1.0,0.0,0.0,0.0,41.78074164287637
12,5,0.0,468.25549048106404,13.930862969880666,1,0,2,0.0,0.0,0.0,0.0,0.0,1.0,0.0,0.0,37.9960595463838
6,4,6.928990446480947,9941.77801411261,10.251398856270056,0,0,1,1.0,0.0,0.0,0.0,0.0,0.0,0.0,0.0,64.47670948820176
23,6,26.227556300530082,5572.340305986538,0.2644711340103706,0,1,2,0.0,1.0,0.0,0.0,0.0,0.0,0.0,0.0,45.562134121252214
16,3,0.0,4894.218328200713,8.05611323854989,0,0,0,0.0,0.0,0.0,0.0,0.0,0.0,1.0,0.0,52.05285679399971
9,4,0.0,9559.788503589323,9.438284581329203,1,1,1,0.0,0.0,0.0,0.0,0.0,1.0,0.0,0.0,67.65415277494779
9,5,0.0,1811.845565594648,14.91981334437165,0,0,0,0.0,0.0,0.0,0.0,0.0,0.0,0.0,0.0,25.87020951634026
23,6,0.0,2135.604744688908,14.941004327921952,1,0,2,0.0,0.0,1.0,0.0,0.0,0.0,0.0,0.0,43.19085268304279
3,5,14.23117919923857,8137.743065909,12.864168529883361,0,1,2,0.0,0.0,0.0,1.0,0.0,0.0,0.0,0.0,41.733953732093696
19,1,10.534310716704361,2830.061476242585,0.957464880391703,0,0,1,0.0,1.0,0.0,0.0,0.0,0.0,0.0,0.0,70.228352913369
3,6,0.0,8052.502931027811,14.29914586168095,1,0,1,0.0,0.0,1.0,0.0,0.0,0.0,0.0,0.0,31.47069484688418
21,4,25.56642620168938,2933.874784212475,9.189918707279986,0,0,2,0.0,0.0,0.0,0.0,0.0,1.0,0.0,0.0,58.119556114938554
6,3,16.613218628833142,621.9200131825144,12.013301557187692,1,0,2,0.0,0.0,0.0,0.0,0.0,0.0,1.0,0.0,72.44236731651554
21,3,21.53603553393791,5315.042821701145,6.107892745287804,0,0,0,0.0,0.0,0.0,0.0,0.0,0.0,0.0,1.0,38.708046689849766
0,4,0.0,2207.8584110305555,4.795042068518846,1,0,0,1.0,0.0,0.0,0.0,0.0,0.0,0.0,0.0,57.60789859299564
11,4,27.052250281219262,7651.109041444969,6.94866218225712,0,0,1,0.0,0.0,1.0,0.0,0.0,0.0,0.0,0.0,49.996372141539574
23,4,0.0,6519.636442351837,2.203117694532404,0,0,1,0.0,0.0,0.0,0.0,0.0,0.0,0.0,0.0,12.097451328419579
12,2,0.0,9258.945879385803,5.355992081299591,1,1,1,0.0,1.0,0.0,0.0,0.0,0.0,0.0,0.0,37.940212799796775
9,6,0.0,7894.987065477639,12.86426249652418,0,0,1,0.0,0.0,0.0,0.0,0.0,0.0,1.0,0.0,47.213077353788044
14,3,0.0,2053.5267619550505,0.5692572939132223,0,0,1,0.0,0.0,0.0,0.0,0.0,1.0,0.0,0.0,35.420868817364976
12,6,26.873965725265247,8061.534895648525,2.2631707023690675,0,0,1,0.0,0.0,0.0,0.0,0.0,0.0,1.0,0.0,42.86829151795054
22,5,0.0,6524.849334696026,1.876742394742283,0,0,1,0.0,0.0,0.0,0.0,1.0,0.0,0.0,0.0,53.927852608505226
21,3,0.0,6788.830925078062,6.046133140503421,1,0,1,0.0,0.0,0.0,1.0,0.0,0.0,0.0,0.0,29.799342376559395
21,2,0.0,8372.949993910443,14.954803513362926,0,0,0,0.0,0.0,0.0,0.0,0.0,0.0,0.0,1.0,13.0719810484756
20,4,18.369401545407666,5866.09347113272,2.60036895317074,0,0,2,0.0,0.0,0.0,1.0,0.0,0.0,0.0,0.0,78.93427404448738
21,1,0.0,4820.2340892242255,2.1822397439889025,0,0,2,0.0,0.0,0.0,0.0,0.0,0.0,0.0,1.0,27.93778499871153
8,4,21.802045090600277,6475.418042979662,13.725835946642317,1,0,1,0.0,0.0,1.0,0.0,0.0,0.0,0.0,0.0,100.0
8,4,0.0,3190.187060896083,13.230757754489485,0,0,2,0.0,0.0,0.0,1.0,0.0,0.0,0.0,0.0,52.30695490040878
14,2,0.0,2071.1921715448634,0.4836055499483166,0,0,1,0.0,0.0,0.0,0.0,0.0,0.0,0.0,0.0,32.7238003117516
9,6,0.0,6280.90202929109,11.275589402689725,0,0,0,0.0,0.0,0.0,0.0,1.0,0.0,0.0,0.0,36.318271211548144
23,3,0.0,2568.3291801291334,9.831985522146443,0,0,1,0.0,1.0,0.0,0.0,0.0,0.0,0.0,0.0,42.70194749398038
9,4,0.0,1075.1765606620852,11.516112147790635,1,0,0,1.0,0.0,0.0,0.0,0.0,0.0,0.0,0.0,93.91360737834572
7,3,0.0,305.37559047696294,7.417536821938832,0,0,0,0.0,0.0,0.0,0.0,1.0,0.0,0.0,0.0,50.3589350769736
23,0,2.699018365828827,6200.698193580651,14.870688276724433,0,0,0,0.0,0.0,0.0,0.0,0.0,0.0,0.0,0.0,23.979565259316622
15,5,16.90151221998497,3812.843199758297,0.6577052806644479,0,1,1,0.0,0.0,0.0,0.0,0.0,0.0,0.0,1.0,53.50289588244063
16,6,0.0,7597.416415532523,3.515573796057086,1,0,0,0.0,0.0,0.0,1.0,0.0,0.0,0.0,0.0,45.61626651632879
4,3,0.0,3939.211063637094,5.948189804604226,0,0,1,0.0,0.0,0.0,0.0,0.0,1.0,0.0,0.0,28.57316261608503
3,1,9.0009144178649,5014.233447910799,6.746669123485548,0,0,0,0.0,0.0,0.0,0.0,0.0,0.0,0.0,1.0,42.01114229912666
17,5,0.0,4248.724236309234,13.82051104049278,0,0,0,0.0,0.0,0.0,0.0,0.0,0.0,0.0,1.0,44.099626773506365
23,1,0.0,6610.575473760658,8.400065461158883,1,0,2,0.0,0.0,0.0,0.0,0.0,1.0,0.0,0.0,35.92331531890449
18,4,24.502358384180447,3754.5498715451918,0.6766649328059082,0,1,1,0.0,0.0,1.0,0.0,0.0,0.0,0.0,0.0,83.96295949252828
3,5,22.840489686086773,9648.546204440396,6.117944451384928,0,0,2,0.0,0.0,1.0,0.0,0.0,0.0,0.0,0.0,45.331097105556
6,3,0.0,9380.625770005743,6.247356185536049,0,0,0,0.0,0.0,0.0,0.0,0.0,1.0,0.0,0.0,36.74471598570263
9,5,0.0,8525.870655775629,14.482364076566771,0,0,2,0.0,0.0,0.0,0.0,0.0,0.0,1.0,0.0,57.04507479619864
17,4,0.0,9226.912624555656,8.987956365316624,1,0,0,0.0,0.0,0.0,0.0,0.0,1.0,0.0,0.0,78.14704999302072
18,2,0.24708724775880375,4656.654978056093,9.534766067384082,0,0,2,0.0,0.0,1.0,0.0,0.0,0.0,0.0,0.0,68.63953350211486
3,6,0.0,5503.374848858073,10.698795468769063,1,0,2,0.0,0.0,1.0,0.0,0.0,0.0,0.0,0.0,30.77482582755106
9,1,0.0,7498.298147814971,11.55058973523185,0,1,1,0.0,0.0,0.0,0.0,0.0,0.0,1.0,0.0,62.64603472005267
0,4,0.0,7052.615471903849,9.525766053037337,0,0,1,0.0,0.0,0.0,0.0,0.0,0.0,0.0,1.0,20.5015175395307
22,2,0.0,8939.582377373066,3.5579152670090326,0,0,2,0.0,0.0,0.0,0.0,0.0,1.0,0.0,0.0,31.296630796685076
17,5,13.21055321679757,7248.410964389945,13.110688715117464,1,1,2,0.0,1.0,0.0,0.0,0.0,0.0,0.0,0.0,98.21625882282933
4,5,21.21361841833143,9979.481669816067,10.981797006159454,0,0,1,0.0,0.0,0.0,0.0,0.0,0.0,0.0,0.0,36.420924692775564
14,4,17.63007154419781,3680.506258366433,11.128057276454339,1,0,0,0.0,0.0,0.0,1.0,0.0,0.0,0.0,0.0,79.61598684653326
16,3,0.0,8380.078099722354,14.948351088521237,0,0,0,0.0,0.0,0.0,0.0,1.0,0.0,0.0,0.0,19.95653338895059
2,5,0.0,7067.057781476843,12.037898022949738,0,1,0,0.0,0.0,0.0,0.0,0.0,0.0,0.0,1.0,37.16749915632921
11,3,0.0,7006.44851858568,12.437271047327298,1,0,0,0.0,0.0,0.0,1.0,0.0,0.0,0.0,0.0,47.84884820552227
1,3,0.0,3460.6052699964894,14.271082735652376,1,0,2,0.0,0.0,0.0,0.0,0.0,0.0,0.0,0.0,9.966962699379543
0,6,0.3359791576711235,7920.337386503318,2.2670099977334077,0,0,0,0.0,0.0,1.0,0.0,0.0,0.0,0.0,0.0,32.4438907424957
22,3,0.0,9033.647416771712,7.465910647171018,0,0,2,1.0,0.0,0.0,0.0,0.0,0.0,0.0,0.0,46.99694835119614
20,0,0.0,2419.920076749461,8.708505353861813,0,0,2,0.0,0.0,1.0,0.0,0.0,0.0,0.0,0.0,79.27345572251
16,6,0.0,6367.31932003203,4.9391359383368645,0,1,0,0.0,0.0,0.0,0.0,0.0,1.0,0.0,0.0,33.05889235227514
21,2,6.4215736868230255,4103.707842296919,12.591050158417584,0,0,0,0.0,0.0,0.0,0.0,0.0,0.0,0.0,1.0,24.625520447006927
15,2,0.0,9898.616757160307,11.436294324685852,0,0,0,0.0,1.0,0.0,0.0,0.0,0.0,0.0,0.0,50.55741472888694
4,5,0.0,4944.678313567311,10.81324611762186,0,0,1,0.0,1.0,0.0,0.0,0.0,0.0,0.0,0.0,19.203527336607962
14,5,0.0,2514.705685830344,14.957241596372503,0,1,2,0.0,0.0,1.0,0.0,0.0,0.0,0.0,0.0,32.714686344206505
2,3,3.481603781537067,4004.0189646517756,3.8907206011258575,1,0,0,0.0,0.0,0.0,0.0,0.0,1.0,0.0,0.0,42.35536918970713
6,6,0.0,6642.232381221274,11.031858775131319,0,1,1,0.0,0.0,0.0,0.0,1.0,0.0,0.0,0.0,12.637674213012607
10,6,1.5339491432009156,1038.06690209089,8.271067123588509,0,1,2,0.0,0.0,0.0,1.0,0.0,0.0,0.0,0.0,47.547976185083144
9,0,28.627753245459296,6154.938626146005,4.694837737408141,1,1,2,0.0,0.0,1.0,0.0,0.0,0.0,0.0,0.0,93.0882010811767
8,3,0.0,9332.88016403531,2.4088030608468873,0,1,2,0.0,0.0,0.0,0.0,0.0,0.0,1.0,0.0,66.81524687869165
13,0,21.254347594105056,8548.51904028115,13.438257556013207,0,1,0,0.0,0.0,1.0,0.0,0.0,0.0,0.0,0.0,58.493380150931024
12,3,0.0,956.4333055824387,8.93183224061768,0,0,0,0.0,1.0,0.0,0.0,0.0,0.0,0.0,0.0,57.81337671740742
1,1,3.244810567055465,9935.881823768961,12.374007564611919,0,0,2,0.0,0.0,0.0,0.0,0.0,1.0,0.0,0.0,20.348888991245822
2,1,0.0,7077.651159927627,8.180174760023172,1,0,2,1.0,0.0,0.0,0.0,0.0,0.0,0.0,0.0,51.66645797149126
6,4,0.0,1874.1239958460299,3.2996562098102933,0,0,1,0.0,0.0,1.0,0.0,0.0,0.0,0.0,0.0,36.11996200350265
20,3,0.0,420.4360649434079,5.063232196504879,0,0,1,0.0,0.0,0.0,0.0,0.0,0.0,1.0,0.0,75.51527462916397
17,6,0.0,1961.4415720338682,5.7230826371031975,0,0,2,0.0,0.0,1.0,0.0,0.0,0.0,0.0,0.0,57.167617484470526
2,5,23.388259276273953,8430.306430651664,14.594022187555534,1,0,1,0.0,0.0,0.0,0.0,0.0,1.0,0.0,0.0,50.53424187391487
9,2,0.0,509.9014519680883,0.08449917572073751,0,1,2,1.0,0.0,0.0,0.0,0.0,0.0,0.0,0.0,79.60879132349312
21,4,13.64880952179033,2561.5288450954395,14.784990345367605,0,0,1,0.0,0.0,0.0,1.0,0.0,0.0,0.0,0.0,25.69538495284278
6,5,0.0,7645.864274748292,14.706924526647459,0,0,2,0.0,0.0,1.0,0.0,0.0,0.0,0.0,0.0,23.920561548396563
8,1,28.41262640926666,5985.272198211911,14.942261857952047,0,0,0,0.0,0.0,0.0,0.0,0.0,0.0,0.0,1.0,81.26556484490473
16,3,0.0,7892.536390493861,7.148822683794521,0,0,2,0.0,0.0,0.0,0.0,0.0,1.0,0.0,0.0,25.03688697294309
10,4,0.0,7537.659887119843,14.457134544314995,0,0,0,0.0,0.0,0.0,0.0,0.0,0.0,0.0,1.0,51.417557894500945
6,3,0.0,790.8334550815059,5.93398772774741,0,1,2,0.0,0.0,0.0,0.0,0.0,1.0,0.0,0.0,34.670851698339646
23,1,1.400934536553392,8957.36076521327,0.39441661002580064,0,0,0,1.0,0.0,0.0,0.0,0.0,0.0,0.0,0.0,52.590060374267836
13,4,0.0,2502.2087925380065,3.365207795576468,0,0,1,1.0,0.0,0.0,0.0,0.0,0.0,0.0,0.0,39.317621640728824
18,1,0.0,5667.906670228708,14.179443674060769,0,0,0,1.0,0.0,0.0,0.0,0.0,0.0,0.0,0.0,81.54418514392458
3,0,0.0,6549.595118319455,0.2064704000309997,1,0,1,0.0,0.0,0.0,1.0,0.0,0.0,0.0,0.0,35.046179584057576
5,1,3.439198307571205,1935.6936455854252,8.189912031344626,0,0,2,0.0,0.0,0.0,0.0,0.0,0.0,0.0,0.0,41.233621002427654
9,6,0.0,9769.443189999452,1.1340238334201858,0,0,1,0.0,0.0,0.0,0.0,0.0,1.0,0.0,0.0,42.016434832721
6,6,0.0,5035.112774046897,4.295948676413677,0,1,1,1.0,0.0,0.0,0.0,0.0,0.0,0.0,0.0,47.81697846797203
12,3,0.0,859.1341472947163,1.3213927606782998,0,0,1,0.0,0.0,1.0,0.0,0.0,0.0,0.0,0.0,39.71410174600041
13,2,4.208550383639004,9391.44183434505,12.892929316695845,0,0,2,0.0,0.0,0.0,0.0,0.0,0.0,0.0,1.0,43.72057147584741
3,1,26.596923378934562,5986.798078974701,8.866060644715587,1,1,0,0.0,0.0,0.0,0.0,0.0,0.0,1.0,0.0,73.0148573577566
7,5,0.0,7082.174020419351,13.531596985774692,0,1,1,1.0,0.0,0.0,0.0,0.0,0.0,0.0,0.0,29.717719110057004
4,6,0.0,5394.205162361974,10.325297993103424,1,0,2,0.0,0.0,1.0,0.0,0.0,0.0,0.0,0.0,49.50775581645232
0,2,0.0,8396.958161336584,14.565436968676496,1,0,1,0.0,0.0,1.0,0.0,0.0,0.0,0.0,0.0,55.44236404598251
3,0,0.0,621.3945832741456,7.648164821406099,0,0,0,1.0,0.0,0.0,0.0,0.0,0.0,0.0,0.0,53.83446836436015
2,4,0.0,2903.2701431883333,9.580658726443119,1,0,1,1.0,0.0,0.0,0.0,0.0,0.0,0.0,0.0,44.5135708081989
8,4,25.77546598233325,4855.5890571061145,8.644632298335848,0,0,1,0.0,0.0,0.0,1.0,0.0,0.0,0.0,0.0,84.58383335224028
7,6,0.0,1043.0550782429873,7.263906441699191,0,0,1,0.0,0.0,1.0,0.0,0.0,0.0,0.0,0.0,43.82105939294422
0,2,11.956311430961474,7147.294692468585,12.689390481345189,0,0,0,0.0,0.0,0.0,0.0,0.0,0.0,1.0,0.0,53.51804480687537
5,6,0.0,4118.535116339715,9.667877035055403,0,0,0,0.0,0.0,1.0,0.0,0.0,0.0,0.0,0.0,36.95721116582051
8,4,11.49197028257336,2944.879505600997,12.019683972832093,1,0,2,0.0,0.0,0.0,0.0,0.0,0.0,1.0,0.0,88.38545310489745
6,1,0.0,332.77481404159903,11.795459049036198,1,1,1,0.0,0.0,0.0,1.0,0.0,0.0,0.0,0.0,62.180426034545654
3,2,0.0,7282.354023974551,2.8656774098294298,1,0,1,0.0,0.0,0.0,0.0,0.0,0.0,0.0,0.0,21.48513068097236
12,3,0.0,8387.95029606676,9.752452987764656,0,0,1,0.0,0.0,0.0,0.0,0.0,0.0,0.0,1.0,10.48282087587701
16,1,0.0,4131.893196110535,2.994720287720012,0,0,1,0.0,0.0,0.0,0.0,0.0,0.0,1.0,0.0,41.072697330140585
1,1,0.0,5772.914377223646,8.749807173656563,0,0,0,0.0,0.0,0.0,0.0,0.0,0.0,0.0,0.0,23.140716640059907
4,1,5.319337605679346,2508.560271517105,10.161520266694508,0,0,0,0.0,1.0,0.0,0.0,0.0,0.0,0.0,0.0,38.02669168789861
11,3,25.880222109956673,6335.3171689172905,14.958526073813802,0,0,1,0.0,1.0,0.0,0.0,0.0,0.0,0.0,0.0,47.45729371696365
20,0,0.0,417.73334565744506,0.45812967224607537,0,0,1,0.0,0.0,0.0,1.0,0.0,0.0,0.0,0.0,67.2963062648846
7,5,0.0,5039.845801857957,1.3686359117058138,0,0,1,0.0,0.0,0.0,0.0,0.0,1.0,0.0,0.0,18.756757474857935
5,6,0.0,6548.793173854715,1.1554004455684725,0,0,1,0.0,0.0,0.0,0.0,0.0,0.0,0.0,0.0,8.079980780289649
7,4,0.0,9206.46020032842,5.975419294001101,0,0,2,0.0,0.0,0.0,0.0,0.0,0.0,0.0,0.0,24.636514355713715
17,6,0.0,3998.9574260861573,12.323825422287205,0,0,2,0.0,0.0,0.0,0.0,1.0,0.0,0.0,0.0,36.175316346100686
2,2,4.001658512797786,7722.344968915989,12.660844991807036,1,0,1,0.0,0.0,0.0,1.0,0.0,0.0,0.0,0.0,46.43925183271545
21,0,3.31624093250206,6097.564190451957,11.054693935817275,0,0,1,0.0,1.0,0.0,0.0,0.0,0.0,0.0,0.0,53.20924282458147
11,2,27.66277960716995,9292.017495373282,13.453173627449216,0,0,1,0.0,1.0,0.0,0.0,0.0,0.0,0.0,0.0,43.715231131887954
2,6,0.0,4164.263453896477,4.842899162541788,1,0,2,0.0,0.0,1.0,0.0,0.0,0.0,0.0,0.0,35.34084274807743
21,4,17.693388023342354,3395.2247967679837,1.322319663784487,1,0,0,1.0,0.0,0.0,0.0,0.0,0.0,0.0,0.0,78.90685073282849
5,3,23.075603699877842,8905.277387333195,0.8722954198477517,1,0,2,0.0,0.0,0.0,0.0,0.0,0.0,0.0,1.0,59.334165799418685
1,6,0.0,777.6706936604044,12.781990794290795,0,0,2,0.0,0.0,1.0,0.0,0.0,0.0,0.0,0.0,38.8384622902513
22,1,0.0,1622.938311456665,10.95654441530537,0,0,1,0.0,1.0,0.0,0.0,0.0,0.0,0.0,0.0,30.99256631224567
11,6,11.154089738236072,1099.323015465231,10.479229590166813,1,0,1,0.0,0.0,0.0,0.0,0.0,1.0,0.0,0.0,35.626291550562115
1,1,0.0,8478.166578791106,5.095145078185032,1,1,0,0.0,0.0,0.0,0.0,0.0,0.0,0.0,1.0,45.50912602598199
5,3,0.0,402.8920066920981,5.698577829273393,0,0,1,1.0,0.0,0.0,0.0,0.0,0.0,0.0,0.0,70.54101759200029
16,6,0.0,8658.074408321367,14.371702933489788,0,0,1,0.0,0.0,0.0,0.0,1.0,0.0,0.0,0.0,2.086441836712895
2,0,0.0,4677.297615101288,0.9570711614690253,0,1,0,0.0,0.0,0.0,1.0,0.0,0.0,0.0,0.0,44.979423978809656
1,0,0.0,339.04520488351625,11.60597605406689,0,0,1,0.0,0.0,0.0,0.0,0.0,0.0,0.0,0.0,40.189711049423956
22,2,27.651822615931977,4195.958218956806,4.644499855625897,0,0,1,0.0,0.0,0.0,0.0,0.0,1.0,0.0,0.0,56.083284015140855
19,3,27.988876457012385,2111.968158136845,0.5858192761883413,0,0,1,0.0,0.0,0.0,0.0,0.0,0.0,0.0,0.0,63.764857807825464
7,0,7.255588411942384,6356.6847284799815,11.138551661136841,1,0,2,0.0,0.0,0.0,0.0,0.0,0.0,0.0,1.0,48.29109334073093
21,6,0.0,6889.780262239971,4.963678285175619,0,0,1,0.0,0.0,1.0,0.0,0.0,0.0,0.0,0.0,24.15132716393974
11,3,12.992235154336955,5029.017432928498,10.83221278114195,1,0,2,0.0,0.0,0.0,0.0,0.0,0.0,1.0,0.0,61.50130951045533
3,4,0.0,693.0393967647988,10.614815746771802,0,0,1,0.0,0.0,0.0,0.0,0.0,0.0,0.0,0.0,33.32491748065554
4,1,0.0,6664.449402361858,8.021803131496727,0,0,1,0.0,0.0,0.0,1.0,0.0,0.0,0.0,0.0,19.05465655447226
12,6,0.0,8467.776200973556,11.660596938158232,0,0,2,0.0,1.0,0.0,0.0,0.0,0.0,0.0,0.0,45.42308936118045
14,1,0.0,7287.145490066095,8.715574862568651,1,0,2,0.0,0.0,1.0,0.0,0.0,0.0,0.0,0.0,32.173825117814886
22,1,0.0,8350.591813866591,4.29955279272391,0,0,1,0.0,0.0,1.0,0.0,0.0,0.0,0.0,0.0,42.98987819628584
15,3,0.0,2244.9423784436085,11.011729515966286,0,0,0,0.0,0.0,0.0,0.0,0.0,0.0,1.0,0.0,31.249481420918038
9,3,0.0,8922.213014667881,8.837097238165853,1,0,1,0.0,1.0,0.0,0.0,0.0,0.0,0.0,0.0,93.71855805364389
22,2,0.0,3425.276471285239,0.19090922534880816,0,0,2,0.0,0.0,0.0,0.0,0.0,0.0,0.0,0.0,22.63831765755667
15,1,18.152144555423003,430.02669824431297,13.52466266655464,1,0,1,0.0,0.0,0.0,1.0,0.0,0.0,0.0,0.0,84.29806647406005
11,2,0.0,8480.898969391987,8.184654274864702,1,0,1,1.0,0.0,0.0,0.0,0.0,0.0,0.0,0.0,70.91278116715374
16,1,8.469790521958274,9435.666308957849,13.029408982192976,1,1,2,0.0,0.0,0.0,0.0,1.0,0.0,0.0,0.0,57.702634003442334
15,2,0.0,6658.914514948283,13.24105258473367,0,0,0,0.0,0.0,1.0,0.0,0.0,0.0,0.0,0.0,49.64007568249891
11,2,0.0,2544.935315495219,6.674499851026328,0,0,0,0.0,0.0,0.0,0.0,0.0,0.0,0.0,1.0,24.174467712578195
7,4,24.52597247874362,2741.9213035405446,7.614899946768464,1,0,2,0.0,0.0,0.0,0.0,0.0,1.0,0.0,0.0,49.0884359945728
19,2,0.0,4825.950872325509,6.236315815134029,0,0,2,1.0,0.0,0.0,0.0,0.0,0.0,0.0,0.0,71.3407079217982
2,3,0.0,9008.96147213377,6.741551629620682,0,0,1,0.0,0.0,0.0,0.0,0.0,1.0,0.0,0.0,29.08182671304928
15,2,0.3289095939463005,1751.0972646313162,13.427207384575917,1,0,2,0.0,0.0,0.0,0.0,0.0,0.0,1.0,0.0,12.480682426239905
12,1,0.0,8311.944594959823,11.822160209518666,0,1,2,0.0,1.0,0.0,0.0,0.0,0.0,0.0,0.0,56.06931613768245
22,2,19.575806332512567,3125.6372444399585,1.8978851447336698,1,0,1,0.0,1.0,0.0,0.0,0.0,0.0,0.0,0.0,71.86150083461196
18,0,0.0,8143.285843462249,9.154616723101439,1,1,1,1.0,0.0,0.0,0.0,0.0,0.0,0.0,0.0,99.25478818002226
7,5,0.0,9226.630616734925,14.938599605795133,1,0,1,0.0,0.0,0.0,0.0,0.0,0.0,0.0,0.0,13.540993791489607
21,1,0.0,4446.690558344906,8.933260518487286,0,0,0,0.0,1.0,0.0,0.0,0.0,0.0,0.0,0.0,32.66962997370309
4,0,0.0,3840.991344823649,11.788074383896582,0,0,0,0.0,0.0,0.0,0.0,0.0,1.0,0.0,0.0,30.635386795436915
19,1,20.639520645710093,8081.546794021628,11.535922100717563,0,1,2,0.0,0.0,0.0,0.0,0.0,0.0,0.0,1.0,80.55281905029452
7,3,9.684434931415298,5435.983959080122,5.254762888084929,0,0,1,0.0,0.0,0.0,0.0,0.0,0.0,0.0,1.0,27.261955569094354
23,5,0.0,6939.155770093012,5.577739540559383,0,0,2,0.0,0.0,0.0,0.0,1.0,0.0,0.0,0.0,32.00363806798678
11,5,0.0,6341.443598523441,10.861146326856048,0,1,2,0.0,0.0,0.0,0.0,1.0,0.0,0.0,0.0,21.24905166610573
0,3,13.576935103067479,1783.0218027545243,7.499752974072527,0,0,0,0.0,0.0,0.0,1.0,0.0,0.0,0.0,0.0,36.227486193498564
20,5,0.0,8494.466494808748,8.55856063695582,0,0,0,1.0,0.0,0.0,0.0,0.0,0.0,0.0,0.0,67.88044279409112
19,3,0.0,2199.0185807074213,10.693586855472564,1,0,2,0.0,0.0,0.0,0.0,0.0,1.0,0.0,0.0,71.79839989004358
5,0,0.0,9343.136797486573,11.663625405585753,0,0,1,0.0,0.0,0.0,0.0,0.0,0.0,0.0,0.0,24.007355541328316
21,4,0.0,2730.541526794834,4.0727486659960705,0,1,0,0.0,0.0,0.0,0.0,1.0,0.0,0.0,0.0,46.8877615416901
17,1,5.756301393070703,7418.6454407552965,2.201906391554444,0,0,0,0.0,0.0,1.0,0.0,0.0,0.0,0.0,0.0,85.31817190610477
7,3,17.433187340936893,3061.1573168878426,4.376919700855878,1,0,0,0.0,1.0,0.0,0.0,0.0,0.0,0.0,0.0,75.64133173646164
6,1,0.0,3382.51846329258,7.613074876381133,0,0,2,0.0,0.0,0.0,0.0,0.0,0.0,0.0,0.0,16.657146238694928
0,0,0.0,3307.0179719883613,5.132119759455587,0,0,0,0.0,0.0,0.0,0.0,1.0,0.0,0.0,0.0,36.40340104752772
20,4,0.0,7554.554864053008,8.525441382713908,0,0,1,0.0,0.0,0.0,0.0,0.0,1.0,0.0,0.0,44.08058415225569
15,0,0.0,5701.106644303113,0.8019858618844267,0,0,0,0.0,0.0,0.0,0.0,0.0,0.0,0.0,0.0,23.198988700234068
11,5,0.0,8864.638821720722,7.646256174206508,1,0,2,0.0,0.0,0.0,0.0,0.0,0.0,0.0,0.0,18.929827119457652
5,1,2.9630715419625373,3281.515376279235,5.519773604065619,1,0,2,0.0,0.0,0.0,0.0,0.0,1.0,0.0,0.0,40.03752856298478
19,6,0.0,7012.32746395042,8.020001323393236,0,0,2,0.0,0.0,0.0,0.0,1.0,0.0,0.0,0.0,53.160804726554204
1,4,0.0,7603.601416732174,6.338000323274652,1,0,2,0.0,0.0,0.0,0.0,0.0,1.0,0.0,0.0,32.74458170198316
13,5,0.0,1769.3764963905944,4.263387759563137,1,0,1,0.0,0.0,0.0,0.0,0.0,0.0,1.0,0.0,34.72926792529894
3,4,0.0,4185.716766002168,13.561618581864536,1,0,2,0.0,0.0,0.0,0.0,0.0,0.0,1.0,0.0,34.55052122476013
0,5,0.0,4983.329695198988,2.771474826320354,0,0,0,0.0,0.0,0.0,0.0,0.0,0.0,0.0,1.0,14.843518648486436
22,0,15.907425790987283,3750.1676819754307,10.220483633708394,0,1,1,0.0,0.0,0.0,0.0,0.0,0.0,0.0,1.0,53.46665598687729
17,3,0.0,3424.4921809006396,13.869670688736212,0,0,2,0.0,0.0,0.0,0.0,0.0,1.0,0.0,0.0,59.61427169868793
12,1,7.803479490461975,6958.272971777126,8.080049395281495,0,0,2,0.0,0.0,0.0,0.0,0.0,0.0,0.0,1.0,24.696474443794898
1,2,0.0,2393.904057297039,13.14612732869223,0,0,1,0.0,0.0,0.0,0.0,1.0,0.0,0.0,0.0,16.909024221465195
8,2,0.0,7181.090228935949,1.8727721764992655,1,0,0,0.0,0.0,0.0,0.0,0.0,0.0,0.0,1.0,60.478011089699685
20,0,0.0,9369.928704990087,7.406831553846121,1,0,1,1.0,0.0,0.0,0.0,0.0,0.0,0.0,0.0,91.98728957178592
1,1,0.0,5782.415955424186,6.85537920721409,1,0,0,1.0,0.0,0.0,0.0,0.0,0.0,0.0,0.0,59.949240667338856
8,1,0.0,6230.912096372898,0.12178210555492286,0,0,0,0.0,0.0,0.0,0.0,1.0,0.0,0.0,0.0,62.96502055806893
0,0,0.0,968.6472106036641,6.648860120390017,0,0,2,0.0,1.0,0.0,0.0,0.0,0.0,0.0,0.0,48.287578637283865
10,1,0.23278945012273455,8685.425965092934,5.5354463457389675,0,0,1,1.0,0.0,0.0,0.0,0.0,0.0,0.0,0.0,95.73357582961526
2,3,14.258789296965249,3068.8435358386955,10.04698091661923,0,0,1,0.0,0.0,0.0,0.0,0.0,0.0,1.0,0.0,53.75268044973178
19,0,0.0,6265.996305627079,14.074946678647779,1,0,2,0.0,0.0,0.0,0.0,0.0,1.0,0.0,0.0,47.22130929643275
22,3,0.0,9797.388046524582,1.2868663239305478,0,0,2,0.0,0.0,0.0,0.0,0.0,0.0,1.0,0.0,31.756819487370446
3,1,0.0,6076.375225556236,4.912145800719347,1,0,0,0.0,0.0,0.0,0.0,1.0,0.0,0.0,0.0,72.40631672263248
17,0,0.0,7329.6820284044625,6.660971060913779,0,0,2,0.0,0.0,0.0,0.0,0.0,0.0,0.0,1.0,47.43283652074155
22,1,0.0,4619.6002967703935,6.827780670515749,0,0,1,0.0,0.0,0.0,0.0,0.0,0.0,0.0,1.0,15.088709100635562
5,0,15.23352560853363,885.5486820960564,11.622145812633807,0,0,2,1.0,0.0,0.0,0.0,0.0,0.0,0.0,0.0,57.33158266151636
2,1,0.0,8036.713690050949,6.650934987501612,0,0,2,0.0,0.0,0.0,1.0,0.0,0.0,0.0,0.0,37.470617745818885
21,3,0.0,639.4887602606609,0.40741952180480046,0,0,2,0.0,0.0,0.0,0.0,0.0,0.0,0.0,1.0,38.187401990679504
10,6,0.0,7096.380940212185,10.65156141889247,0,0,2,0.0,1.0,0.0,0.0,0.0,0.0,0.0,0.0,59.106772187872295
14,3,0.0,522.3392595514783,13.272445427185074,0,1,2,0.0,0.0,0.0,1.0,0.0,0.0,0.0,0.0,47.137978603785605
21,1,8.887672599503523,8664.360794793705,7.708570688245093,1,0,0,0.0,0.0,0.0,0.0,0.0,0.0,1.0,0.0,44.226607162331796
4,0,0.0,1829.0695475799116,8.71662782547758,1,0,2,1.0,0.0,0.0,0.0,0.0,0.0,0.0,0.0,56.70883237507453
19,2,0.0,5288.433505792746,2.444046584535691,1,1,2,0.0,0.0,0.0,0.0,1.0,0.0,0.0,0.0,100.0
9,3,13.317500941396194,6092.361833486529,3.3096891701843556,1,0,1,0.0,0.0,1.0,0.0,0.0,0.0,0.0,0.0,75.89125457740651
11,3,0.0,4738.190451522098,3.5275535868691765,1,0,2,0.0,0.0,0.0,0.0,1.0,0.0,0.0,0.0,76.25584981853847
14,5,24.949201205079927,3605.405846684206,6.4611296232194295,0,0,1,0.0,1.0,0.0,0.0,0.0,0.0,0.0,0.0,68.06240616445882
16,2,0.0,4837.798672955426,13.922178313434632,0,1,1,0.0,0.0,0.0,0.0,1.0,0.0,0.0,0.0,35.1026687149099
9,1,0.0,3320.7328126472394,7.826771500723291,0,0,1,0.0,0.0,0.0,0.0,0.0,1.0,0.0,0.0,55.93772235517334
5,6,0.5311333521971162,4549.786766684373,2.8814646780202895,1,0,1,0.0,1.0,0.0,0.0,0.0,0.0,0.0,0.0,40.41009537603032
17,0,0.0,3781.4560126808974,3.9913160380342445,0,0,0,0.0,0.0,0.0,1.0,0.0,0.0,0.0,0.0,84.15139503209183
12,5,0.0,5792.1867880193095,5.760225445907764,0,0,0,0.0,0.0,0.0,0.0,0.0,0.0,1.0,0.0,23.026913175784244
2,1,0.0,2607.8643737763396,9.348884635391991,1,0,1,1.0,0.0,0.0,0.0,0.0,0.0,0.0,0.0,55.022592513477214
23,4,0.0,9889.96858266592,6.60049729506008,0,0,0,0.0,0.0,0.0,0.0,0.0,1.0,0.0,0.0,37.65684603084694
9,6,11.985194257816929,5158.438547807006,5.886672662653874,1,0,0,0.0,0.0,0.0,0.0,0.0,0.0,0.0,0.0,37.07920372927514
13,3,29.578809063460493,2183.3721509207435,8.470929005984921,1,0,2,0.0,0.0,0.0,0.0,0.0,1.0,0.0,0.0,58.93477362267798
5,4,3.020808033114093,4927.547470802543,3.6275249243169823,0,0,0,0.0,0.0,0.0,0.0,0.0,0.0,0.0,0.0,21.891388608754518
2,3,12.710794559989269,8704.226756390795,1.1835490887687328,0,0,1,0.0,0.0,1.0,0.0,0.0,0.0,0.0,0.0,54.291198132922496
15,3,0.0,511.5258933066373,0.36621472233333174,1,0,1,0.0,0.0,1.0,0.0,0.0,0.0,0.0,0.0,54.037480038327935
6,4,0.0,6891.674955340702,3.768887452006906,0,0,1,0.0,0.0,0.0,1.0,0.0,0.0,0.0,0.0,28.639594289788782
19,6,0.0,5615.287628901102,1.3738805121670306,1,1,1,1.0,0.0,0.0,0.0,0.0,0.0,0.0,0.0,78.89803604235162
13,4,0.0,1944.7125453903145,5.045109577811502,1,0,2,0.0,0.0,0.0,0.0,1.0,0.0,0.0,0.0,71.41282686826302
8,1,0.0,8229.52146125773,11.594003105396334,0,0,0,0.0,0.0,0.0,0.0,1.0,0.0,0.0,0.0,52.59883192805043
14,5,18.814151821833526,3878.180837027855,10.744414957302574,0,0,1,0.0,0.0,0.0,0.0,0.0,0.0,1.0,0.0,46.713490166067075
20,5,0.0,3149.879679510422,9.163914341820432,0,0,2,0.0,0.0,0.0,0.0,0.0,0.0,0.0,0.0,39.64794097676901
2,4,0.0,8332.81436101194,12.78750365819218,0,0,1,0.0,0.0,1.0,0.0,0.0,0.0,0.0,0.0,44.14401740654541
1,1,0.0,6493.692948059147,4.231014368164151,0,0,0,1.0,0.0,0.0,0.0,0.0,0.0,0.0,0.0,36.85194972409418
1,5,4.001977055324683,9013.113111645796,13.275806295449485,1,0,2,0.0,0.0,0.0,0.0,0.0,0.0,1.0,0.0,37.96788894047683
2,1,20.5911669831793,6409.871925610634,5.988587545037688,0,0,0,0.0,0.0,1.0,0.0,0.0,0.0,0.0,0.0,49.74800733205165
17,1,6.3711196590749335,7485.931281941518,6.0133997739993985,1,0,2,0.0,0.0,0.0,0.0,0.0,0.0,1.0,0.0,97.23458522428277
13,3,0.0,8413.525193718244,6.080274204382823,0,0,1,1.0,0.0,0.0,0.0,0.0,0.0,0.0,0.0,49.92650622332226
19,5,1.757726631304063,830.9744683263881,1.4714154936147217,0,0,1,0.0,0.0,1.0,0.0,0.0,0.0,0.0,0.0,58.21794145124675
17,5,0.0,7827.674901032989,14.632357474965836,0,1,0,0.0,0.0,0.0,0.0,0.0,0.0,0.0,1.0,67.15205269104327
9,3,29.95680745455206,6252.952873940894,2.0776016673773876,1,0,0,0.0,0.0,0.0,1.0,0.0,0.0,0.0,0.0,100.0
1,4,0.0,974.2256261973744,5.113285867037768,0,0,2,0.0,0.0,0.0,0.0,1.0,0.0,0.0,0.0,44.98235240926035
21,3,0.0,5233.2058421265365,4.789504804901357,0,0,0,0.0,0.0,0.0,0.0,0.0,0.0,0.0,1.0,15.586816685463427
0,5,0.0,1099.8433564443526,1.1201914922506444,1,0,0,0.0,0.0,0.0,0.0,0.0,0.0,0.0,1.0,1.069149149391911
3,5,18.29606204956613,7438.687856715257,2.28390195167815,0,0,1,0.0,0.0,0.0,0.0,0.0,1.0,0.0,0.0,26.257275537007747
13,6,0.0,5601.066624809466,0.6728750427807872,0,0,1,1.0,0.0,0.0,0.0,0.0,0.0,0.0,0.0,42.56805279470624
0,4,9.434299075995316,9549.663312899283,4.386067403407702,0,0,1,0.0,0.0,0.0,0.0,0.0,1.0,0.0,0.0,36.366094829150605
13,3,0.0,2076.4131042461677,12.999853860433598,1,0,1,0.0,0.0,0.0,0.0,0.0,0.0,0.0,1.0,21.00567899840071
15,0,0.0,6178.524489447671,5.091633086060767,0,0,1,1.0,0.0,0.0,0.0,0.0,0.0,0.0,0.0,46.862539676350416
21,0,0.0,2352.3467053337663,1.8553774810106882,0,0,1,0.0,0.0,0.0,0.0,0.0,1.0,0.0,0.0,43.73583324248447
13,4,0.0,6256.430351855764,9.68540802575877,0,0,1,0.0,0.0,0.0,0.0,0.0,1.0,0.0,0.0,38.95690812907043
19,3,0.0,7309.702112900308,14.949013680823658,1,0,2,0.0,1.0,0.0,0.0,0.0,0.0,0.0,0.0,100.0
2,3,0.0,7306.351994496525,3.4848568429789135,0,0,1,0.0,0.0,0.0,0.0,1.0,0.0,0.0,0.0,45.18856888246568
2,1,12.081971096008985,8206.217709621316,4.193565080558542,0,0,1,0.0,0.0,0.0,0.0,0.0,0.0,1.0,0.0,51.12126532595506
8,5,0.0,8579.437211195673,14.577705814211829,0,0,1,0.0,0.0,0.0,0.0,0.0,0.0,1.0,0.0,55.62598756646964
5,2,12.027081677373783,1049.5357447916172,2.681644313257307,0,0,1,0.0,1.0,0.0,0.0,0.0,0.0,0.0,0.0,66.36855056707206
12,6,0.0,3629.6914236023194,7.668211011887458,1,0,1,0.0,0.0,0.0,0.0,1.0,0.0,0.0,0.0,53.57280244009768
20,4,14.47615222400018,6965.088447490115,3.5947819952414233,0,0,0,1.0,0.0,0.0,0.0,0.0,0.0,0.0,0.0,80.3188476382451
1,2,0.0,5136.286987694758,13.985278468518658,1,0,0,1.0,0.0,0.0,0.0,0.0,0.0,0.0,0.0,51.343131259095834
7,2,0.0,2149.5566835214777,14.72281521864441,1,1,1,0.0,0.0,0.0,0.0,0.0,0.0,1.0,0.0,41.872281659427635
20,4,0.0,5661.28283061697,12.22046769180023,1,0,1,0.0,0.0,0.0,1.0,0.0,0.0,0.0,0.0,66.74268493126677
1,3,0.0,4252.125831831595,4.721757237192159,0,0,1,0.0,0.0,0.0,1.0,0.0,0.0,0.0,0.0,32.18155119105823
3,4,16.38073779962251,4083.3712932467593,6.052312129207575,1,0,2,0.0,0.0,1.0,0.0,0.0,0.0,0.0,0.0,50.324920162584235
14,2,0.0,8154.611059125939,3.6345852549963205,0,0,1,0.0,0.0,1.0,0.0,0.0,0.0,0.0,0.0,50.351116846750415
3,5,0.0,4253.703838172158,13.361369505134872,1,0,2,0.0,0.0,0.0,0.0,0.0,0.0,1.0,0.0,17.013134194071345
12,6,11.957989881553674,556.6087031601144,13.718374165322372,0,0,2,0.0,1.0,0.0,0.0,0.0,0.0,0.0,0.0,63.75982804633949
11,6,0.0,863.2143872435854,6.283059933690708,1,1,1,0.0,1.0,0.0,0.0,0.0,0.0,0.0,0.0,42.18301975351431
12,5,29.98005368493346,8605.567204408717,9.847996048545028,0,1,0,0.0,0.0,0.0,0.0,0.0,0.0,1.0,0.0,59.76444815195917
13,5,0.0,9617.827857121456,2.483297696620408,1,1,1,0.0,1.0,0.0,0.0,0.0,0.0,0.0,0.0,25.239740749876933
19,3,26.534896043815905,6977.570563620364,6.524038505451135,1,0,1,1.0,0.0,0.0,0.0,0.0,0.0,0.0,0.0,100.0
17,0,0.0,3834.372452770778,9.472486600102464,1,1,0,0.0,0.0,0.0,1.0,0.0,0.0,0.0,0.0,74.10425653250783
5,4,0.0,9404.423063208857,5.781046777770293,1,0,0,0.0,1.0,0.0,0.0,0.0,0.0,0.0,0.0,43.4169709051058
10,6,0.0,6729.189937844638,5.3639928852968985,0,0,1,0.0,0.0,0.0,0.0,1.0,0.0,0.0,0.0,73.9449919118154
1,5,25.216076398475813,8490.035427233575,0.014984884004139998,0,0,1,0.0,0.0,0.0,0.0,0.0,1.0,0.0,0.0,46.02330773164751
22,4,0.0,7728.76734915899,12.064401956656711,1,0,2,0.0,1.0,0.0,0.0,0.0,0.0,0.0,0.0,39.81269926913709
18,6,0.0,3977.6513629941464,13.340064180321724,0,0,0,0.0,0.0,0.0,0.0,0.0,0.0,0.0,1.0,41.61527434971479
18,5,10.18719423624509,4943.41134825262,14.541952943187482,0,0,2,0.0,0.0,0.0,0.0,0.0,0.0,0.0,0.0,54.38807773833835
4,6,10.056695406407151,2105.481897370565,10.789070776038233,0,0,2,0.0,0.0,0.0,0.0,0.0,1.0,0.0,0.0,32.51271115450945
18,3,1.2613438822783407,3132.5367742751205,8.231884685548268,0,0,2,0.0,0.0,1.0,0.0,0.0,0.0,0.0,0.0,66.25639619811494
1,0,17.947132795556897,7847.8189144792605,4.03926779713064,0,0,2,0.0,0.0,0.0,0.0,0.0,1.0,0.0,0.0,53.56471881304847
9,0,0.0,8971.59040126615,14.989492139452476,0,0,0,0.0,0.0,0.0,0.0,0.0,0.0,0.0,1.0,52.949282946094776
1,5,0.0,7327.266105538694,8.846292817981583,0,1,0,0.0,0.0,0.0,0.0,0.0,0.0,0.0,1.0,16.723061193558706
10,6,22.20107834952531,4812.184857569392,10.217311084956693,0,0,0,0.0,0.0,0.0,0.0,0.0,0.0,0.0,0.0,53.529266176797265
17,3,18.831012408022197,1139.139908715551,10.236092429329766,0,0,1,0.0,0.0,1.0,0.0,0.0,0.0,0.0,0.0,83.93861063303656
23,1,0.0,852.3951023749477,12.678776936357721,0,0,2,0.0,0.0,0.0,0.0,0.0,1.0,0.0,0.0,34.7324799702645
14,4,0.0,3930.957976744682,0.14508808270378815,0,1,1,0.0,0.0,0.0,0.0,1.0,0.0,0.0,0.0,56.37539805468299
8,4,21.27971558327902,4799.070672046332,3.3037041064705774,0,0,0,0.0,0.0,0.0,0.0,0.0,0.0,0.0,1.0,70.68646316636446
22,2,0.0,6208.470035468979,9.983010002550209,1,0,0,0.0,0.0,0.0,0.0,0.0,1.0,0.0,0.0,37.76279185857223
18,3,0.0,362.9483574538729,13.427186052368517,0,0,1,0.0,1.0,0.0,0.0,0.0,0.0,0.0,0.0,66.80632300479134
8,6,0.0,9900.312037523172,10.280081728820344,1,1,2,0.0,0.0,0.0,0.0,0.0,1.0,0.0,0.0,41.267865240224545
2,2,0.0,3830.207169019216,6.202369372405202,1,0,0,0.0,0.0,0.0,1.0,0.0,0.0,0.0,0.0,56.977481481804254
20,5,2.0843995465059573,8526.518238870878,5.423332438053924,0,0,2,1.0,0.0,0.0,0.0,0.0,0.0,0.0,0.0,72.63349609665207
8,6,0.0,5489.177044954423,11.069220124249807,0,0,2,0.0,1.0,0.0,0.0,0.0,0.0,0.0,0.0,53.77686755375466
13,2,22.694330365212373,1565.262708973461,11.118565457057901,0,1,0,0.0,0.0,0.0,0.0,1.0,0.0,0.0,0.0,54.40239978032673
18,0,0.0,8036.385859584862,9.105869887585355,0,0,1,0.0,0.0,0.0,0.0,1.0,0.0,0.0,0.0,64.7212720316368
6,4,0.0,7185.322626722797,4.372005361460055,0,0,2,0.0,0.0,0.0,0.0,0.0,1.0,0.0,0.0,28.487711338460795
15,6,16.665269351864495,5416.130023813512,13.877322275858154,0,0,1,0.0,0.0,0.0,0.0,1.0,0.0,0.0,0.0,29.7406397241549
15,2,0.0,5291.164985937667,8.278199131779587,0,0,2,0.0,0.0,0.0,0.0,0.0,0.0,0.0,1.0,28.237382022003818
0,0,0.0,1148.5521757840022,11.857385343724959,0,0,2,0.0,0.0,0.0,1.0,0.0,0.0,0.0,0.0,37.012431096945996
3,3,0.0,6661.734801166579,3.2146239324274744,1,0,0,0.0,0.0,0.0,1.0,0.0,0.0,0.0,0.0,62.87183885915343
3,2,0.0,9139.078010816707,5.160611829220918,0,1,1,0.0,0.0,0.0,0.0,0.0,0.0,1.0,0.0,26.66461555179219
6,5,0.0,1204.4757164471762,13.118692745810137,1,0,2,0.0,0.0,0.0,0.0,0.0,0.0,1.0,0.0,22.964110277155864
7,5,11.788764199100468,2856.0610712943776,0.7516054490995261,0,1,1,0.0,0.0,0.0,0.0,0.0,0.0,0.0,0.0,31.24375667522645
16,5,25.543160889933432,9052.387342388358,7.684729668849931,0,0,2,0.0,1.0,0.0,0.0,0.0,0.0,0.0,0.0,62.06311303385258
4,6,27.187627102136044,3058.135925251995,7.2255821976601355,0,1,1,0.0,0.0,0.0,0.0,1.0,0.0,0.0,0.0,55.84017634732883
6,4,0.0,6643.253620145286,11.268452833621232,1,0,1,0.0,0.0,0.0,0.0,1.0,0.0,0.0,0.0,61.56783893998001
19,2,0.0,5487.736199948498,4.228406558989986,0,0,0,0.0,0.0,0.0,0.0,0.0,0.0,0.0,0.0,54.10474893883254
19,3,0.0,6084.377768537462,3.286002327893992,0,0,2,1.0,0.0,0.0,0.0,0.0,0.0,0.0,0.0,76.0694880266448
3,2,0.0,4333.152345299355,13.891992581598506,1,0,2,0.0,0.0,0.0,0.0,0.0,1.0,0.0,0.0,32.36098370130296
5,4,0.0,3209.9172643709976,8.575644779376972,0,0,2,0.0,0.0,0.0,0.0,0.0,0.0,0.0,0.0,24.48849100380505
6,0,0.0,770.774472077789,1.5703435242548176,0,0,2,0.0,0.0,0.0,1.0,0.0,0.0,0.0,0.0,34.3734387874133
17,4,14.438284515348503,7519.525111153393,2.895542433214816,1,0,0,0.0,0.0,0.0,0.0,0.0,0.0,0.0,0.0,82.7332644330721
4,5,0.0,7537.1065832839995,14.982390892713724,1,0,0,0.0,0.0,0.0,0.0,1.0,0.0,0.0,0.0,44.786305413546415
19,6,0.0,6806.0396787636155,2.9341349437828863,0,0,2,0.0,0.0,0.0,0.0,0.0,1.0,0.0,0.0,52.12757845354731
2,0,15.276347557381278,6543.24774476032,9.157132670305181,0,0,1,0.0,0.0,0.0,0.0,0.0,0.0,1.0,0.0,37.00625899440561
6,6,0.0,2664.056182025004,6.301921184934272,1,0,0,0.0,1.0,0.0,0.0,0.0,0.0,0.0,0.0,31.487329424270794
21,5,16.44611318376455,516.7458575330247,13.28398642274753,1,0,1,0.0,1.0,0.0,0.0,0.0,0.0,0.0,0.0,56.761329126905615
13,1,28.595326147894177,8144.539349788765,11.327528884429917,0,0,1,0.0,0.0,0.0,0.0,0.0,0.0,0.0,0.0,41.49232855109159
6,4,5.408703918469218,5064.043796249521,8.954270943927238,1,0,1,0.0,1.0,0.0,0.0,0.0,0.0,0.0,0.0,68.05324678616587
4,4,0.0,3276.329867815398,0.1610847269697374,0,0,2,0.0,0.0,0.0,1.0,0.0,0.0,0.0,0.0,27.537481034574014
21,3,24.367186158262417,1288.7394957715296,13.196928112401894,0,0,0,0.0,0.0,0.0,0.0,1.0,0.0,0.0,0.0,39.13135585412182
4,2,0.0,908.3994317434675,6.670012062580744,0,0,2,0.0,1.0,0.0,0.0,0.0,0.0,0.0,0.0,47.66233392650922
22,0,18.207668406796213,3684.0072014132197,13.973664795278648,0,0,1,0.0,0.0,1.0,0.0,0.0,0.0,0.0,0.0,48.294823268574845
1,6,0.0,8105.949528239323,7.433085192813018,0,0,2,0.0,0.0,0.0,1.0,0.0,0.0,0.0,0.0,22.12686754569593
20,0,0.0,9211.620368538155,10.413367337740883,0,0,1,0.0,0.0,0.0,1.0,0.0,0.0,0.0,0.0,53.05408628218168
21,3,0.0,8998.488236746727,1.0393897419996323,0,0,2,0.0,0.0,0.0,0.0,0.0,0.0,0.0,1.0,19.743550421235522
5,3,0.0,9224.008097071652,11.177274802901787,0,0,2,0.0,0.0,0.0,0.0,0.0,0.0,1.0,0.0,35.92232141586758
14,6,25.457629710926344,9104.935828354624,5.069940469678843,0,0,0,0.0,0.0,0.0,0.0,0.0,0.0,0.0,0.0,37.10022777730081
20,2,12.422058583213275,5414.080090523839,5.270385214976713,1,0,0,1.0,0.0,0.0,0.0,0.0,0.0,0.0,0.0,87.34181890230019
9,6,7.610904899874323,2428.331694001967,1.7798376706408492,1,0,1,0.0,0.0,0.0,1.0,0.0,0.0,0.0,0.0,62.92050581642912
22,6,0.0,8041.051853517158,2.202857229603034,0,0,1,0.0,1.0,0.0,0.0,0.0,0.0,0.0,0.0,18.208210177279597
23,5,12.960743989012249,2373.0158560700165,2.786385843093152,1,0,1,0.0,0.0,0.0,0.0,0.0,1.0,0.0,0.0,33.99739996446885
6,2,0.0,2891.9105845387203,4.923092528571336,0,0,2,0.0,0.0,0.0,0.0,1.0,0.0,0.0,0.0,52.43339647915911
4,4,7.902108358675335,2562.56692167872,13.379548691634081,0,0,1,1.0,0.0,0.0,0.0,0.0,0.0,0.0,0.0,64.50018648292577
0,5,0.11787964266653406,5295.329315849317,5.523903573451207,1,0,0,0.0,0.0,0.0,0.0,0.0,0.0,1.0,0.0,25.07566000090163
12,1,0.0,3421.726829240075,10.865440598448277,0,0,1,0.0,0.0,0.0,1.0,0.0,0.0,0.0,0.0,25.716881736071024
20,2,3.006847699286528,1795.3136813658123,1.2412125583480709,0,0,1,0.0,0.0,0.0,0.0,1.0,0.0,0.0,0.0,82.2562163291389
17,3,0.0,4695.782095370659,8.866481989079888,0,1,2,0.0,0.0,0.0,0.0,0.0,0.0,1.0,0.0,51.18054327353934
12,5,0.0,8776.90021621612,7.228368469056593,0,0,0,0.0,0.0,0.0,0.0,1.0,0.0,0.0,0.0,32.02555302931514
20,2,0.0,5834.36269301473,14.669369204317569,0,0,1,0.0,1.0,0.0,0.0,0.0,0.0,0.0,0.0,61.97933787519426
20,0,0.0,8819.855377109594,12.693116548184445,1,0,0,0.0,0.0,0.0,0.0,0.0,1.0,0.0,0.0,71.34244439696273
17,6,8.59977745341758,2199.960195267633,6.822446586579746,0,0,1,0.0,0.0,1.0,0.0,0.0,0.0,0.0,0.0,56.146004491697894
4,1,0.0,1919.6465746237739,11.627141460680082,1,0,0,0.0,0.0,0.0,0.0,1.0,0.0,0.0,0.0,49.72439750694354
12,4,0.0,5883.098119274676,2.8955811194066627,1,0,1,0.0,0.0,0.0,0.0,1.0,0.0,0.0,0.0,85.5281430149376
3,6,0.0,4794.290344998849,8.435044910876671,0,1,1,0.0,0.0,0.0,1.0,0.0,0.0,0.0,0.0,25.083688375375555
16,0,27.522775584135037,6703.674623975482,1.1192858335306228,0,0,2,0.0,0.0,0.0,0.0,0.0,0.0,0.0,0.0,44.71981259300916
2,0,20.39510279273161,8007.879872959781,5.221335483775246,0,0,2,0.0,0.0,0.0,0.0,0.0,0.0,1.0,0.0,53.42503826896175
16,1,24.330650678766805,7587.680767826112,3.3879327243325545,0,0,0,1.0,0.0,0.0,0.0,0.0,0.0,0.0,0.0,60.77136425175871
10,4,3.269148879117474,9439.933384488042,10.783647229878163,0,1,0,0.0,0.0,1.0,0.0,0.0,0.0,0.0,0.0,67.36350851890603
20,3,0.0,4163.087168823013,7.351360368215421,1,0,0,0.0,1.0,0.0,0.0,0.0,0.0,0.0,0.0,82.32824473729669
19,5,0.0,2301.9513998073535,11.266057182720157,1,0,0,0.0,0.0,0.0,0.0,1.0,0.0,0.0,0.0,67.90959102208633
22,4,0.0,5643.852607494492,7.729431564471684,0,1,2,0.0,0.0,0.0,0.0,0.0,0.0,0.0,0.0,20.592572529170624
20,2,0.0,1374.2082658545003,1.297266632274578,0,0,0,0.0,0.0,0.0,0.0,0.0,0.0,0.0,1.0,43.10513774456335
3,0,19.913002083651,3101.855896316825,11.030514745987901,0,0,1,0.0,0.0,0.0,1.0,0.0,0.0,0.0,0.0,45.652642297892854
1,2,0.0,2316.5141360525013,12.498438959817085,0,0,1,0.0,0.0,0.0,1.0,0.0,0.0,0.0,0.0,27.602056128981857
19,3,1.3366989485295966,4146.668052931685,13.552968388691887,1,0,1,0.0,0.0,1.0,0.0,0.0,0.0,0.0,0.0,74.89227038105359
15,2,0.0,1378.8007775214892,8.579879179600622,1,1,2,0.0,0.0,1.0,0.0,0.0,0.0,0.0,0.0,37.28226496363274
17,4,0.0,608.8649221165492,11.303780384992427,0,1,0,0.0,0.0,0.0,0.0,0.0,0.0,0.0,0.0,43.67927653547511
7,2,0.0,6670.901844911308,11.280665053239407,0,1,1,0.0,0.0,0.0,0.0,0.0,0.0,0.0,1.0,50.73840199982067
2,3,26.992788461047724,6219.415089411107,2.336246396984165,0,0,1,0.0,0.0,0.0,0.0,0.0,0.0,0.0,1.0,45.918447625875615
8,3,10.084789949552967,7171.081679575013,2.463310311893561,0,0,2,0.0,0.0,1.0,0.0,0.0,0.0,0.0,0.0,87.56603137170441
19,3,8.829652326937078,6705.7484706320365,1.0632825871368916,0,0,2,0.0,0.0,1.0,0.0,0.0,0.0,0.0,0.0,86.95820405953971
5,4,0.0,1408.65840708112,4.798704527104522,0,0,2,0.0,0.0,0.0,0.0,0.0,1.0,0.0,0.0,39.83718866691875
9,3,23.909629642769563,3123.465149343769,7.102628816115968,0,0,1,0.0,0.0,1.0,0.0,0.0,0.0,0.0,0.0,73.87296642495485
20,0,0.0,1556.4081160334179,14.968467791313254,0,0,2,0.0,0.0,0.0,0.0,0.0,0.0,0.0,0.0,56.28816293817986
9,6,0.0,8476.832299871063,6.464900131022543,0,0,1,0.0,0.0,0.0,0.0,0.0,0.0,0.0,1.0,38.988268425928545
12,3,6.452144143951574,7544.965456948576,10.893638827610562,0,1,0,1.0,0.0,0.0,0.0,0.0,0.0,0.0,0.0,52.94047717405463
16,2,0.0,2254.811928306952,10.400955394088019,0,0,1,0.0,0.0,0.0,1.0,0.0,0.0,0.0,0.0,26.636206507895874
8,5,11.55123713521235,3610.699632751966,3.067229253758694,0,0,0,0.0,0.0,1.0,0.0,0.0,0.0,0.0,0.0,61.43640665018584
16,2,0.0,9676.165424962877,0.8776072717415462,0,0,1,0.0,0.0,0.0,0.0,0.0,0.0,1.0,0.0,38.19525145487455
23,5,0.0,6063.34577143262,8.190101273003812,0,0,0,0.0,0.0,0.0,0.0,1.0,0.0,0.0,0.0,46.557976522547875
8,2,24.16910775824755,8071.209293821225,10.50458388471714,1,0,1,0.0,0.0,0.0,0.0,0.0,1.0,0.0,0.0,73.4647197876412
8,4,0.0,2866.5330372566727,14.97377685279384,0,1,1,1.0,0.0,0.0,0.0,0.0,0.0,0.0,0.0,90.54725258592943
0,2,23.660592876942722,2337.513325739261,5.379165784217561,0,0,1,0.0,0.0,1.0,0.0,0.0,0.0,0.0,0.0,71.00122740585454
1,4,0.0,7903.99420981152,13.445468431216451,1,0,1,0.0,0.0,1.0,0.0,0.0,0.0,0.0,0.0,46.2940016723341
15,4,5.013002632969017,6952.96281574497,5.728986838037796,0,0,2,1.0,0.0,0.0,0.0,0.0,0.0,0.0,0.0,50.02913112186967
0,3,0.0,6905.485913354108,10.341175626457693,1,0,1,0.0,0.0,1.0,0.0,0.0,0.0,0.0,0.0,35.06804098781458
9,0,0.0,5660.555443743181,8.97379395775578,0,0,1,0.0,0.0,0.0,0.0,0.0,0.0,0.0,1.0,42.73510427807296
17,5,0.0,5766.709924932524,0.7946818995389537,0,0,2,0.0,0.0,0.0,0.0,0.0,0.0,1.0,0.0,45.14250109635475
7,3,0.0,7436.265801470661,1.1758264045538773,0,0,2,0.0,0.0,0.0,0.0,0.0,0.0,0.0,0.0,19.174626243475696
20,3,6.19539494789352,2919.024066875594,0.31146134586691465,0,0,2,0.0,0.0,0.0,0.0,0.0,0.0,1.0,0.0,64.7198385265927
10,6,0.0,3721.854118812471,5.562511268909843,0,0,2,0.0,0.0,0.0,0.0,0.0,0.0,0.0,1.0,46.089104626702124
22,4,0.0,8754.876674044534,11.187015731490161,0,0,2,0.0,0.0,0.0,0.0,0.0,0.0,1.0,0.0,40.21088039207124
1,4,0.0,3295.9924498179303,2.5913309098608406,1,0,2,0.0,0.0,0.0,0.0,0.0,0.0,0.0,0.0,26.29128174024131
7,5,0.0,5599.202842379201,9.087794525758436,0,0,2,0.0,0.0,0.0,0.0,0.0,0.0,1.0,0.0,24.651003740042665
21,2,1.12463870608978,7115.602800864835,4.332416700466169,0,0,2,0.0,0.0,0.0,1.0,0.0,0.0,0.0,0.0,40.0447678209741
7,2,27.53407620628751,9999.270820281812,11.954889359686081,0,0,2,0.0,0.0,0.0,0.0,0.0,0.0,0.0,1.0,51.71630472608473
16,3,0.0,4522.32591550472,11.975942235044863,1,0,2,0.0,0.0,0.0,0.0,0.0,0.0,0.0,1.0,34.27167669088874
14,1,16.553378511770863,4452.500903261955,11.631217724496354,1,0,2,0.0,0.0,0.0,0.0,1.0,0.0,0.0,0.0,64.77612863593265
16,1,0.0,8473.107280506574,7.872502707020652,1,0,0,0.0,1.0,0.0,0.0,0.0,0.0,0.0,0.0,64.61421683288498
22,2,0.0,8113.380179220674,4.268500651197775,0,0,1,0.0,0.0,0.0,0.0,0.0,1.0,0.0,0.0,36.67896401091478
23,1,1.4976745699013727,7391.436052825121,12.141660658179518,0,0,1,0.0,1.0,0.0,0.0,0.0,0.0,0.0,0.0,44.230483244981905
12,6,0.0,4793.32748286758,2.7915084290886227,0,0,2,0.0,0.0,0.0,0.0,0.0,1.0,0.0,0.0,4.660070921676704
18,2,2.1410104166814015,3442.209465558943,4.34639403042984,0,0,2,0.0,0.0,0.0,0.0,0.0,0.0,1.0,0.0,62.472854460851075
4,4,22.81674346559769,6204.685681073031,2.7592155924093245,1,0,0,0.0,0.0,0.0,1.0,0.0,0.0,0.0,0.0,69.25787260404499
11,3,0.0,8799.365943376917,10.113152405814715,1,0,2,0.0,0.0,0.0,1.0,0.0,0.0,0.0,0.0,42.885537222566825
0,0,10.28676274046939,8872.64134462329,10.293540421737271,0,0,0,0.0,0.0,1.0,0.0,0.0,0.0,0.0,0.0,49.956682784491164
22,3,12.551067303960215,1352.4339471832527,9.787649891801296,0,0,1,0.0,1.0,0.0,0.0,0.0,0.0,0.0,0.0,41.659002929860435
4,2,0.0,4454.997752987561,6.2340220029700175,0,0,1,0.0,0.0,0.0,0.0,0.0,0.0,1.0,0.0,37.3581355909709
7,6,27.322554382144418,4807.80297512787,1.5025651080214986,0,0,2,0.0,0.0,0.0,0.0,1.0,0.0,0.0,0.0,79.71404864555944
12,2,0.0,9782.869064980407,13.667543767725318,0,1,0,0.0,0.0,0.0,0.0,1.0,0.0,0.0,0.0,22.33088590726626
7,3,26.54047132265063,6876.58074785307,7.615964460183572,0,0,0,1.0,0.0,0.0,0.0,0.0,0.0,0.0,0.0,69.9329324157611
22,6,9.589440827628744,4250.290247442084,6.1045829236663725,1,0,1,0.0,0.0,1.0,0.0,0.0,0.0,0.0,0.0,41.91260797554069
10,6,0.0,552.7614940602521,8.832373398724398,0,0,1,0.0,0.0,0.0,1.0,0.0,0.0,0.0,0.0,54.52140243953378
0,6,0.0,5784.2360529622,2.8918565372865874,1,0,0,0.0,0.0,0.0,1.0,0.0,0.0,0.0,0.0,56.78525443065986
12,5,18.708778418917927,1231.9369636920544,1.988231686573116,0,0,0,0.0,1.0,0.0,0.0,0.0,0.0,0.0,0.0,58.41125457614555
18,2,0.0,8394.164586273302,6.082878321869154,0,0,1,0.0,0.0,0.0,1.0,0.0,0.0,0.0,0.0,50.3934869596325
23,1,0.0,7599.431007532512,3.408310411498658,0,1,0,0.0,0.0,0.0,1.0,0.0,0.0,0.0,0.0,44.417840963899174
2,1,0.0,4766.938851109334,3.664354418057468,0,0,1,1.0,0.0,0.0,0.0,0.0,0.0,0.0,0.0,49.93776663659941
23,2,0.0,4463.344561554487,13.387672316677941,0,0,0,0.0,0.0,0.0,1.0,0.0,0.0,0.0,0.0,48.29330373549076
16,2,0.0,9004.187966017056,7.961387657787373,0,0,2,0.0,1.0,0.0,0.0,0.0,0.0,0.0,0.0,48.440684797403456
4,5,0.0,3098.0459990558456,7.252035964850267,0,0,1,0.0,1.0,0.0,0.0,0.0,0.0,0.0,0.0,34.233165689074355
19,1,0.0,2715.493632435677,10.34219390592896,1,0,0,0.0,0.0,0.0,1.0,0.0,0.0,0.0,0.0,72.04938666939674
20,2,3.0050797871198967,9410.215098409892,14.273221705151094,0,0,1,0.0,0.0,0.0,0.0,0.0,0.0,0.0,1.0,51.486820693182985
7,2,0.0,8149.684616508781,1.6829784670584613,1,0,0,1.0,0.0,0.0,0.0,0.0,0.0,0.0,0.0,56.520419262212855
13,5,0.0,8260.068252751787,12.503018506638858,0,0,2,0.0,0.0,0.0,0.0,0.0,0.0,0.0,1.0,7.820425619715054
3,5,0.0,2193.3799984764773,8.760287698017688,0,0,2,0.0,1.0,0.0,0.0,0.0,0.0,0.0,0.0,41.30710243858106
10,3,0.0,1689.9711168800638,2.1924803071775587,0,0,2,0.0,0.0,0.0,0.0,0.0,1.0,0.0,0.0,55.15371879563349
19,5,0.0,552.4866332262086,4.4572397803348744,1,0,1,0.0,0.0,0.0,0.0,0.0,0.0,0.0,0.0,42.825945137128535
14,0,0.0,2599.3026365111964,7.235421246971093,0,0,2,0.0,0.0,0.0,0.0,0.0,0.0,0.0,0.0,35.8398389229909
18,1,0.0,7809.64776962895,10.367657168661344,0,0,1,0.0,0.0,0.0,0.0,0.0,0.0,1.0,0.0,63.33197936437473
6,3,5.2499048625175195,2628.372662012253,3.639105254301783,0,0,2,0.0,0.0,0.0,0.0,0.0,0.0,0.0,1.0,35.53545252560929
18,0,26.6908117598268,7372.301850870299,8.023182232013848,0,0,1,0.0,1.0,0.0,0.0,0.0,0.0,0.0,0.0,98.38454903000833
18,2,18.260625836484024,2743.5101740639884,10.270074411237927,1,0,2,0.0,0.0,0.0,0.0,1.0,0.0,0.0,0.0,100.0
10,2,28.508521505114565,4134.337230121515,6.731111262712593,0,0,0,0.0,1.0,0.0,0.0,0.0,0.0,0.0,0.0,94.34925483346113
4,3,29.962501031739507,9836.674212140662,12.945389416802637,0,0,0,0.0,0.0,0.0,0.0,1.0,0.0,0.0,0.0,30.04023808535964
4,5,0.0,2674.673793456115,13.041886542606067,1,1,1,0.0,0.0,0.0,0.0,0.0,1.0,0.0,0.0,33.23865983893264
21,6,8.964091922498238,3950.795084793196,7.060368264606686,0,0,2,0.0,0.0,0.0,1.0,0.0,0.0,0.0,0.0,26.62670819985096
7,6,0.0,3220.5456505125726,14.593885656133494,0,0,2,0.0,1.0,0.0,0.0,0.0,0.0,0.0,0.0,39.21380381306707
9,2,29.958342811123625,1363.362367401022,1.1337763860817096,0,0,0,0.0,0.0,0.0,0.0,0.0,0.0,1.0,0.0,79.43845494961579
5,6,18.88923702697372,5051.973178669002,0.050435674844049316,1,0,2,0.0,0.0,0.0,1.0,0.0,0.0,0.0,0.0,59.58361225556816
14,4,0.0,3973.299434330122,5.710023957058786,1,0,2,0.0,0.0,0.0,0.0,0.0,0.0,0.0,0.0,35.75203240591038
15,3,0.0,7040.404732330617,9.016455920587639,0,0,1,0.0,0.0,0.0,0.0,0.0,0.0,0.0,1.0,4.11276113011775
16,0,0.0,8230.667105429999,9.438002361744912,1,0,0,0.0,1.0,0.0,0.0,0.0,0.0,0.0,0.0,59.30656703600632
7,3,17.228111407712618,5579.222230607694,7.146686044407429,0,0,2,1.0,0.0,0.0,0.0,0.0,0.0,0.0,0.0,61.52646713152573
7,1,24.991708237926407,612.3052942471676,1.8732496986096925,0,0,2,0.0,1.0,0.0,0.0,0.0,0.0,0.0,0.0,77.48543563807588
8,5,20.643416287831663,6303.5468554767995,2.5574628268184134,0,0,1,0.0,0.0,0.0,0.0,0.0,1.0,0.0,0.0,66.14183759286848
1,5,0.0,837.2900812031102,12.782219757780137,0,0,1,0.0,0.0,0.0,0.0,0.0,0.0,1.0,0.0,22.310317514185442
14,3,10.101170066926006,6278.656338910542,13.01866697608892,0,0,1,1.0,0.0,0.0,0.0,0.0,0.0,0.0,0.0,57.154573668942504
17,2,0.0,6944.790507911128,10.108478067910802,1,0,1,0.0,0.0,0.0,0.0,0.0,1.0,0.0,0.0,56.21382413833333
2,2,6.989166362341173,2218.3459878899284,9.963269584183235,0,0,2,0.0,0.0,0.0,1.0,0.0,0.0,0.0,0.0,47.47973953650765
16,4,0.0,8247.657642601178,8.965231920417112,1,0,2,0.0,0.0,0.0,0.0,0.0,0.0,0.0,1.0,33.14193932317228
3,4,0.0,9137.52577626827,3.0438882855298233,0,1,2,0.0,0.0,0.0,0.0,0.0,1.0,0.0,0.0,33.45971572675953
3,5,0.0,8186.943551904051,6.4237605038985475,0,0,1,0.0,0.0,0.0,0.0,0.0,0.0,0.0,0.0,12.431531739037862
13,4,9.287080567146944,3259.559145057197,10.43841977195068,0,0,2,0.0,0.0,0.0,0.0,0.0,0.0,0.0,0.0,18.95117371163027
8,0,18.506522158991846,5990.437220722654,8.05878408005008,0,0,0,0.0,0.0,0.0,0.0,1.0,0.0,0.0,0.0,83.37767217295531
8,4,0.0,9173.70694715491,0.2787050108264877,1,0,0,0.0,0.0,0.0,0.0,0.0,0.0,0.0,1.0,77.13753346889654
22,0,0.0,3410.447844361644,14.303352100801476,0,0,2,0.0,0.0,0.0,0.0,0.0,0.0,0.0,0.0,7.5512033845283995
17,4,4.927232016694633,8254.269875974624,12.672240788582151,1,0,1,0.0,1.0,0.0,0.0,0.0,0.0,0.0,0.0,89.50096732735764
9,5,0.0,391.90877323845626,3.9081752116460677,1,0,0,0.0,0.0,0.0,1.0,0.0,0.0,0.0,0.0,93.88645399626061
20,5,15.075888801049667,335.3730170113598,9.246884027494442,0,0,2,0.0,0.0,1.0,0.0,0.0,0.0,0.0,0.0,74.36513292947781
3,0,0.0,7669.203105287984,13.848590755922816,0,1,0,0.0,0.0,0.0,0.0,0.0,0.0,0.0,0.0,25.858400502181645
11,3,0.0,7686.041546633075,1.4401651817047707,0,0,0,0.0,0.0,1.0,0.0,0.0,0.0,0.0,0.0,40.3599027486088
7,5,13.915956642865426,7953.07872216725,7.545442211950509,0,0,0,0.0,0.0,1.0,0.0,0.0,0.0,0.0,0.0,35.43213357687376
1,3,1.763880496339112,9321.260327515174,6.843645387694417,0,0,0,0.0,0.0,1.0,0.0,0.0,0.0,0.0,0.0,21.334537549861498
21,2,0.0,1443.691224656757,6.153075079252985,0,0,2,0.0,1.0,0.0,0.0,0.0,0.0,0.0,0.0,44.20525646944968
12,0,0.0,2550.254354341777,12.533829133393874,0,0,0,0.0,0.0,0.0,0.0,0.0,1.0,0.0,0.0,29.413440597878047
20,6,19.604667961747428,9066.131727625934,5.70969220046186,1,0,2,0.0,0.0,0.0,0.0,0.0,0.0,0.0,0.0,73.43699886181331
15,5,0.0,2019.1911183918285,0.9549499986151139,0,0,0,1.0,0.0,0.0,0.0,0.0,0.0,0.0,0.0,42.71068108213609
1,1,17.122312251999595,6917.623895492865,0.9875661324645374,0,0,0,0.0,0.0,0.0,0.0,0.0,0.0,0.0,0.0,29.45821198823402
10,2,0.0,5445.491100395909,0.6411690978691348,0,0,0,0.0,0.0,1.0,0.0,0.0,0.0,0.0,0.0,52.42925940621903
9,3,0.0,1106.9786654596203,6.137181328110558,1,0,2,0.0,0.0,0.0,1.0,0.0,0.0,0.0,0.0,74.39564754433479
14,5,7.833814332992311,3067.0575208328687,10.7760941654754,0,0,0,0.0,0.0,0.0,1.0,0.0,0.0,0.0,0.0,42.206544023267305
16,0,10.045708529969435,5347.610499477389,3.055836928957732,0,0,0,1.0,0.0,0.0,0.0,0.0,0.0,0.0,0.0,54.884368886041344
7,6,0.0,8567.79613183319,9.697027806473242,1,1,1,0.0,1.0,0.0,0.0,0.0,0.0,0.0,0.0,36.80486644583926
17,4,27.815245132079667,7163.123349262335,10.306327081555562,1,0,0,0.0,0.0,1.0,0.0,0.0,0.0,0.0,0.0,100.0
22,6,0.0,6332.2666661128505,3.828031860233969,1,0,1,0.0,0.0,0.0,0.0,1.0,0.0,0.0,0.0,79.10669919665763
8,1,0.0,5111.519032431724,9.008364840909438,0,0,2,0.0,0.0,0.0,0.0,1.0,0.0,0.0,0.0,55.96389719044244
7,3,3.9578947726143254,3197.2346429971026,10.27302510040271,1,0,0,1.0,0.0,0.0,0.0,0.0,0.0,0.0,0.0,41.73583965223275
13,2,14.865275319919148,1456.6756397968334,6.999204342031885,0,1,0,1.0,0.0,0.0,0.0,0.0,0.0,0.0,0.0,60.184852621147975
17,6,3.198578184162705,4268.037535291127,5.050748959201426,1,0,1,0.0,0.0,0.0,0.0,0.0,0.0,0.0,1.0,53.24117707403817
21,0,0.0,576.629390939538,9.28727327361491,0,0,1,1.0,0.0,0.0,0.0,0.0,0.0,0.0,0.0,59.04688868933711
19,1,0.0,2347.2421258884506,14.667706309920854,1,0,0,1.0,0.0,0.0,0.0,0.0,0.0,0.0,0.0,74.88630040105632
19,0,0.0,4495.0887459648,6.402621140534671,1,0,2,0.0,1.0,0.0,0.0,0.0,0.0,0.0,0.0,98.71731535301237
20,5,0.0,4360.470301017576,5.876026444276816,0,0,1,0.0,0.0,0.0,0.0,0.0,0.0,0.0,1.0,25.11652923230227
11,4,29.902013108831444,729.6656806708263,6.9640035363917,1,0,0,0.0,0.0,0.0,0.0,1.0,0.0,0.0,0.0,91.01348884406346
18,2,0.0,6013.883489195326,1.1432759016757232,0,0,1,0.0,0.0,0.0,0.0,1.0,0.0,0.0,0.0,73.77570770890517
13,0,17.97037911343837,5631.9372817763915,8.29744919507085,0,0,2,0.0,0.0,0.0,1.0,0.0,0.0,0.0,0.0,35.77800058426891
16,3,0.0,1057.6117490028546,4.930460808258954,0,0,1,0.0,0.0,0.0,0.0,0.0,1.0,0.0,0.0,12.539066397256242
23,5,0.0,9448.681608866262,1.8213318349689374,1,0,0,0.0,0.0,1.0,0.0,0.0,0.0,0.0,0.0,36.58211988705331
20,5,0.0,1264.0129558233432,6.993851116760601,0,0,1,0.0,1.0,0.0,0.0,0.0,0.0,0.0,0.0,71.31624634488401
2,2,0.0,8591.89126700216,0.0507597986096614,0,0,2,0.0,0.0,0.0,0.0,0.0,1.0,0.0,0.0,28.682416377136224
22,5,0.0,303.0043995755576,6.026778677441384,0,0,0,0.0,0.0,0.0,0.0,0.0,0.0,0.0,0.0,15.87887345536751
6,3,12.082608562423259,8858.126621940217,1.5860290188967574,1,0,0,0.0,0.0,0.0,0.0,1.0,0.0,0.0,0.0,100.0
16,0,0.0,491.2814023818318,0.36439055099670437,1,1,0,1.0,0.0,0.0,0.0,0.0,0.0,0.0,0.0,80.26668610630372
11,2,20.862214457679173,7650.776709353525,12.367125693667532,0,0,0,1.0,0.0,0.0,0.0,0.0,0.0,0.0,0.0,59.933536545723214
8,5,0.0,3808.4008696124533,13.743732049239522,0,0,2,0.0,0.0,0.0,0.0,0.0,0.0,1.0,0.0,52.578733083249375
14,5,9.34216935134634,7460.702961322302,3.1151197253865996,0,0,0,0.0,1.0,0.0,0.0,0.0,0.0,0.0,0.0,51.10591660328007
17,3,0.0,4196.928492622292,8.089473957513919,0,0,2,0.0,0.0,0.0,0.0,0.0,0.0,0.0,1.0,42.76888205139176
20,4,25.939773416696752,987.8068466188648,4.169372356964774,0,0,2,0.0,0.0,1.0,0.0,0.0,0.0,0.0,0.0,86.21745033051735
12,4,0.0,7744.814945335032,7.403661580082733,0,0,1,0.0,0.0,0.0,0.0,1.0,0.0,0.0,0.0,37.14905145453483
20,6,17.16440633359201,991.1510476172402,6.549469813412403,1,0,1,0.0,0.0,0.0,0.0,0.0,0.0,0.0,0.0,47.24218736251844
7,5,17.08298049284564,9244.568228823815,4.035765826207285,0,0,0,0.0,1.0,0.0,0.0,0.0,0.0,0.0,0.0,49.996274000507825
13,0,0.0,794.4481471791153,10.505903694529465,0,0,0,0.0,0.0,1.0,0.0,0.0,0.0,0.0,0.0,47.57001605003994
7,2,0.0,4949.4551943837,1.8973643898038133,0,0,2,0.0,0.0,0.0,1.0,0.0,0.0,0.0,0.0,30.352042196586595
13,5,0.0,7313.433979252718,0.7960917325705069,0,0,1,0.0,0.0,0.0,0.0,0.0,0.0,0.0,0.0,3.470239260858267
6,1,3.81168796073023,4114.490708482766,11.515131495559187,0,0,0,0.0,0.0,1.0,0.0,0.0,0.0,0.0,0.0,59.85561361606314
22,2,0.0,2407.1647035466167,9.988950468310197,0,0,0,0.0,0.0,0.0,1.0,0.0,0.0,0.0,0.0,41.083183547710995
11,6,0.0,7663.182325541462,7.477891862195969,1,0,2,0.0,0.0,1.0,0.0,0.0,0.0,0.0,0.0,41.36066191812064
10,4,0.0,7907.658636450647,7.016846557088123,0,0,1,0.0,0.0,0.0,0.0,0.0,1.0,0.0,0.0,61.45870908422127
21,5,0.0,9250.141344357362,7.461170692371393,0,0,0,0.0,0.0,0.0,0.0,0.0,0.0,1.0,0.0,5.072644215657899
21,3,14.256824010052206,3948.8015711814537,6.555361141480093,1,0,0,0.0,0.0,0.0,0.0,0.0,0.0,1.0,0.0,63.64847677148926
10,1,0.0,5210.64182462407,5.893384437467687,1,0,0,0.0,1.0,0.0,0.0,0.0,0.0,0.0,0.0,84.08586377004895
21,5,21.257373751949977,3822.345895606899,7.4953590432918045,1,0,0,0.0,0.0,0.0,1.0,0.0,0.0,0.0,0.0,59.88131510730845
12,6,18.70295380330083,2793.6936719582714,7.927727567396406,1,0,0,0.0,0.0,0.0,0.0,0.0,0.0,1.0,0.0,46.77405603267232
17,0,0.0,7585.019726914803,10.378534711254314,1,0,0,0.0,0.0,0.0,0.0,0.0,1.0,0.0,0.0,71.595645402986
1,1,21.42162991966372,3594.6228966644676,10.668107411010338,0,0,1,0.0,0.0,0.0,0.0,0.0,0.0,0.0,1.0,23.876783706614567
20,6,0.0,4453.049587325815,5.664436202102169,1,0,2,0.0,0.0,0.0,0.0,0.0,1.0,0.0,0.0,54.30666962178524
14,5,9.669999354014209,4215.63447895307,6.203107841152331,0,1,2,1.0,0.0,0.0,0.0,0.0,0.0,0.0,0.0,51.18426836938342
19,0,0.0,7212.813888773435,5.605457546043345,0,0,2,0.0,0.0,1.0,0.0,0.0,0.0,0.0,0.0,82.28851431348599
17,1,9.223865191005782,9202.617573273594,8.048036604385656,0,1,0,0.0,0.0,0.0,0.0,0.0,0.0,1.0,0.0,56.577358334563044
14,0,0.0,6767.53379468156,6.80030306871293,0,0,2,0.0,0.0,0.0,0.0,0.0,0.0,0.0,1.0,28.54717743685834
18,0,0.0,4874.351182114056,13.343946947042904,0,0,1,0.0,0.0,0.0,0.0,0.0,1.0,0.0,0.0,51.127980280794944
22,1,0.0,7858.289612967169,10.445419003747089,0,0,0,0.0,0.0,0.0,1.0,0.0,0.0,0.0,0.0,48.87600855523867
23,1,0.0,6517.421843984734,13.479845756316683,0,0,1,0.0,0.0,0.0,0.0,0.0,0.0,0.0,0.0,26.93310829511382
11,0,1.2834980474180357,887.9204640427909,10.637054873391383,1,0,0,0.0,0.0,0.0,0.0,0.0,0.0,0.0,1.0,26.8644432131712
12,6,0.0,1227.936788262764,14.564882227857211,1,1,0,0.0,0.0,0.0,0.0,1.0,0.0,0.0,0.0,50.161631063097445
21,4,3.4287385751056965,667.7943575142433,9.536051673829036,0,0,2,1.0,0.0,0.0,0.0,0.0,0.0,0.0,0.0,69.95966445499225
10,1,0.0,4731.118364201303,14.45325207244582,1,0,1,1.0,0.0,0.0,0.0,0.0,0.0,0.0,0.0,97.56687326478432
4,5,25.739856681820758,8310.778313087958,2.372548356141391,0,0,2,0.0,0.0,0.0,0.0,0.0,0.0,0.0,0.0,27.14582317849672
0,2,0.0,3336.906742708115,0.7871652124410577,1,0,0,0.0,0.0,1.0,0.0,0.0,0.0,0.0,0.0,42.676535893921866
23,3,0.0,4026.3537759970723,8.68687777805789,0,1,1,1.0,0.0,0.0,0.0,0.0,0.0,0.0,0.0,53.516860274177446
2,0,0.0,9121.92795116854,14.752398086996623,0,0,1,0.0,0.0,0.0,0.0,0.0,0.0,0.0,1.0,21.846911007630744
21,0,15.236826285938328,8417.963419571552,6.264078709535951,0,0,0,1.0,0.0,0.0,0.0,0.0,0.0,0.0,0.0,57.9997564356181
18,3,0.0,6750.966690110832,3.180650432894394,0,0,2,0.0,0.0,0.0,0.0,0.0,0.0,0.0,1.0,65.32172507697625
22,4,25.173648093184944,2887.9966862948377,7.82312173790271,0,0,0,0.0,0.0,0.0,0.0,0.0,0.0,0.0,0.0,44.38036872039757
6,3,27.29154935723328,1435.302382077902,9.731979368683328,0,0,1,0.0,0.0,0.0,0.0,0.0,1.0,0.0,0.0,56.58841028750345
11,1,0.0,455.770579997103,4.727680432738334,0,0,1,0.0,0.0,0.0,0.0,1.0,0.0,0.0,0.0,73.29018831373277
14,3,20.82824239307589,1338.0035242628826,10.721540377488893,0,0,1,0.0,0.0,0.0,0.0,1.0,0.0,0.0,0.0,48.73677170511588
4,0,0.0,3138.185503152245,14.626717605685887,0,0,0,1.0,0.0,0.0,0.0,0.0,0.0,0.0,0.0,44.94012100178386
14,3,0.0,5652.363616721108,13.454446825659254,1,0,1,0.0,0.0,0.0,0.0,0.0,0.0,0.0,0.0,13.72626722169118
7,2,7.460754284134054,920.8008026981528,4.373780602682929,0,0,1,0.0,0.0,0.0,0.0,0.0,0.0,1.0,0.0,53.38826644799972
9,5,12.951506550798333,1621.4094496889554,4.900855247168975,0,0,2,0.0,0.0,0.0,0.0,0.0,0.0,1.0,0.0,57.378293514222925
15,1,19.02151524920158,2056.4828123870284,5.573118366743829,0,0,2,1.0,0.0,0.0,0.0,0.0,0.0,0.0,0.0,41.58272618075661
7,3,0.0,6430.22630193807,5.91829167590468,1,0,1,0.0,0.0,1.0,0.0,0.0,0.0,0.0,0.0,22.4475928611298
0,0,0.0,6273.161050107207,1.5047924878991914,0,0,2,0.0,0.0,1.0,0.0,0.0,0.0,0.0,0.0,28.196062311855144
11,6,0.0,5642.427545809884,11.42944258333934,1,0,0,1.0,0.0,0.0,0.0,0.0,0.0,0.0,0.0,44.393078338783084
4,5,0.6647860663356464,2729.863819550614,5.480088954160507,0,0,2,0.0,0.0,0.0,0.0,0.0,0.0,0.0,1.0,13.719606504561284
2,1,0.0,3899.8610048217006,13.197299650581783,0,0,2,0.0,0.0,1.0,0.0,0.0,0.0,0.0,0.0,44.208037363446145
0,0,3.3106516967362642,1237.8902484761074,13.904109346801631,0,0,2,0.0,0.0,1.0,0.0,0.0,0.0,0.0,0.0,33.55306270961344
3,4,0.0,2496.667856453132,0.36646963961532164,0,0,2,0.0,0.0,1.0,0.0,0.0,0.0,0.0,0.0,41.74714044074316
7,2,0.0,9007.74069678403,14.827546048923093,0,0,0,0.0,0.0,0.0,1.0,0.0,0.0,0.0,0.0,52.072861549033355
2,4,0.0,9803.009940427535,10.650340972502768,0,0,2,0.0,0.0,0.0,0.0,0.0,0.0,1.0,0.0,33.84823344771814
9,2,0.0,6582.297980710859,7.805883389894435,0,0,1,0.0,0.0,1.0,0.0,0.0,0.0,0.0,0.0,61.28207097691814
1,3,0.0,9193.185932627175,5.842914125588299,1,0,2,0.0,1.0,0.0,0.0,0.0,0.0,0.0,0.0,45.68019935200816
10,1,16.366876325032738,6534.596433893824,7.777771989145694,0,0,2,0.0,0.0,0.0,0.0,0.0,0.0,0.0,0.0,67.26102444084644
9,3,25.73872366192525,622.0059152230579,4.869370859676667,0,0,1,1.0,0.0,0.0,0.0,0.0,0.0,0.0,0.0,91.60023639916292
20,2,0.0,9968.597074368168,9.340317205448224,0,0,0,0.0,0.0,1.0,0.0,0.0,0.0,0.0,0.0,77.61544255436226
13,2,0.0,1259.8373263593885,1.3947041466718684,0,0,1,0.0,0.0,0.0,0.0,0.0,0.0,0.0,1.0,24.819397040767736
6,2,0.0,6921.625474017089,9.316839043677152,0,0,1,0.0,0.0,0.0,0.0,0.0,0.0,0.0,0.0,11.690574667968406
1,5,21.445679226012274,2752.5111698254636,4.130172752076662,1,0,1,0.0,0.0,0.0,0.0,1.0,0.0,0.0,0.0,93.44258170796316
8,0,0.0,4102.216795197513,0.2645224357851955,1,1,1,0.0,0.0,0.0,0.0,1.0,0.0,0.0,0.0,100.0
15,1,19.996153658930666,6565.561592569101,8.290586492443165,0,0,2,0.0,1.0,0.0,0.0,0.0,0.0,0.0,0.0,64.32263322180779
12,3,0.0,4533.927288284758,8.676716337790445,1,0,2,0.0,0.0,0.0,0.0,0.0,0.0,0.0,1.0,36.758705309837396
8,3,0.0,2730.296771631944,6.398535070673041,0,0,2,0.0,1.0,0.0,0.0,0.0,0.0,0.0,0.0,71.2957690506466
19,4,17.3680967822101,3544.1280127197497,1.0842934882547528,0,0,2,0.0,0.0,0.0,0.0,0.0,0.0,0.0,0.0,62.56463676777254
3,2,0.0,3613.0167341548104,13.400144292062873,0,0,0,1.0,0.0,0.0,0.0,0.0,0.0,0.0,0.0,60.88584122730937
21,6,0.0,9605.441873729673,9.171462108418334,0,0,2,0.0,0.0,1.0,0.0,0.0,0.0,0.0,0.0,31.620223965389158
9,2,0.0,8046.546254457475,1.7356994935345438,0,0,2,0.0,0.0,1.0,0.0,0.0,0.0,0.0,0.0,71.55729223077076
21,2,0.0,4747.923083350181,7.663958648912215,0,1,0,1.0,0.0,0.0,0.0,0.0,0.0,0.0,0.0,32.40326433755317
11,6,0.0,2238.262927311232,7.458814739227072,0,0,1,0.0,0.0,0.0,0.0,1.0,0.0,0.0,0.0,32.70402772965748
16,3,5.486813169875977,8166.856269547763,0.9060280318939046,1,0,2,0.0,0.0,0.0,0.0,1.0,0.0,0.0,0.0,100.0
13,4,14.107469569799285,1824.669974601223,9.102895554044213,0,0,2,0.0,1.0,0.0,0.0,0.0,0.0,0.0,0.0,41.99189872093784
13,0,0.0,2341.483506277433,12.124895983823466,1,0,1,0.0,0.0,0.0,0.0,0.0,0.0,0.0,0.0,43.20382545415325
1,6,6.751211971325981,3850.329900849466,11.235120813727173,0,1,2,0.0,0.0,0.0,0.0,0.0,0.0,0.0,1.0,41.16936262230673
20,5,0.0,8839.377499764303,3.0445412124627502,0,0,1,0.0,0.0,1.0,0.0,0.0,0.0,0.0,0.0,41.422553776383324
19,1,0.0,1578.3306857508696,12.93438794331317,1,0,1,0.0,0.0,0.0,0.0,0.0,0.0,0.0,1.0,60.38830089930538
10,6,0.0,1485.671670688903,5.138132484890264,0,0,1,0.0,0.0,0.0,1.0,0.0,0.0,0.0,0.0,48.21739110569028
15,0,0.0,5091.55738656108,14.19762567437912,0,0,2,0.0,0.0,0.0,0.0,0.0,1.0,0.0,0.0,37.2904449153998
18,3,0.0,2981.1822486086444,1.0762194633857058,0,0,1,0.0,1.0,0.0,0.0,0.0,0.0,0.0,0.0,66.51743441144232
22,5,11.20392650378166,5816.66103398715,7.29313032779764,0,0,2,0.0,1.0,0.0,0.0,0.0,0.0,0.0,0.0,49.5330286768425
5,5,0.0,4680.875841427268,8.956865657663238,0,0,0,0.0,0.0,0.0,0.0,0.0,0.0,1.0,0.0,36.08210082229737
23,5,0.0,4519.103331606803,3.714751477119071,0,0,1,0.0,0.0,0.0,0.0,0.0,0.0,0.0,0.0,17.091804493414006
18,2,0.0,1386.1378137238348,11.570702830803416,1,0,2,0.0,0.0,0.0,0.0,0.0,0.0,1.0,0.0,83.45466455497629
4,1,21.779063379850417,1668.1819954234495,9.403435197160755,0,0,1,0.0,0.0,0.0,0.0,0.0,0.0,1.0,0.0,48.8588526924322
3,3,1.5523643900730344,8264.462201234446,0.2716415593193333,0,0,2,0.0,1.0,0.0,0.0,0.0,0.0,0.0,0.0,51.724511545671234
14,3,0.0,8893.06255444592,9.125528860443538,0,0,2,0.0,0.0,0.0,0.0,0.0,0.0,0.0,0.0,38.39822294104529
3,5,0.0,2576.4302689869273,7.372173516276696,0,0,0,0.0,0.0,0.0,0.0,0.0,0.0,0.0,1.0,6.360679555533263
19,3,0.0,1400.5668647902598,2.9404380255526155,0,0,1,0.0,0.0,1.0,0.0,0.0,0.0,0.0,0.0,68.37626570992158
9,1,0.0,818.1417177647529,14.936223405892944,0,0,2,0.0,0.0,0.0,0.0,0.0,1.0,0.0,0.0,49.7169185565607
23,1,0.0,6200.486853296399,13.457432922414224,0,1,0,0.0,0.0,0.0,0.0,0.0,0.0,0.0,1.0,50.03767166607152
21,4,0.0,7238.926161251994,4.3876154254359525,1,0,2,0.0,1.0,0.0,0.0,0.0,0.0,0.0,0.0,35.022282524230214
2,6,0.0,3916.2568952710935,8.116063811979245,0,0,2,0.0,0.0,0.0,1.0,0.0,0.0,0.0,0.0,15.456552919909289
4,6,0.0,6892.855914659204,4.747532098654361,1,0,0,0.0,1.0,0.0,0.0,0.0,0.0,0.0,0.0,64.14666360379518
5,4,0.0,7215.700510927403,11.63243627454117,0,0,1,0.0,0.0,0.0,1.0,0.0,0.0,0.0,0.0,26.043227454997346
20,0,6.647802913183421,9372.820129549982,13.954971497946826,0,0,0,1.0,0.0,0.0,0.0,0.0,0.0,0.0,0.0,79.83003754196696
21,6,22.698683642698356,929.2742870005403,5.3824291037157534,0,0,1,0.0,0.0,1.0,0.0,0.0,0.0,0.0,0.0,59.54517728932043
7,1,0.0,2165.229715341474,12.083763737154412,1,0,2,1.0,0.0,0.0,0.0,0.0,0.0,0.0,0.0,58.669169197769904
6,1,0.0,964.7020796907849,7.476113140698073,0,0,2,0.0,1.0,0.0,0.0,0.0,0.0,0.0,0.0,29.447263410665112
20,6,0.0,8719.541153360273,5.9486784196736595,1,0,0,0.0,0.0,0.0,1.0,0.0,0.0,0.0,0.0,61.72564748413927
9,1,0.0,7988.095452325615,14.076327781481547,1,0,0,0.0,0.0,0.0,0.0,0.0,0.0,0.0,1.0,72.65391043920842
5,4,23.69736005108536,5874.028085031839,7.656070330785472,1,1,0,0.0,1.0,0.0,0.0,0.0,0.0,0.0,0.0,90.87549011860068
13,5,0.0,1111.5350774964768,7.011157503861973,0,0,2,0.0,0.0,0.0,0.0,1.0,0.0,0.0,0.0,15.246171810523244
3,5,8.714448168268309,2951.1298789410803,10.086516029435145,1,0,1,0.0,0.0,1.0,0.0,0.0,0.0,0.0,0.0,35.25074809189245
12,3,10.19143631508253,3187.8825261676143,3.918513015274266,1,0,0,0.0,0.0,1.0,0.0,0.0,0.0,0.0,0.0,51.329561910672034
19,5,0.0,5739.209001349546,4.8718930618247365,0,0,1,0.0,0.0,0.0,1.0,0.0,0.0,0.0,0.0,41.95421192711353
16,2,0.0,2803.0257721561397,13.980687543579341,1,0,0,0.0,0.0,0.0,0.0,0.0,1.0,0.0,0.0,27.082525810435815
22,4,0.0,1007.7106799556619,10.177947681554135,1,0,0,0.0,0.0,1.0,0.0,0.0,0.0,0.0,0.0,49.01675494942382
6,1,0.0,7388.394327977004,12.399557216565084,0,0,0,0.0,0.0,0.0,0.0,0.0,0.0,1.0,0.0,30.415961045761982
3,6,0.0,3201.07805305749,4.066676429031444,0,0,0,0.0,0.0,0.0,0.0,0.0,0.0,0.0,1.0,11.57171641808981
13,5,0.0,4688.029517126016,8.15685284894808,0,0,2,0.0,0.0,0.0,0.0,0.0,0.0,0.0,1.0,5.937786243203716
2,4,27.585918867384976,1538.3663593283618,14.570944004842474,0,1,2,0.0,0.0,0.0,0.0,0.0,0.0,0.0,1.0,66.27006449215705
23,5,0.0,8084.718542927422,4.780558485423264,0,1,0,1.0,0.0,0.0,0.0,0.0,0.0,0.0,0.0,28.90261366447391
4,0,0.0,5785.659206163358,2.407147144755628,0,0,2,0.0,1.0,0.0,0.0,0.0,0.0,0.0,0.0,48.05393344969447
15,1,17.660669230080483,9045.380574235669,7.66329012336996,0,0,2,0.0,0.0,0.0,1.0,0.0,0.0,0.0,0.0,52.15497171586823
22,0,23.351868430596348,5106.0741617337335,5.817316330873143,0,0,2,0.0,0.0,0.0,0.0,0.0,0.0,0.0,0.0,54.60895530742857
19,1,0.0,9431.829016633434,2.393658491800703,1,0,2,0.0,0.0,1.0,0.0,0.0,0.0,0.0,0.0,82.80468845478124
3,4,5.1797220329276925,8951.121582498861,13.32827074055052,0,0,1,0.0,0.0,0.0,1.0,0.0,0.0,0.0,0.0,35.95340836230473
23,3,0.0,5891.660607654569,14.860858658306668,1,0,1,0.0,0.0,0.0,0.0,0.0,0.0,0.0,1.0,13.772650331855967
23,5,0.0,9358.766350053675,8.528732710349967,0,1,2,0.0,0.0,0.0,0.0,0.0,0.0,1.0,0.0,36.78185971618227
1,5,0.0,3433.9608487571572,11.62015152560181,1,0,1,0.0,0.0,0.0,0.0,0.0,0.0,0.0,0.0,13.372338014915
17,2,0.0,3846.72897823085,12.885575543194493,1,0,0,0.0,1.0,0.0,0.0,0.0,0.0,0.0,0.0,86.96977122680977
18,6,29.461202627729463,741.1361276685583,10.514730090327404,0,0,1,0.0,1.0,0.0,0.0,0.0,0.0,0.0,0.0,88.34066754742327
18,0,1.8910095749928468,6015.248795609375,0.6623407366759682,0,0,0,0.0,0.0,0.0,0.0,1.0,0.0,0.0,0.0,85.66056063861063
16,5,27.090032554544887,7302.662508310654,2.3645134757522666,0,0,1,0.0,0.0,1.0,0.0,0.0,0.0,0.0,0.0,50.06321875216308
13,4,0.0,7803.1361453484005,1.064837867270797,1,0,1,0.0,0.0,1.0,0.0,0.0,0.0,0.0,0.0,44.5001314445402
18,3,0.0,1753.217974647202,0.1481940996308484,1,0,0,0.0,0.0,0.0,0.0,0.0,0.0,0.0,0.0,60.97912246212138
21,6,0.0,4608.343001431253,4.589946131358548,0,0,0,0.0,0.0,1.0,0.0,0.0,0.0,0.0,0.0,17.997713615808227
23,4,0.0,2015.5731573109817,5.885339407223396,0,0,2,0.0,0.0,0.0,0.0,0.0,0.0,0.0,0.0,7.8267428623256805
12,0,26.679141714846555,6722.635283886214,3.615445985038886,0,0,1,0.0,0.0,0.0,1.0,0.0,0.0,0.0,0.0,43.222977314376344
11,2,26.42245731222568,1832.0798124911507,0.9690697212948141,0,0,0,0.0,1.0,0.0,0.0,0.0,0.0,0.0,0.0,74.98969375045623
5,5,0.0,9070.387734373928,7.947946362550164,1,0,2,0.0,0.0,0.0,1.0,0.0,0.0,0.0,0.0,28.27456750516188
20,4,0.0,2537.1560629157093,4.099789799357125,0,1,0,0.0,1.0,0.0,0.0,0.0,0.0,0.0,0.0,64.92287164618809
3,6,0.0,3126.601982995975,11.940557322953435,1,1,2,0.0,0.0,0.0,1.0,0.0,0.0,0.0,0.0,16.314252686493887
18,1,0.0,8553.791324864696,0.12078932437921797,1,0,2,0.0,0.0,1.0,0.0,0.0,0.0,0.0,0.0,77.23755877281828
15,3,0.0,4747.135818413521,12.637905769314154,1,0,0,0.0,0.0,0.0,0.0,0.0,0.0,0.0,1.0,33.84260319315383
12,6,0.0,532.7606742607084,14.321305184189354,0,0,0,0.0,0.0,0.0,0.0,1.0,0.0,0.0,0.0,32.04178877388874
3,4,0.0,5097.486636665664,10.742025947303544,0,0,1,1.0,0.0,0.0,0.0,0.0,0.0,0.0,0.0,66.42238946660945
22,3,0.0,1120.0703531871936,11.004660978938498,0,0,1,0.0,0.0,0.0,0.0,0.0,0.0,0.0,0.0,18.992858596032594
16,5,0.0,9857.843771266913,14.003434674040998,1,0,2,0.0,0.0,0.0,0.0,0.0,0.0,0.0,0.0,33.140253454960956
22,1,0.0,6004.682233419343,3.1360692795052367,0,0,0,0.0,0.0,0.0,0.0,0.0,0.0,0.0,0.0,20.637122479810802
0,2,28.153861593740064,2788.366390826491,14.91848352312865,0,0,1,0.0,0.0,0.0,0.0,0.0,0.0,0.0,1.0,47.418677465862494
17,6,0.0,5768.061491611892,11.602218050678129,1,0,2,0.0,0.0,0.0,1.0,0.0,0.0,0.0,0.0,63.39619833254122
19,2,3.9058337961110015,1045.6109028030219,10.898560624916906,0,0,1,0.0,0.0,1.0,0.0,0.0,0.0,0.0,0.0,77.11556824777314
16,1,0.0,8058.9456514075255,5.416358684929391,0,0,2,0.0,0.0,0.0,1.0,0.0,0.0,0.0,0.0,42.60321313318738
14,3,0.0,9275.682122482389,8.186662281084159,0,0,1,0.0,0.0,0.0,0.0,0.0,0.0,0.0,1.0,14.714112281820384
10,5,0.0,8782.110565599747,9.808766824100205,0,0,0,0.0,1.0,0.0,0.0,0.0,0.0,0.0,0.0,60.97769731127681
21,4,0.0,3615.048742296059,9.30514291975824,0,1,2,0.0,1.0,0.0,0.0,0.0,0.0,0.0,0.0,55.04101502989282
12,1,29.607411426546367,3459.9507605406743,10.57476957716371,0,0,2,1.0,0.0,0.0,0.0,0.0,0.0,0.0,0.0,61.455791653046504
0,0,0.0,640.3498287981099,1.2357260861761592,1,0,1,0.0,0.0,0.0,0.0,0.0,0.0,1.0,0.0,32.66016482831643
16,3,9.957188546924902,6618.583479398892,5.334726492475451,1,0,1,0.0,0.0,0.0,0.0,0.0,1.0,0.0,0.0,31.291429759425615
5,2,18.732747815531773,5488.576406641011,6.510000248932157,0,1,1,1.0,0.0,0.0,0.0,0.0,0.0,0.0,0.0,64.01276160255723
3,6,0.0,4755.659801875211,3.9094394681244973,1,1,0,0.0,0.0,1.0,0.0,0.0,0.0,0.0,0.0,55.40761574419551
19,1,0.0,9104.020247346658,2.5894090540383563,0,0,1,0.0,0.0,0.0,0.0,0.0,1.0,0.0,0.0,42.93213915244279
15,2,24.093724985371157,1928.4253405036093,2.083912198692942,0,1,1,0.0,0.0,0.0,0.0,0.0,0.0,0.0,0.0,29.94862592416337
14,3,0.0,393.7627868947686,5.4957508838487765,1,0,0,0.0,0.0,0.0,0.0,0.0,0.0,0.0,0.0,33.71793321575884
14,2,19.047427059361926,1011.1695855714247,7.401625508438488,0,0,1,0.0,0.0,0.0,0.0,0.0,0.0,1.0,0.0,42.29119994352621
5,1,0.0,2466.7029469254785,0.9446466021999106,0,0,0,0.0,0.0,0.0,0.0,1.0,0.0,0.0,0.0,48.08568548737599
14,3,0.0,622.8698278555323,14.196871418858242,0,0,0,1.0,0.0,0.0,0.0,0.0,0.0,0.0,0.0,41.23351109035301
13,0,0.0,5177.583993238414,11.478649842911375,0,0,1,0.0,0.0,0.0,0.0,0.0,0.0,0.0,0.0,15.774414091539228
10,1,0.0,3346.677415765707,10.962776597781998,0,1,0,0.0,1.0,0.0,0.0,0.0,0.0,0.0,0.0,85.68139428793104
6,4,0.004732337341701864,2050.685178260887,2.592907874830904,1,0,1,0.0,0.0,1.0,0.0,0.0,0.0,0.0,0.0,53.33045524849904
8,5,0.0,7575.8155270020225,9.057011520182835,0,0,0,0.0,0.0,0.0,1.0,0.0,0.0,0.0,0.0,69.41037406619441
15,1,3.332916265379715,2283.1778644555416,7.945874202130011,1,0,2,0.0,1.0,0.0,0.0,0.0,0.0,0.0,0.0,51.393264710480565
4,3,0.0,6969.769479639795,14.737032686800408,0,0,1,0.0,0.0,0.0,1.0,0.0,0.0,0.0,0.0,23.259701064222327
19,6,0.0,3687.8695867220977,11.215076551202369,0,0,2,0.0,0.0,0.0,0.0,0.0,1.0,0.0,0.0,49.17137350007024
9,5,0.0,5264.729278426779,8.636428255743468,0,0,2,0.0,0.0,0.0,0.0,0.0,0.0,0.0,1.0,40.67115010592582
17,1,0.0,9358.510286557803,12.762189997051832,0,0,2,0.0,0.0,0.0,1.0,0.0,0.0,0.0,0.0,54.555454218199706
2,0,0.0,662.3108577133844,2.3264140629106422,1,0,2,0.0,0.0,1.0,0.0,0.0,0.0,0.0,0.0,72.20647701028311
12,6,0.0,5152.56572253138,0.22824794536465798,0,0,1,0.0,0.0,0.0,0.0,0.0,0.0,0.0,1.0,8.558659993852864
10,0,3.7181758279331834,8587.902715177897,10.353500001217848,0,0,0,0.0,0.0,0.0,0.0,0.0,0.0,1.0,0.0,55.42737556376196
16,4,0.0,6003.35020919238,1.474671903558562,0,0,1,0.0,0.0,0.0,1.0,0.0,0.0,0.0,0.0,36.812754368389754
21,6,0.0,2985.6440145620195,1.731504599752638,0,0,1,0.0,0.0,0.0,0.0,0.0,0.0,0.0,1.0,20.736183160616665
12,2,8.874400882540792,4157.507010906833,11.170210896367958,0,0,0,0.0,0.0,0.0,0.0,0.0,0.0,0.0,1.0,23.74699833787463
5,6,2.0108423711256815,6898.576598667173,4.0580226620098365,0,0,2,0.0,0.0,0.0,0.0,0.0,0.0,0.0,0.0,12.240940913056711
16,5,0.0,8940.87537484389,9.429468233533393,0,0,0,0.0,0.0,0.0,0.0,1.0,0.0,0.0,0.0,10.506678846396643
12,6,0.0,698.3438253421325,13.761103891391226,0,0,2,0.0,0.0,0.0,1.0,0.0,0.0,0.0,0.0,28.417253737828645
18,3,3.648544704589481,993.9265723366512,4.747117974567875,1,1,1,0.0,0.0,0.0,0.0,1.0,0.0,0.0,0.0,100.0
20,3,0.0,3452.999779012999,3.257162367598782,0,0,0,0.0,1.0,0.0,0.0,0.0,0.0,0.0,0.0,68.03284581607804
18,2,0.0,2557.962939043546,1.5984432561157758,1,0,0,0.0,1.0,0.0,0.0,0.0,0.0,0.0,0.0,73.05665640050714
9,6,0.0,2869.8295963573382,1.9569354212958916,0,0,2,0.0,0.0,0.0,1.0,0.0,0.0,0.0,0.0,54.55814603303737
2,0,12.523682132812246,2446.318986671045,0.9333404306826409,0,1,0,0.0,0.0,0.0,0.0,0.0,1.0,0.0,0.0,42.11776426009516
13,0,0.0,2199.5029738950298,1.3146356824461018,0,0,1,0.0,0.0,1.0,0.0,0.0,0.0,0.0,0.0,47.94909366300914
18,1,22.689953594404773,1567.0524786321303,6.480068832137309,0,0,0,0.0,0.0,0.0,0.0,1.0,0.0,0.0,0.0,85.03286858474729
4,4,0.0,9359.355078413808,4.812975675359546,0,0,0,0.0,0.0,0.0,1.0,0.0,0.0,0.0,0.0,54.517836712676996
4,5,14.336319169591729,1698.6377998896846,10.59841221484497,0,0,1,1.0,0.0,0.0,0.0,0.0,0.0,0.0,0.0,36.52546203981987
19,4,0.0,2282.716615225701,13.053624873705028,0,0,2,0.0,0.0,0.0,0.0,0.0,0.0,0.0,0.0,45.04655189610389
16,6,0.0,2688.7775226136214,11.771598047135765,1,1,0,0.0,0.0,0.0,0.0,1.0,0.0,0.0,0.0,51.803849381502616
20,4,27.79671345425514,9350.24426936508,7.959558849984783,1,0,2,0.0,0.0,0.0,1.0,0.0,0.0,0.0,0.0,70.98216598563374
9,1,0.0,7630.427095930522,1.5366317434898014,1,0,0,0.0,0.0,0.0,0.0,0.0,0.0,0.0,1.0,61.24079322259465
4,4,0.0,7960.0844740604925,10.646509259123302,0,0,1,0.0,0.0,0.0,0.0,0.0,1.0,0.0,0.0,34.617129993158656
3,2,0.0,1316.155117523431,5.442430870903103,0,0,2,0.0,0.0,0.0,0.0,0.0,0.0,0.0,0.0,16.92447330472619
5,1,0.0,8412.205787652016,1.2847559087311526,0,0,0,0.0,0.0,0.0,0.0,1.0,0.0,0.0,0.0,64.53032025058623
3,2,0.0,4259.472893628954,12.636996108189384,0,0,2,0.0,0.0,0.0,0.0,0.0,1.0,0.0,0.0,38.0373478647726
6,6,26.221696894169366,2849.3833542601706,5.073247757737583,0,0,0,0.0,1.0,0.0,0.0,0.0,0.0,0.0,0.0,50.054774858700185
6,1,0.0,5884.775810147013,3.2737324876735703,0,0,1,0.0,0.0,0.0,0.0,0.0,0.0,0.0,1.0,21.90551599310291
17,6,0.0,8275.174186422319,13.071780969282647,0,0,1,1.0,0.0,0.0,0.0,0.0,0.0,0.0,0.0,55.70835556383
2,6,0.0,7852.9258654266205,13.532008026705075,1,0,0,0.0,0.0,0.0,0.0,0.0,0.0,0.0,0.0,15.049486929845965
0,4,24.690849263872934,8932.97558103698,5.084562557873397,1,0,0,0.0,0.0,0.0,0.0,0.0,0.0,0.0,1.0,55.647138403507235
23,2,6.928210776622013,9302.882204349806,5.322021289220602,0,0,2,0.0,0.0,0.0,0.0,0.0,1.0,0.0,0.0,35.56124260123477
3,6,0.0,2609.7840928491705,8.69442791374716,0,1,0,0.0,0.0,0.0,0.0,0.0,0.0,0.0,0.0,10.80537344341323
5,2,0.0,4411.421573441935,11.001622407159871,1,0,2,0.0,0.0,1.0,0.0,0.0,0.0,0.0,0.0,39.770927952828075
8,2,8.88073654561831,441.8968302891791,0.9472380286029519,0,1,0,0.0,1.0,0.0,0.0,0.0,0.0,0.0,0.0,76.8357355097474
21,1,0.0,8829.420094871082,8.900154857827076,0,0,1,0.0,0.0,0.0,0.0,0.0,1.0,0.0,0.0,33.55360596713489
13,3,0.12381464023811684,1799.3498693052452,14.292300926753724,0,0,2,0.0,0.0,0.0,1.0,0.0,0.0,0.0,0.0,28.51401634989258
11,4,0.6307442165880661,8656.305679724135,3.9314084576993054,0,0,2,0.0,0.0,0.0,0.0,0.0,0.0,0.0,1.0,17.255809582276424
19,6,13.976139260891053,3495.0570232699847,13.632408211454006,0,1,1,0.0,1.0,0.0,0.0,0.0,0.0,0.0,0.0,65.38070383255872
23,2,0.0,3870.8958228170404,14.252525111446404,1,0,2,0.0,0.0,0.0,0.0,1.0,0.0,0.0,0.0,53.20994019367519
3,5,20.69523850307893,679.5828684934359,4.037304614566346,0,0,1,1.0,0.0,0.0,0.0,0.0,0.0,0.0,0.0,69.85610695301054
20,3,16.96692976703863,3470.7242607236,11.313027988280258,0,0,1,0.0,1.0,0.0,0.0,0.0,0.0,0.0,0.0,88.87711158689004
23,6,0.0,8917.127723172262,3.5816251247934,0,0,1,0.0,0.0,1.0,0.0,0.0,0.0,0.0,0.0,29.66983504802589
11,5,0.0,547.8097908795602,11.06416742598199,1,1,0,0.0,0.0,0.0,0.0,1.0,0.0,0.0,0.0,46.89967283459286
9,4,0.0,4241.376488553236,11.96129956933239,0,0,1,0.0,0.0,0.0,0.0,0.0,0.0,0.0,0.0,55.578271530683736
21,4,0.0,604.576409183589,3.7080855556597414,0,0,2,0.0,0.0,0.0,0.0,1.0,0.0,0.0,0.0,55.43307114879378
6,2,0.0,3897.95722355793,10.738043153748524,0,1,0,0.0,0.0,1.0,0.0,0.0,0.0,0.0,0.0,42.164749886088465
2,2,0.0,1974.6142155688244,12.181568082961348,0,0,1,0.0,0.0,0.0,0.0,0.0,0.0,1.0,0.0,28.19565753461992
22,6,0.0,2746.5184147032087,5.378683081603676,0,0,1,0.0,0.0,0.0,0.0,0.0,0.0,0.0,1.0,13.093963408369316
13,1,0.0,8812.704219665764,2.515541639845904,0,0,1,0.0,0.0,0.0,0.0,0.0,0.0,1.0,0.0,13.668094065797295
23,3,0.0,4529.677440032343,1.3794685097627035,1,0,2,0.0,0.0,0.0,0.0,0.0,0.0,1.0,0.0,35.96398464729283
9,6,3.8681191625945157,2955.840516598548,8.630725554149128,1,0,0,1.0,0.0,0.0,0.0,0.0,0.0,0.0,0.0,67.08694732646136
15,3,7.188294960846159,6016.582266120314,14.671471789735698,0,0,0,1.0,0.0,0.0,0.0,0.0,0.0,0.0,0.0,57.48850639804088
15,2,0.0,1678.437510376049,12.344254800333243,0,0,0,0.0,0.0,0.0,0.0,1.0,0.0,0.0,0.0,22.315926415762995
21,4,0.0,2816.098591982302,6.537594584018292,0,0,2,0.0,0.0,0.0,1.0,0.0,0.0,0.0,0.0,27.586837359781928
9,2,0.0,5598.605285748019,8.049313542824379,1,1,1,0.0,0.0,0.0,0.0,1.0,0.0,0.0,0.0,100.0
12,4,10.022316522535418,2603.9735059262675,4.192918281177284,0,0,0,0.0,0.0,0.0,0.0,0.0,0.0,0.0,1.0,24.846753116618856
5,6,8.17339323326495,6887.539052788471,2.4459880104009537,1,0,1,0.0,0.0,0.0,0.0,0.0,1.0,0.0,0.0,33.016823873769226
11,4,16.474670723707174,5067.465631917368,7.231217373484099,0,0,2,0.0,0.0,0.0,1.0,0.0,0.0,0.0,0.0,44.934845656090076
8,2,0.0,7788.293981470501,6.952523492507778,1,0,0,0.0,0.0,0.0,0.0,0.0,1.0,0.0,0.0,56.88177211246583
12,0,29.801183644805246,9497.971996507946,7.828949292056403,1,0,2,0.0,0.0,0.0,0.0,0.0,0.0,1.0,0.0,76.5934112553028
3,3,0.0,1423.307426669855,14.292068783459111,1,0,0,0.0,0.0,0.0,0.0,0.0,0.0,0.0,0.0,39.804756720600075
23,5,1.478759970714133,3546.250596850085,9.058429502171583,0,0,0,0.0,0.0,0.0,0.0,0.0,1.0,0.0,0.0,30.778837399964587
10,4,0.0,3399.6259099205436,9.086577549335606,0,0,1,0.0,0.0,1.0,0.0,0.0,0.0,0.0,0.0,57.36926871061422
19,4,24.966773505117168,1766.4743175713663,1.9203714429161516,0,0,2,0.0,0.0,0.0,1.0,0.0,0.0,0.0,0.0,69.3507725746049
17,0,0.0,8159.9404321346665,14.947332992652306,0,0,0,1.0,0.0,0.0,0.0,0.0,0.0,0.0,0.0,58.78516066272738
10,6,20.35390647231482,7670.823429176263,11.592674163520028,0,0,0,0.0,0.0,0.0,1.0,0.0,0.0,0.0,0.0,74.82950955979219
20,6,28.62047412357561,4998.92706709367,13.158050161410072,0,0,2,0.0,0.0,0.0,0.0,0.0,0.0,0.0,1.0,59.1187957026387
3,6,0.0,5516.376544607713,6.214506177464911,0,0,1,0.0,0.0,0.0,0.0,0.0,0.0,0.0,0.0,16.235584113543247
17,5,0.0,877.5781386242136,7.531921436784374,0,0,2,0.0,1.0,0.0,0.0,0.0,0.0,0.0,0.0,76.55513314735862
0,1,29.03436410974569,5688.421317572343,7.8312571374341475,0,0,0,0.0,0.0,1.0,0.0,0.0,0.0,0.0,0.0,49.92951327453551
6,0,0.0,7976.012782990473,2.9114180893440778,0,0,2,0.0,0.0,0.0,0.0,0.0,0.0,0.0,1.0,26.107656308911846
5,5,0.0,5866.127463763414,10.342337344904358,0,0,1,1.0,0.0,0.0,0.0,0.0,0.0,0.0,0.0,38.19274860179556
14,0,0.0,2873.4717901680633,13.54465085426185,0,0,1,0.0,0.0,0.0,0.0,0.0,1.0,0.0,0.0,28.788939458115305
17,4,0.0,6775.218241643071,2.455587272076285,1,0,1,0.0,0.0,0.0,0.0,0.0,0.0,0.0,1.0,75.01710114653635
23,3,0.0,3806.4377706629025,1.2947741022924675,0,0,1,0.0,0.0,1.0,0.0,0.0,0.0,0.0,0.0,40.765713656741674
10,0,0.0,5585.2708575716315,11.073283583105132,0,0,1,0.0,0.0,0.0,1.0,0.0,0.0,0.0,0.0,59.39800916941701
19,1,0.0,5029.38402380557,4.098027475094731,0,0,1,0.0,0.0,1.0,0.0,0.0,0.0,0.0,0.0,68.7919370207909
23,2,0.0,3997.3975093622466,9.35793812425994,0,0,1,0.0,0.0,0.0,0.0,0.0,1.0,0.0,0.0,31.744628583558402
14,5,22.553968335561258,7273.11640982311,10.43637506988271,0,1,0,0.0,0.0,0.0,0.0,0.0,0.0,1.0,0.0,36.906511651502825
15,0,2.849599349319364,8873.598286263054,4.828661453727327,1,0,2,0.0,0.0,0.0,0.0,0.0,0.0,1.0,0.0,62.703851348852865
6,0,9.622932420651006,350.561429226172,12.227168961386766,0,0,1,0.0,1.0,0.0,0.0,0.0,0.0,0.0,0.0,65.41505714558208
20,1,0.0,9356.080236534563,8.249834731713253,0,0,2,1.0,0.0,0.0,0.0,0.0,0.0,0.0,0.0,79.2490195860401
9,3,18.6778138968807,5261.696820007282,13.034991119277041,0,1,2,0.0,0.0,0.0,0.0,1.0,0.0,0.0,0.0,67.21274790535038
11,0,0.0,7097.099239523672,11.449403288384213,0,0,0,0.0,0.0,0.0,0.0,0.0,0.0,0.0,0.0,3.107208662103883
23,0,0.0,8599.558291906009,13.028634480561808,1,0,2,0.0,0.0,0.0,0.0,0.0,0.0,0.0,1.0,19.995266815521614
13,3,13.426267063988227,4830.905815448418,0.30242073176841133,0,1,2,0.0,0.0,0.0,0.0,0.0,1.0,0.0,0.0,41.65280649592588
4,1,27.510651356416695,8399.248511639435,3.6525939110789207,1,0,1,0.0,0.0,0.0,0.0,0.0,0.0,1.0,0.0,57.84425425525614
20,5,14.036097409017948,2022.9122487154616,1.3501191066890794,0,0,1,0.0,0.0,0.0,0.0,0.0,1.0,0.0,0.0,59.45311189563713
17,5,8.251207768222,1843.9250844542003,6.631245257840238,1,1,2,0.0,0.0,0.0,1.0,0.0,0.0,0.0,0.0,53.1835753030767
4,0,0.0,6677.47227790469,13.349401824229773,0,0,1,0.0,0.0,0.0,1.0,0.0,0.0,0.0,0.0,30.135229524453077
2,3,0.0,8740.38715385185,7.013103934003038,0,0,0,0.0,0.0,0.0,0.0,0.0,1.0,0.0,0.0,16.340128981761723
22,0,15.964724549545068,8956.533922099581,12.745695668705912,1,0,2,0.0,0.0,0.0,0.0,0.0,1.0,0.0,0.0,59.35086938968736
4,6,0.0,6544.282446259292,4.907673570289768,0,0,2,1.0,0.0,0.0,0.0,0.0,0.0,0.0,0.0,43.607906673866616
23,2,0.0,5397.245533030379,5.093551092078786,0,0,0,1.0,0.0,0.0,0.0,0.0,0.0,0.0,0.0,53.98133541286084
16,5,17.678152837112602,3514.512950656207,13.433425954903164,0,0,0,0.0,0.0,0.0,0.0,0.0,1.0,0.0,0.0,33.4171326809692
18,6,8.270576907081008,9806.004031313514,6.387257197675523,0,0,0,0.0,0.0,0.0,1.0,0.0,0.0,0.0,0.0,61.039564429424985
18,4,0.0,3401.0481606626295,11.846482316919996,0,0,0,1.0,0.0,0.0,0.0,0.0,0.0,0.0,0.0,87.62364500044652
20,2,23.24164867828025,7518.605240146454,3.54965321822852,0,0,2,0.0,0.0,0.0,0.0,0.0,0.0,0.0,0.0,76.92525308975733
11,0,28.403735168448616,5460.223459078507,14.232012445164532,0,0,1,0.0,0.0,0.0,0.0,0.0,0.0,0.0,1.0,44.42853609005079
8,1,3.01321253585898,6202.569722495863,8.618673697958567,0,0,1,0.0,0.0,0.0,0.0,0.0,0.0,1.0,0.0,57.83975421431299
0,5,0.0,4116.761340709674,11.389853528676028,0,0,1,1.0,0.0,0.0,0.0,0.0,0.0,0.0,0.0,26.172375692622772
17,4,0.0,9658.784317080803,1.3427354969232823,0,0,1,1.0,0.0,0.0,0.0,0.0,0.0,0.0,0.0,76.801277547712
20,2,0.0,5845.318563162929,7.3899633874579305,1,0,0,0.0,1.0,0.0,0.0,0.0,0.0,0.0,0.0,77.58251059310969
3,5,0.0,9396.540015450262,13.515577466010349,0,1,1,0.0,0.0,1.0,0.0,0.0,0.0,0.0,0.0,26.16300572390035
9,3,0.0,373.636736886967,13.155579435649567,1,0,1,0.0,0.0,0.0,0.0,0.0,0.0,0.0,1.0,84.28723688797245
6,1,0.0,5854.904656953873,0.7022093585134132,0,0,2,0.0,0.0,0.0,0.0,1.0,0.0,0.0,0.0,50.428623070529646
21,2,0.0,7256.712830335133,4.5554770369342,0,0,2,0.0,1.0,0.0,0.0,0.0,0.0,0.0,0.0,60.350739378047955
22,3,28.157665745318894,7527.277660273515,6.649800097186201,0,0,1,0.0,0.0,0.0,0.0,0.0,0.0,1.0,0.0,46.86357764216944
0,6,0.0,9078.275753282309,2.583972215336823,0,0,0,0.0,0.0,0.0,0.0,1.0,0.0,0.0,0.0,26.73379817345327
16,0,19.62918964602168,342.6956073367269,10.949974664849556,0,0,1,0.0,0.0,0.0,0.0,0.0,0.0,1.0,0.0,58.58486304191744
23,3,2.400977092978099,303.20254481692143,2.7676799339806735,0,0,0,1.0,0.0,0.0,0.0,0.0,0.0,0.0,0.0,68.71102792262172
1,2,0.0,4880.955569713588,5.199595415548293,0,0,2,0.0,0.0,0.0,0.0,0.0,0.0,1.0,0.0,36.09293149410633
10,2,23.210380394377523,584.1489385520954,9.949209552867273,1,0,0,0.0,0.0,0.0,1.0,0.0,0.0,0.0,0.0,100.0
8,6,0.0,9752.965770525034,7.231340167867199,1,0,1,0.0,0.0,1.0,0.0,0.0,0.0,0.0,0.0,63.34019827009035
6,0,0.0,2454.032193051502,11.078565579523406,0,0,2,0.0,1.0,0.0,0.0,0.0,0.0,0.0,0.0,40.99107053283328
21,3,12.862542250240628,4884.847874838993,14.418118518342895,0,0,1,0.0,0.0,0.0,0.0,0.0,0.0,0.0,1.0,25.37365682068618
16,3,0.0,893.0350111185691,1.7482003157279624,0,1,1,0.0,0.0,0.0,0.0,0.0,1.0,0.0,0.0,33.17505780654051
16,0,13.468663124347126,5363.869636861207,10.643515745970914,0,0,0,0.0,0.0,0.0,0.0,0.0,1.0,0.0,0.0,49.229015410300626
1,3,0.0,3985.5744139298627,3.455162334481718,0,0,1,0.0,0.0,0.0,0.0,1.0,0.0,0.0,0.0,50.89948575037044
5,5,28.7950314419663,733.2022801090704,6.217150911113539,0,0,1,0.0,0.0,0.0,0.0,0.0,0.0,0.0,1.0,34.249592463828215
13,0,0.0,3550.70538695338,0.49294088692709737,1,0,2,0.0,1.0,0.0,0.0,0.0,0.0,0.0,0.0,55.401208234550595
5,1,26.577710112504096,4096.9293961616995,2.0386107343904842,0,0,0,0.0,0.0,0.0,0.0,0.0,0.0,0.0,0.0,51.71053664560929
1,2,0.0,9902.238465366918,4.796659335733495,0,1,0,0.0,0.0,0.0,0.0,0.0,1.0,0.0,0.0,28.367810079342586
0,1,6.320411919826885,2316.492957617942,5.129787079319774,1,1,2,0.0,0.0,0.0,0.0,0.0,0.0,0.0,1.0,42.196183609485786
9,5,18.72871202349809,5584.3622690899665,13.493778246931436,0,0,2,0.0,0.0,0.0,0.0,1.0,0.0,0.0,0.0,55.758083479839534
20,6,0.0,9876.960827226698,11.127193638997726,0,0,0,1.0,0.0,0.0,0.0,0.0,0.0,0.0,0.0,69.71682721345958
4,5,25.10132161750385,7982.586317019311,14.582744522805616,1,0,2,0.0,0.0,0.0,0.0,0.0,0.0,1.0,0.0,62.3253186843983
1,4,0.0,9935.664758556262,8.986072655028607,0,1,0,0.0,0.0,0.0,0.0,0.0,0.0,0.0,1.0,45.57780712986128
21,4,2.1244410415729353,9692.493652203642,3.6257059813697694,0,0,2,0.0,0.0,0.0,0.0,0.0,0.0,1.0,0.0,38.02827714739148
15,4,0.0,5048.533558313296,4.914825448824643,0,0,0,0.0,0.0,0.0,0.0,0.0,0.0,0.0,1.0,18.329917228807666
1,0,17.307664157989304,7054.845743744488,4.797538849379507,0,1,0,0.0,0.0,0.0,0.0,0.0,0.0,0.0,0.0,25.979954110222263
9,3,25.64750875679313,1371.2983313291656,4.897414914948774,1,0,2,0.0,1.0,0.0,0.0,0.0,0.0,0.0,0.0,100.0
1,5,0.0,4579.143602953978,10.094462596677236,0,0,1,0.0,1.0,0.0,0.0,0.0,0.0,0.0,0.0,39.922043680555774
15,1,0.0,8147.4798599869655,7.962118921356243,0,1,1,0.0,0.0,0.0,0.0,0.0,0.0,0.0,1.0,34.79558232188813
15,6,0.0,5201.752613478291,5.781362671299664,0,0,2,0.0,1.0,0.0,0.0,0.0,0.0,0.0,0.0,31.07497361123238
18,1,22.47346737077612,7116.180618327149,2.236346530930749,1,0,0,0.0,0.0,0.0,0.0,0.0,0.0,0.0,0.0,67.07476753262029
6,1,0.0,7533.7879008474865,0.3320874441321886,0,0,2,0.0,1.0,0.0,0.0,0.0,0.0,0.0,0.0,57.48635902309749
21,1,0.0,2758.650670056071,3.2825201638153887,0,0,1,1.0,0.0,0.0,0.0,0.0,0.0,0.0,0.0,48.22320359033836
11,6,9.27806636376569,8794.283917542885,1.612071059530219,1,1,0,0.0,0.0,0.0,0.0,0.0,0.0,0.0,1.0,51.35466319399272
23,4,0.0,4760.277579819036,11.781675462783591,1,1,0,0.0,0.0,0.0,0.0,0.0,0.0,0.0,0.0,39.17083687745844
14,1,10.160388133710928,2338.7955051289746,1.6874693672082808,0,0,0,1.0,0.0,0.0,0.0,0.0,0.0,0.0,0.0,50.51492954705305
7,6,0.0,8694.534053347905,10.863423559602543,0,0,1,0.0,0.0,0.0,0.0,0.0,0.0,0.0,0.0,16.071826972194142
5,6,0.0,4352.842419230661,5.7848803466412395,0,0,1,0.0,0.0,0.0,0.0,0.0,0.0,0.0,1.0,14.254833844803722
9,3,26.30543322462336,7578.030652283282,1.1006758461566397,0,0,0,0.0,0.0,0.0,0.0,0.0,1.0,0.0,0.0,86.24541170863867
2,6,0.0,5615.920800549451,12.190950741473786,0,0,0,0.0,0.0,0.0,0.0,0.0,0.0,0.0,0.0,3.6614563687213515
18,4,0.0,4004.155996674654,8.6944585535492,0,0,1,0.0,0.0,0.0,0.0,1.0,0.0,0.0,0.0,63.52903423089209
16,1,25.532756466964337,8155.801225874123,3.536422692953596,0,0,1,0.0,0.0,0.0,1.0,0.0,0.0,0.0,0.0,55.07513583288074
6,6,0.0,5969.358336952746,13.420217614990019,0,0,0,0.0,0.0,0.0,1.0,0.0,0.0,0.0,0.0,29.52364507641028
20,0,6.205231144306838,4088.4523935422076,0.6788747080582719,1,1,2,0.0,0.0,1.0,0.0,0.0,0.0,0.0,0.0,81.96363465088504
19,6,18.705234298686662,1363.0993422507322,3.0272941229664436,0,0,2,0.0,1.0,0.0,0.0,0.0,0.0,0.0,0.0,73.83862981189186
3,2,0.0,8985.819543537067,11.280703917087916,0,0,2,0.0,0.0,0.0,0.0,0.0,0.0,1.0,0.0,43.750482565698334
13,2,0.0,644.0549778141656,10.640668954648337,1,0,1,0.0,0.0,0.0,0.0,0.0,1.0,0.0,0.0,65.83523230170178
19,2,13.598992159396285,8672.917279170146,4.33907540586717,0,0,2,0.0,0.0,0.0,1.0,0.0,0.0,0.0,0.0,78.49441116600266
21,6,0.0,3791.626791366608,0.9303731302917467,0,0,2,0.0,0.0,0.0,0.0,0.0,0.0,0.0,1.0,26.50500539923693
14,4,0.0,6501.586005963637,12.871171083374158,0,0,1,0.0,0.0,0.0,0.0,0.0,1.0,0.0,0.0,0.0
23,1,11.880730389070385,9245.337321206147,4.705464571048539,0,0,2,1.0,0.0,0.0,0.0,0.0,0.0,0.0,0.0,60.56607915049231
7,5,0.0,1771.5541703878146,2.9357012239239784,0,0,0,0.0,0.0,0.0,0.0,0.0,1.0,0.0,0.0,20.511671983169954
20,5,24.25380868431445,5799.419613696458,7.740927335414656,0,0,1,0.0,0.0,0.0,0.0,0.0,1.0,0.0,0.0,70.80867230313822
14,5,0.0,7714.998764990863,13.65340798923671,0,0,0,0.0,0.0,1.0,0.0,0.0,0.0,0.0,0.0,18.473224366877332
21,4,0.0,7648.563177374856,0.6531986676506302,0,0,2,0.0,0.0,0.0,0.0,0.0,0.0,1.0,0.0,40.80221253419639
19,3,0.0,5398.629571615189,11.487061320463315,0,0,0,0.0,0.0,1.0,0.0,0.0,0.0,0.0,0.0,48.31732047515716
13,0,19.51096681486337,6359.972761092643,8.587098419080634,0,0,1,0.0,0.0,0.0,0.0,0.0,1.0,0.0,0.0,53.82830132143191
8,0,22.709842784689666,7648.011843088592,6.3817367482772545,0,0,2,0.0,0.0,1.0,0.0,0.0,0.0,0.0,0.0,69.98090123644745
7,2,22.485798264237292,8457.968086246894,11.1612066615759,0,0,1,0.0,0.0,0.0,0.0,0.0,0.0,1.0,0.0,62.78769393830373
16,2,0.0,7689.587039695878,14.487366366624485,1,0,2,0.0,1.0,0.0,0.0,0.0,0.0,0.0,0.0,65.2780409759756
1,6,0.0,3733.8479488580538,3.4380931674403654,0,0,1,1.0,0.0,0.0,0.0,0.0,0.0,0.0,0.0,37.32996429766963
23,5,0.0,9968.24609026001,2.154710476081794,0,0,1,0.0,0.0,0.0,0.0,1.0,0.0,0.0,0.0,47.761026495746336
2,6,0.0,4514.676129077253,13.693226178340456,0,0,0,0.0,0.0,0.0,0.0,0.0,1.0,0.0,0.0,19.974419852425047
7,5,0.0,537.3076167616541,10.034296161859556,0,0,1,0.0,0.0,0.0,0.0,0.0,1.0,0.0,0.0,17.424446563948532
11,2,28.5690415380332,3817.3844303789815,6.56979032342949,1,0,1,0.0,0.0,0.0,0.0,1.0,0.0,0.0,0.0,98.37895977393481
0,1,0.0,1539.4946593662796,8.598893553964245,1,0,0,0.0,0.0,0.0,0.0,0.0,0.0,1.0,0.0,53.39766230335774
9,3,17.36101943076727,1477.9933725652375,11.18420857764366,0,0,2,0.0,0.0,0.0,0.0,1.0,0.0,0.0,0.0,66.48450154435977
19,6,0.0,3030.889889036875,11.595478480585758,1,0,2,0.0,0.0,0.0,0.0,1.0,0.0,0.0,0.0,77.0256110069455
2,3,27.91686081106718,817.7422935194302,13.798412712284469,0,0,1,0.0,1.0,0.0,0.0,0.0,0.0,0.0,0.0,61.62888245092538
5,3,0.0,6978.568227572762,6.40264183343434,1,0,0,1.0,0.0,0.0,0.0,0.0,0.0,0.0,0.0,68.81399843494371
6,3,0.0,1017.6921767584793,4.4011636502909255,0,0,2,0.0,0.0,0.0,0.0,0.0,1.0,0.0,0.0,30.08135686694508
19,2,0.0,2271.9086877287746,9.594964001847629,0,0,0,0.0,0.0,0.0,0.0,1.0,0.0,0.0,0.0,59.294078081951
22,0,0.0,1201.1272305929579,6.235918489192955,1,0,1,0.0,0.0,0.0,0.0,0.0,0.0,0.0,0.0,28.50411328358673
17,2,0.0,912.7269897594014,8.91897680923467,0,0,0,1.0,0.0,0.0,0.0,0.0,0.0,0.0,0.0,88.97886290347637
10,3,0.0,2897.1911557335543,6.299786976839253,1,0,1,1.0,0.0,0.0,0.0,0.0,0.0,0.0,0.0,95.0545600040277
18,2,0.0,5847.419986305588,2.2949368001726174,0,0,2,0.0,0.0,0.0,0.0,0.0,0.0,0.0,0.0,36.341960563213604
4,3,4.472870360143018,9657.449897534365,7.041401274884376,0,1,2,0.0,1.0,0.0,0.0,0.0,0.0,0.0,0.0,42.83311424756264
18,4,28.73457971439777,8792.89954719118,10.363767329115491,0,0,2,0.0,0.0,0.0,1.0,0.0,0.0,0.0,0.0,74.42438655017175
10,5,12.129372936592764,8796.55907681965,11.989257115014748,0,0,2,0.0,0.0,1.0,0.0,0.0,0.0,0.0,0.0,68.67293647520532
23,0,0.0,2007.8502495652788,7.399894151948202,0,0,0,1.0,0.0,0.0,0.0,0.0,0.0,0.0,0.0,40.70662387844445
11,4,5.680686830419952,2869.599776928855,2.478568353156014,0,0,0,0.0,0.0,0.0,0.0,0.0,0.0,1.0,0.0,42.33905984396548
9,1,0.0,1041.0151729144654,6.220315644741474,0,0,0,0.0,0.0,0.0,0.0,0.0,0.0,0.0,1.0,57.11316735053234
7,2,0.0,7851.142897177295,11.794408932625474,1,0,1,0.0,0.0,0.0,0.0,0.0,0.0,1.0,0.0,37.197714318722525
23,1,0.0,977.2181244099509,6.192889059256093,0,1,2,0.0,0.0,0.0,0.0,0.0,1.0,0.0,0.0,46.223310858526126
8,6,0.0,5699.948006962277,10.447961904063336,1,0,2,1.0,0.0,0.0,0.0,0.0,0.0,0.0,0.0,70.87078606875055
3,2,0.0,2704.393051542322,7.608205225171346,0,0,2,0.0,0.0,0.0,0.0,1.0,0.0,0.0,0.0,41.32345635006032
4,5,0.0,2661.422650078824,3.6183468766409503,0,0,0,0.0,0.0,1.0,0.0,0.0,0.0,0.0,0.0,13.291565978691544
20,4,0.0,9910.03303590177,11.942257620346114,0,0,0,0.0,0.0,0.0,1.0,0.0,0.0,0.0,0.0,67.4658541642223
7,5,2.2299261706074045,7640.764127691813,1.2632018110603056,1,0,2,0.0,0.0,0.0,0.0,0.0,0.0,0.0,1.0,18.711856783602197
22,6,8.667429474114353,8418.311775423186,7.873354241327259,0,0,1,0.0,0.0,0.0,0.0,0.0,0.0,0.0,1.0,18.511140922271796
8,3,18.82317023046453,5848.232047836923,3.133365513651074,0,0,0,0.0,0.0,1.0,0.0,0.0,0.0,0.0,0.0,74.1617999057386
14,5,16.985579529521257,8748.838587719367,1.0059844281206347,1,1,2,0.0,0.0,0.0,0.0,0.0,0.0,1.0,0.0,41.34021943482529
14,5,0.0,6561.258229913623,7.544009056248733,0,0,2,0.0,0.0,0.0,1.0,0.0,0.0,0.0,0.0,25.06913487924098
15,3,16.47753814133683,9477.88493652455,7.493432339023854,1,0,2,0.0,0.0,0.0,0.0,0.0,0.0,0.0,1.0,27.40279476561767
13,2,8.19086387027578,3028.984284642677,10.603513525135813,0,0,1,1.0,0.0,0.0,0.0,0.0,0.0,0.0,0.0,41.66997275871573
7,3,0.0,6074.599594094082,11.171260395778573,0,0,2,0.0,0.0,1.0,0.0,0.0,0.0,0.0,0.0,36.067823381328495
17,4,0.0,6994.274074987854,10.916872330393451,0,1,0,0.0,1.0,0.0,0.0,0.0,0.0,0.0,0.0,69.02346312633672
9,5,25.47212624710476,4111.491858769725,6.143380993751325,0,0,1,0.0,0.0,0.0,0.0,0.0,1.0,0.0,0.0,58.73895132771343
19,3,0.0,8833.167429319315,9.475346808398438,1,0,1,1.0,0.0,0.0,0.0,0.0,0.0,0.0,0.0,90.60725741329675
5,6,5.595330375121793,9804.090682110298,8.654178639659404,1,0,2,0.0,1.0,0.0,0.0,0.0,0.0,0.0,0.0,53.32551927013987
11,6,0.0,5089.564066314817,6.323426341753794,0,0,0,0.0,0.0,0.0,0.0,0.0,0.0,0.0,1.0,22.830446698255713
1,5,0.0,4089.214351602089,8.958190412789898,1,0,0,0.0,0.0,0.0,0.0,0.0,0.0,1.0,0.0,42.703166363558296
6,4,0.0,4877.797906997649,14.208718150593938,0,0,2,1.0,0.0,0.0,0.0,0.0,0.0,0.0,0.0,39.40491878083173
15,1,0.0,8571.546433599737,2.89340615522066,0,0,2,0.0,0.0,0.0,0.0,1.0,0.0,0.0,0.0,46.11360561988321
2,4,12.205923226178994,6561.043727526226,13.586581436782895,0,0,0,0.0,1.0,0.0,0.0,0.0,0.0,0.0,0.0,47.74734041917388
12,0,7.859266928355526,734.2920134255222,0.8018327097479755,0,0,1,0.0,0.0,0.0,0.0,1.0,0.0,0.0,0.0,77.55143127770467
2,0,0.0,5559.048131323434,4.62583819352491,0,0,1,0.0,0.0,0.0,1.0,0.0,0.0,0.0,0.0,24.93857237348008
17,0,0.0,467.81119058740717,4.322178729172924,0,0,2,0.0,0.0,1.0,0.0,0.0,0.0,0.0,0.0,78.10021407820989
10,5,9.053376694088294,7851.793098733033,9.395476618213586,0,0,2,0.0,0.0,0.0,0.0,0.0,1.0,0.0,0.0,40.92293641983599
7,6,25.42694388835484,3484.629053361898,1.9683742766593548,1,0,0,0.0,0.0,0.0,0.0,0.0,1.0,0.0,0.0,41.820984669700906
5,2,0.0,4878.4725765380945,13.235214177596307,1,0,0,0.0,0.0,1.0,0.0,0.0,0.0,0.0,0.0,39.39004409276472
0,6,0.0,8047.1776273040305,12.42827112697562,0,0,0,0.0,1.0,0.0,0.0,0.0,0.0,0.0,0.0,40.467299217243664
0,2,12.79658562724919,750.5535276718871,9.780987295279166,0,0,0,0.0,0.0,1.0,0.0,0.0,0.0,0.0,0.0,45.252705997399936
22,2,5.578603361730799,1837.8528952386212,6.876207476882966,0,0,2,1.0,0.0,0.0,0.0,0.0,0.0,0.0,0.0,68.74000781424641
7,6,0.0,4160.215651517614,13.994340632131175,1,0,2,0.0,0.0,1.0,0.0,0.0,0.0,0.0,0.0,38.069302976597235
4,5,0.0,2530.2740863919375,12.46119832080834,0,0,0,0.0,0.0,1.0,0.0,0.0,0.0,0.0,0.0,24.174202685943204
15,4,8.025355720615998,3577.643830018112,7.489727221218673,0,0,2,0.0,0.0,0.0,1.0,0.0,0.0,0.0,0.0,39.15070898184402
10,2,24.60178097238761,9982.294957556911,10.528100316814669,1,1,2,0.0,0.0,0.0,0.0,0.0,0.0,0.0,0.0,69.80634772850597
4,1,0.0,8306.520044465964,8.503949282695269,0,0,0,1.0,0.0,0.0,0.0,0.0,0.0,0.0,0.0,41.50128449456524
3,6,0.0,8873.847605113053,8.819133575823969,0,0,1,0.0,0.0,0.0,0.0,0.0,0.0,1.0,0.0,30.586230622376217
5,6,14.191053752511008,9389.429945588021,4.964641041562069,0,0,1,0.0,0.0,0.0,0.0,0.0,0.0,1.0,0.0,47.30425754138203
13,0,0.0,3607.0780390476975,6.931269069373451,0,1,0,0.0,0.0,0.0,0.0,0.0,0.0,1.0,0.0,38.04790992107146
21,4,0.0,3181.646490625785,1.171821461846163,1,0,1,0.0,0.0,0.0,1.0,0.0,0.0,0.0,0.0,24.2028558733255
18,0,0.0,2570.4061779491267,5.3602303749688875,0,0,2,0.0,0.0,0.0,0.0,0.0,0.0,1.0,0.0,53.47078563439339
8,6,0.0,8352.13403968879,10.43742773043228,0,0,1,0.0,0.0,0.0,0.0,0.0,0.0,0.0,1.0,52.23230120193767
11,6,13.615597670551569,6891.653064166294,14.298240457592794,0,0,0,0.0,0.0,1.0,0.0,0.0,0.0,0.0,0.0,47.24735943210821
10,2,0.0,2590.8682300839096,14.445961691445305,0,0,0,0.0,0.0,1.0,0.0,0.0,0.0,0.0,0.0,55.97991919238112
13,4,29.218217507197714,3956.8401433414124,8.335843036873374,0,0,1,0.0,0.0,0.0,0.0,0.0,1.0,0.0,0.0,44.29268337358312
22,3,0.0,5215.104110148143,9.09933377714373,0,0,1,0.0,0.0,0.0,1.0,0.0,0.0,0.0,0.0,31.499430042803393
15,1,0.0,5422.95855555541,2.7858177825145125,0,0,2,0.0,0.0,0.0,0.0,0.0,0.0,0.0,0.0,18.84875455786199
0,2,0.0,8920.658966951632,10.42962162140296,0,0,1,0.0,0.0,0.0,0.0,0.0,0.0,1.0,0.0,51.712075740701664
12,6,29.672233964211138,3991.4914895879983,1.0598818901157936,0,0,1,0.0,0.0,1.0,0.0,0.0,0.0,0.0,0.0,44.14724210005424
22,2,20.10791060482775,9112.683095854969,4.270285286991668,0,0,1,0.0,0.0,0.0,0.0,0.0,0.0,1.0,0.0,55.88099797001916
20,1,0.0,4581.26533510196,10.025450209281633,1,0,2,1.0,0.0,0.0,0.0,0.0,0.0,0.0,0.0,92.85427798737106
20,6,18.401712841908147,7539.814945485832,4.6546519731523395,0,0,1,0.0,0.0,1.0,0.0,0.0,0.0,0.0,0.0,56.443568513748914
12,1,8.175935071206204,9323.466903855044,0.7477031117168148,1,0,2,1.0,0.0,0.0,0.0,0.0,0.0,0.0,0.0,44.87406953276348
1,3,8.225215725343999,9103.484328443683,12.478056140264457,0,0,2,0.0,0.0,0.0,1.0,0.0,0.0,0.0,0.0,33.50255251247435
3,2,0.0,852.4428127681073,4.654950107018446,1,1,0,0.0,0.0,0.0,0.0,0.0,0.0,1.0,0.0,49.558148245587006
5,5,3.421508931161963,2295.3316612727276,0.9465783728801763,0,0,0,0.0,0.0,0.0,0.0,0.0,1.0,0.0,0.0,35.455827311699586
22,2,0.0,4925.982627663068,1.1218224675429778,0,0,2,0.0,0.0,0.0,1.0,0.0,0.0,0.0,0.0,23.73896641718102
4,0,0.0,4486.076612545141,3.7763819818313045,0,0,2,0.0,0.0,0.0,0.0,0.0,1.0,0.0,0.0,33.79679301990271
2,4,18.239135027944876,6516.649148920908,2.6702392083228936,0,0,2,0.0,0.0,0.0,1.0,0.0,0.0,0.0,0.0,42.26959272934023
0,4,0.0,9463.677793006498,11.614501766702263,1,0,0,0.0,0.0,0.0,0.0,0.0,1.0,0.0,0.0,52.58287961965331
3,0,0.0,1390.3256993961036,4.825260700005517,0,0,2,0.0,0.0,1.0,0.0,0.0,0.0,0.0,0.0,39.68000906855712
19,6,0.0,4683.029051802132,12.070436775597488,0,0,0,0.0,0.0,1.0,0.0,0.0,0.0,0.0,0.0,51.48111369556883
1,4,28.82566730354339,2166.3870675052513,2.6076899673472917,1,0,0,0.0,0.0,1.0,0.0,0.0,0.0,0.0,0.0,73.63605995407016
4,1,20.105564022336225,8972.84370446009,7.393187693161257,0,0,2,0.0,0.0,0.0,0.0,0.0,0.0,1.0,0.0,52.62715097519416
2,4,0.0,9656.427802276032,10.320557003296932,0,0,2,0.0,0.0,0.0,0.0,0.0,0.0,0.0,0.0,31.170960330487897
8,4,14.213500869234668,4943.4063143363965,9.779862807987824,0,0,2,0.0,0.0,0.0,1.0,0.0,0.0,0.0,0.0,66.41141753899569
19,0,0.0,1308.8998879629653,9.01694114895403,0,0,0,1.0,0.0,0.0,0.0,0.0,0.0,0.0,0.0,78.44245641575375
5,6,0.0,7917.35826720993,13.872324028967547,1,1,1,0.0,0.0,1.0,0.0,0.0,0.0,0.0,0.0,20.121059465920638
17,3,0.44730792464423685,7062.271099776271,3.4278772156011654,0,0,2,0.0,0.0,0.0,1.0,0.0,0.0,0.0,0.0,46.114905498175546
5,4,0.0,3740.3070181200114,7.4057880669315805,0,0,1,0.0,0.0,0.0,0.0,0.0,0.0,1.0,0.0,31.988505504283243
18,5,0.0,8907.852497498945,13.259888251086132,0,1,1,1.0,0.0,0.0,0.0,0.0,0.0,0.0,0.0,65.83003386306761
11,4,0.0,9765.56933089226,1.1684064839273556,0,0,1,1.0,0.0,0.0,0.0,0.0,0.0,0.0,0.0,43.90664414782084
10,3,14.623214212793652,5711.182336562895,0.8383240237961287,0,0,1,1.0,0.0,0.0,0.0,0.0,0.0,0.0,0.0,88.96683709750509
1,0,0.0,5787.560740039636,3.499534313374371,0,0,1,0.0,0.0,0.0,0.0,0.0,0.0,1.0,0.0,30.81353946700755
14,3,20.201747373474923,3185.880999603645,9.495318293070277,0,0,0,0.0,1.0,0.0,0.0,0.0,0.0,0.0,0.0,74.74778506725396
11,0,17.884141850896043,5969.708549038148,3.8981943967471033,1,0,0,0.0,0.0,0.0,1.0,0.0,0.0,0.0,0.0,69.18444583936576
11,1,0.0,4564.5305090910115,2.8535982571319845,0,0,0,1.0,0.0,0.0,0.0,0.0,0.0,0.0,0.0,53.446600866075116
8,0,0.40979650305876025,3231.2529612021035,6.882034730374381,0,0,1,0.0,0.0,0.0,0.0,1.0,0.0,0.0,0.0,65.2296881251385
20,1,0.0,951.6964062818428,9.203971031541172,0,0,0,0.0,0.0,0.0,0.0,1.0,0.0,0.0,0.0,60.67802373097051
23,1,0.0,2751.2662391785116,3.7283656052511063,1,0,2,1.0,0.0,0.0,0.0,0.0,0.0,0.0,0.0,65.24496890996514
1,0,4.619230534970518,2219.190101873345,4.510367800856131,0,0,1,0.0,0.0,1.0,0.0,0.0,0.0,0.0,0.0,44.79929485948689
21,5,11.304588184439124,5557.807250173305,9.203389572172709,1,0,2,1.0,0.0,0.0,0.0,0.0,0.0,0.0,0.0,53.84409648911265
2,2,0.0,6136.19921110686,14.18607632984179,1,0,1,0.0,0.0,1.0,0.0,0.0,0.0,0.0,0.0,51.21625927545561
11,0,0.0,6203.14572576836,10.121125911571324,1,0,1,0.0,0.0,0.0,0.0,0.0,1.0,0.0,0.0,34.478562662702444
15,4,0.0,4065.3557101430874,11.7435621537684,0,0,1,0.0,0.0,0.0,1.0,0.0,0.0,0.0,0.0,34.660992713789156
20,5,0.0,4385.9284167493115,5.502151421332032,0,0,1,0.0,0.0,1.0,0.0,0.0,0.0,0.0,0.0,64.18097696147625
23,5,0.0,8392.112767514209,4.083815390766991,0,0,2,0.0,1.0,0.0,0.0,0.0,0.0,0.0,0.0,42.93626013048893
0,4,0.0,4919.458291116475,6.814016148039338,1,0,1,0.0,0.0,0.0,0.0,1.0,0.0,0.0,0.0,57.998423961272735
20,2,22.596403162166318,9881.401321730087,12.106992430675106,1,1,1,1.0,0.0,0.0,0.0,0.0,0.0,0.0,0.0,82.61683390769305
2,5,0.0,4564.287131085989,6.844494626858337,1,0,0,0.0,0.0,1.0,0.0,0.0,0.0,0.0,0.0,57.67315812048397
19,1,0.0,6600.935162793038,12.700881131847915,0,0,1,0.0,0.0,0.0,0.0,0.0,0.0,1.0,0.0,64.19694812443278
1,2,10.951538326254163,788.5210902359393,14.831579710426906,0,0,1,1.0,0.0,0.0,0.0,0.0,0.0,0.0,0.0,66.00940678868253
8,6,26.382519307931883,6637.397266862465,1.080399985955045,0,0,1,0.0,0.0,0.0,0.0,0.0,0.0,0.0,1.0,54.305992940409766
18,4,0.0,8558.83602582556,0.6811523412555553,0,1,1,1.0,0.0,0.0,0.0,0.0,0.0,0.0,0.0,58.59970668927694
14,2,0.0,9441.841033772973,2.243845543700427,0,1,1,0.0,0.0,0.0,0.0,0.0,0.0,1.0,0.0,18.976207288521593
17,0,19.931262325546868,9974.009932905774,5.765545136015193,0,0,1,0.0,0.0,0.0,0.0,0.0,0.0,1.0,0.0,73.24670197070576
10,2,0.0,3037.1328627975613,1.9656331371814861,1,0,2,0.0,0.0,0.0,0.0,0.0,1.0,0.0,0.0,67.46908600614876
22,1,0.0,5881.089628809454,13.059967164281339,0,0,2,0.0,0.0,0.0,0.0,1.0,0.0,0.0,0.0,38.6552138488787
15,0,18.165878246738167,4671.964459661829,0.34719376540595703,1,0,1,0.0,0.0,0.0,0.0,0.0,0.0,0.0,0.0,43.77385147785439
21,3,0.0,5769.029561579158,4.736890745037337,1,0,2,1.0,0.0,0.0,0.0,0.0,0.0,0.0,0.0,66.4295100063579
16,4,0.0,1827.2936847415124,2.77041944241308,0,0,0,0.0,0.0,0.0,0.0,0.0,1.0,0.0,0.0,25.739023160284614
4,4,0.0,8604.650854180632,13.973089952362985,0,0,0,0.0,0.0,1.0,0.0,0.0,0.0,0.0,0.0,36.33760809935505
11,2,0.0,9122.8187504425,10.04221507335042,0,1,1,0.0,0.0,0.0,0.0,0.0,0.0,0.0,1.0,28.21347011181188
10,5,0.0,4661.7181321953485,13.680453846770618,0,1,1,0.0,1.0,0.0,0.0,0.0,0.0,0.0,0.0,50.17369949124013
14,0,12.402497255217263,3020.1696572636956,14.584930654655901,0,0,2,0.0,0.0,1.0,0.0,0.0,0.0,0.0,0.0,40.01697669300618
2,3,0.0,1666.0842482342196,7.456473655160538,0,0,0,0.0,1.0,0.0,0.0,0.0,0.0,0.0,0.0,42.09280886548454
0,0,0.0,6932.518800344703,3.5147866207203937,1,0,1,0.0,0.0,0.0,0.0,0.0,1.0,0.0,0.0,20.026892575563142
19,4,0.0,3328.6488443211315,2.9059317929488393,0,0,0,1.0,0.0,0.0,0.0,0.0,0.0,0.0,0.0,68.50981814239252
15,0,18.421308209176907,9122.52412815987,3.343782925287608,0,0,2,1.0,0.0,0.0,0.0,0.0,0.0,0.0,0.0,64.42374978584877
1,3,0.0,6808.821005995239,10.628899614330043,1,0,1,1.0,0.0,0.0,0.0,0.0,0.0,0.0,0.0,36.93108939669561
1,5,0.0,6563.147654190135,0.606685921845011,0,0,1,0.0,0.0,1.0,0.0,0.0,0.0,0.0,0.0,41.8576336682454
2,2,17.79813278963977,5726.200524212936,0.770416095490723,0,0,1,0.0,0.0,0.0,0.0,0.0,0.0,1.0,0.0,63.490581808468306
7,1,0.0,744.0304924586385,9.12214413574725,1,0,0,0.0,0.0,0.0,0.0,0.0,0.0,1.0,0.0,58.05964305156344
23,0,0.0,9339.647626150194,9.630857201061097,0,1,2,0.0,0.0,0.0,0.0,0.0,0.0,1.0,0.0,38.1350420161045
14,1,0.0,6390.9936850047625,9.9789438648369,0,0,0,0.0,0.0,0.0,0.0,0.0,0.0,1.0,0.0,37.608351517423806
6,4,0.0,9942.40123881617,5.578207568828868,1,0,0,0.0,0.0,0.0,0.0,0.0,1.0,0.0,0.0,41.101924561243564
5,2,0.0,5512.3571262970045,12.089173330712297,0,0,1,0.0,0.0,0.0,0.0,1.0,0.0,0.0,0.0,28.451159224786316
8,6,24.17054366630677,7188.075651490268,8.004368815899264,0,0,2,0.0,0.0,0.0,0.0,0.0,1.0,0.0,0.0,65.7924175612241
19,2,0.0,845.232711302355,1.5819844501412916,0,0,2,0.0,0.0,0.0,1.0,0.0,0.0,0.0,0.0,44.806564675698986
0,0,0.0,6427.840915187086,11.956489606010178,0,0,1,0.0,0.0,0.0,0.0,0.0,0.0,1.0,0.0,35.92927450822191
7,5,0.0,7717.101232426466,14.296016794056875,1,1,2,1.0,0.0,0.0,0.0,0.0,0.0,0.0,0.0,52.787050225345745
22,2,0.0,7851.588660069806,0.9005446950353801,1,0,1,0.0,0.0,0.0,1.0,0.0,0.0,0.0,0.0,39.24767162360109
22,0,0.0,7770.083026633769,5.870270080508699,0,0,1,0.0,0.0,0.0,0.0,0.0,1.0,0.0,0.0,39.18462404949097
2,0,3.913604615320825,2494.9414847485764,7.3127406725212145,1,0,2,0.0,0.0,0.0,0.0,0.0,0.0,0.0,1.0,47.86247668981157
3,1,0.0,9761.365232770691,2.197061401174754,1,0,2,0.0,0.0,0.0,0.0,0.0,0.0,0.0,0.0,18.95656747172459
14,2,2.0505514455169873,9953.266570061905,13.015634216743157,0,0,2,0.0,0.0,0.0,0.0,0.0,0.0,0.0,1.0,17.567116025715123
5,0,0.0,1033.2799890675324,4.2622446733506605,0,0,2,0.0,1.0,0.0,0.0,0.0,0.0,0.0,0.0,55.04669140380763
14,1,0.0,9383.530301274046,11.745128099072401,0,0,0,0.0,0.0,0.0,0.0,0.0,0.0,0.0,0.0,25.322072213973836
20,3,0.0,3107.6571847523824,10.06491723042474,0,0,1,0.0,0.0,0.0,0.0,0.0,1.0,0.0,0.0,50.41819722485832
2,6,0.0,6986.055592984359,8.970687337005351,0,0,1,0.0,1.0,0.0,0.0,0.0,0.0,0.0,0.0,33.2130867157156
20,1,0.0,3579.6759311404817,2.882142730448316,0,1,1,0.0,0.0,0.0,0.0,0.0,0.0,1.0,0.0,57.56832548838662
20,1,0.0,9687.216936719278,3.3105528082635853,0,0,1,1.0,0.0,0.0,0.0,0.0,0.0,0.0,0.0,77.16659479163746
13,0,15.270065506102146,1284.587425544294,0.7102260711985398,1,0,0,0.0,0.0,1.0,0.0,0.0,0.0,0.0,0.0,76.45113145604698
19,4,0.0,5128.1441244768475,3.6106864467339954,1,0,2,1.0,0.0,0.0,0.0,0.0,0.0,0.0,0.0,81.40236973691835
13,4,0.0,4452.063581838124,5.181654141907711,0,0,2,0.0,0.0,1.0,0.0,0.0,0.0,0.0,0.0,42.34112796208771
3,5,0.0,3462.4274870964537,12.49717955793638,1,0,2,0.0,0.0,0.0,0.0,0.0,0.0,0.0,0.0,14.457423137587188
11,4,0.0,6561.679711537442,5.4958900007220794,0,0,1,0.0,0.0,0.0,1.0,0.0,0.0,0.0,0.0,14.104398275306472
16,1,0.0,1571.2407111901746,11.319326741484096,0,0,0,0.0,1.0,0.0,0.0,0.0,0.0,0.0,0.0,65.03868869394759
6,5,0.0,7251.62545589686,6.591634219432313,0,0,0,0.0,0.0,0.0,0.0,0.0,0.0,0.0,1.0,16.675506567346726
8,0,0.0,9811.743600906437,11.773024679908326,1,0,2,0.0,0.0,1.0,0.0,0.0,0.0,0.0,0.0,89.1027538866491
2,2,9.850562214321545,8104.219530345712,14.644074006555599,1,0,1,0.0,0.0,0.0,0.0,1.0,0.0,0.0,0.0,37.06404711608208
12,6,2.258167230108116,8642.16250322259,3.597623370863702,1,0,2,0.0,0.0,0.0,0.0,0.0,0.0,0.0,1.0,38.668864658181654
14,6,0.0,3788.4764088363245,12.935124179458143,1,0,1,1.0,0.0,0.0,0.0,0.0,0.0,0.0,0.0,44.616913614738955
17,1,0.0,3451.4000828678213,9.32736129458662,0,0,2,0.0,0.0,0.0,0.0,0.0,1.0,0.0,0.0,36.573300941444714
18,1,14.557597637796807,5315.369040494292,12.259413923829822,1,0,2,0.0,1.0,0.0,0.0,0.0,0.0,0.0,0.0,84.32133307977678
0,5,0.0,743.5481631940451,9.77378853401708,0,0,0,0.0,0.0,0.0,0.0,0.0,0.0,0.0,0.0,5.2998840216866565
5,0,0.0,9469.973904228365,6.359242609112252,0,0,1,0.0,0.0,0.0,0.0,0.0,0.0,0.0,1.0,18.81285247310445
22,3,0.0,1694.7161782570643,3.4211240916268553,0,0,0,0.0,0.0,0.0,0.0,0.0,0.0,0.0,1.0,14.68146293019186
1,1,0.0,9059.226479930496,1.0505283799674752,0,0,0,0.0,0.0,1.0,0.0,0.0,0.0,0.0,0.0,46.48361094298631
23,3,0.0,1110.7475534034502,8.032775466910755,0,0,2,0.0,0.0,0.0,0.0,0.0,0.0,0.0,1.0,26.432127780872214
13,3,0.0,8279.461798482032,14.854891417902984,0,0,1,0.0,0.0,0.0,0.0,0.0,1.0,0.0,0.0,34.09020593264608
5,4,0.0,1774.0365010186867,11.070627075213094,0,0,1,0.0,0.0,1.0,0.0,0.0,0.0,0.0,0.0,43.4403346924788
13,0,0.0,669.8766566872852,4.910183120985249,0,0,2,1.0,0.0,0.0,0.0,0.0,0.0,0.0,0.0,54.64196521544024
3,6,3.339429644326505,7279.0476675162645,12.40807200130103,0,0,2,0.0,0.0,0.0,1.0,0.0,0.0,0.0,0.0,10.196314997841435
20,6,0.0,3018.5734116919543,11.534760002646099,0,0,2,0.0,0.0,0.0,0.0,0.0,0.0,1.0,0.0,37.909593027219024
7,3,0.0,7230.61268200819,4.224536900301851,0,0,1,0.0,0.0,0.0,0.0,1.0,0.0,0.0,0.0,36.98404661282652
2,6,0.0,5684.326929586352,0.21461234691352027,1,0,2,0.0,0.0,0.0,1.0,0.0,0.0,0.0,0.0,13.517127933254486
18,0,23.15429328809987,1355.431685231636,1.772439578009244,1,1,2,0.0,0.0,1.0,0.0,0.0,0.0,0.0,0.0,100.0
13,4,26.946875794884903,9341.661711021288,13.159592854680863,0,0,0,0.0,0.0,0.0,0.0,1.0,0.0,0.0,0.0,32.941077290645744
19,0,10.011445454273787,4687.447495205733,12.548445529573076,1,0,2,0.0,1.0,0.0,0.0,0.0,0.0,0.0,0.0,100.0
16,1,0.0,7424.138594647274,4.428135013175437,0,0,2,1.0,0.0,0.0,0.0,0.0,0.0,0.0,0.0,41.566582083782386
7,3,3.084984481924722,5159.899548551563,4.277931394266306,0,1,1,0.0,0.0,0.0,0.0,0.0,0.0,0.0,0.0,11.626683621986125
23,0,1.589187181383025,6162.306307123686,11.892974806537067,0,0,2,0.0,0.0,0.0,0.0,0.0,0.0,0.0,1.0,29.643910752494524
13,6,0.0,3236.9038458599166,14.06606204843133,0,0,1,0.0,0.0,0.0,0.0,0.0,0.0,0.0,0.0,20.137839660649792
5,2,0.0,2243.494948833468,11.687058851963998,0,0,0,0.0,0.0,1.0,0.0,0.0,0.0,0.0,0.0,27.00569489062253
22,0,0.0,5562.930973058258,9.083680155461423,0,1,0,0.0,0.0,0.0,0.0,1.0,0.0,0.0,0.0,35.05963963851952
21,3,3.402822802375245,4570.124037818719,3.640070254977068,0,1,1,0.0,0.0,0.0,0.0,0.0,0.0,0.0,1.0,52.21914184328387
15,4,0.0,4084.098170309151,7.88621871142891,0,0,2,0.0,0.0,1.0,0.0,0.0,0.0,0.0,0.0,47.2871102498367
18,6,0.0,6823.901792417843,3.5026778788989694,1,0,1,0.0,0.0,0.0,0.0,0.0,1.0,0.0,0.0,39.16895958801972
13,4,6.282594504008427,6997.914330508019,12.120171301451604,0,0,2,0.0,0.0,0.0,0.0,0.0,1.0,0.0,0.0,33.38671045712419
18,3,29.10229856730003,745.4245440852515,5.804416192766059,1,0,2,0.0,0.0,0.0,0.0,1.0,0.0,0.0,0.0,100.0
2,6,20.035806667190414,3585.82159416362,12.505458254910394,0,0,2,0.0,0.0,0.0,0.0,0.0,0.0,0.0,1.0,34.02167455323609
9,1,23.356590765556263,4294.116137195861,5.724138269740879,1,1,1,0.0,0.0,0.0,0.0,0.0,1.0,0.0,0.0,90.01134395200314
18,6,0.0,1239.8539632924305,12.36224107799837,0,0,0,0.0,1.0,0.0,0.0,0.0,0.0,0.0,0.0,64.52062436426142
8,1,16.052212493376437,2588.238406973397,4.999767227478629,1,0,1,0.0,0.0,0.0,0.0,1.0,0.0,0.0,0.0,100.0
19,4,0.0,800.9254330607394,6.601990569265047,1,0,2,0.0,0.0,0.0,0.0,0.0,1.0,0.0,0.0,64.0671322521639
12,4,17.87422597169909,9963.548356585101,9.232326290139863,0,0,1,0.0,0.0,0.0,0.0,0.0,1.0,0.0,0.0,52.20734853718696
6,3,0.0,7444.604868807492,1.0543142104487802,0,0,0,0.0,0.0,0.0,0.0,1.0,0.0,0.0,0.0,65.43631142120462
13,1,16.833303263052024,1148.2665180767108,14.223105927231966,0,0,1,0.0,1.0,0.0,0.0,0.0,0.0,0.0,0.0,71.84477393732695
8,4,16.005257584035405,496.41898396389354,8.604086791857048,1,0,0,0.0,0.0,0.0,0.0,1.0,0.0,0.0,0.0,100.0
22,1,24.70359161277962,7277.091661477119,7.617300220362035,0,0,0,1.0,0.0,0.0,0.0,0.0,0.0,0.0,0.0,56.573235525389364
18,4,0.0,4560.164007121869,12.59090956679868,0,0,2,0.0,0.0,0.0,0.0,0.0,0.0,0.0,0.0,54.79291119781152
14,6,0.0,7931.928077926387,12.986440948452413,0,0,0,0.0,0.0,0.0,0.0,0.0,0.0,1.0,0.0,24.724295407256278
19,0,22.90172035324079,9257.717566838322,7.83390606793524,0,1,1,0.0,1.0,0.0,0.0,0.0,0.0,0.0,0.0,94.14127126052762
13,2,0.0,6113.213773458813,13.908934886904559,0,0,1,0.0,0.0,0.0,0.0,0.0,0.0,1.0,0.0,32.295211574173926
23,6,23.304941083448657,2114.9517022973546,0.9710664911472094,1,0,2,0.0,1.0,0.0,0.0,0.0,0.0,0.0,0.0,55.588947639270714
5,5,0.0,7887.282149650589,1.6983868837682632,0,0,1,1.0,0.0,0.0,0.0,0.0,0.0,0.0,0.0,37.72230371155474
20,0,1.1817048866906,9571.373908791433,8.951823450216603,1,0,2,0.0,0.0,0.0,0.0,0.0,0.0,1.0,0.0,73.75435047642917
3,5,0.0,5928.2434844815725,5.310987926903755,0,0,1,0.0,1.0,0.0,0.0,0.0,0.0,0.0,0.0,37.32091394237569
7,4,18.319282527649342,6915.375238623115,6.963377492837982,0,0,1,0.0,0.0,0.0,0.0,0.0,0.0,1.0,0.0,57.4444790608266
16,2,3.577505030443997,3573.5045418557283,4.921188268457498,0,0,0,1.0,0.0,0.0,0.0,0.0,0.0,0.0,0.0,44.560195961403466
8,2,0.0,4000.818638205019,6.070879671674034,1,0,0,0.0,0.0,1.0,0.0,0.0,0.0,0.0,0.0,67.20235193162479
0,4,0.0,7426.14862917472,12.339695207194492,0,0,0,0.0,0.0,0.0,0.0,0.0,0.0,0.0,1.0,11.962129137288363
23,4,0.0,9299.379654546146,8.90214299781457,0,0,1,0.0,0.0,0.0,0.0,0.0,0.0,0.0,0.0,18.223107101204402
19,1,0.0,6401.187356076217,14.960168239252473,0,0,2,1.0,0.0,0.0,0.0,0.0,0.0,0.0,0.0,68.00313929395925
13,4,0.0,7961.524712307871,11.803187967314445,0,0,2,1.0,0.0,0.0,0.0,0.0,0.0,0.0,0.0,47.35118116084091
10,3,11.722510431272797,1964.8596689291182,4.1049938115274,1,0,2,0.0,0.0,0.0,0.0,0.0,0.0,0.0,1.0,71.49020126708527
20,4,0.0,2356.0031755023433,3.965176765900443,0,0,0,0.0,0.0,0.0,1.0,0.0,0.0,0.0,0.0,55.73904045413822
2,3,0.0,5460.736462283883,5.038474051755107,0,0,1,0.0,0.0,1.0,0.0,0.0,0.0,0.0,0.0,35.55597013209605
8,4,0.0,2012.5756647555531,12.648892209716141,0,0,0,0.0,0.0,1.0,0.0,0.0,0.0,0.0,0.0,67.90151456453232
13,1,0.0,6459.452181142959,0.40931475975848397,0,0,1,0.0,0.0,0.0,0.0,0.0,1.0,0.0,0.0,30.550428532456053
8,3,0.0,3129.03589832858,3.452719183068866,0,0,1,0.0,1.0,0.0,0.0,0.0,0.0,0.0,0.0,67.00724559249227
3,0,29.696024521136803,7977.866401068852,13.573776305164005,0,0,1,0.0,0.0,0.0,0.0,0.0,0.0,0.0,1.0,44.715121422732174
3,3,6.417686114991531,8138.670362159131,9.59844654124878,0,0,0,0.0,0.0,0.0,1.0,0.0,0.0,0.0,0.0,47.95876285902744
7,6,0.0,4798.738320826925,3.4027064325158465,0,0,1,0.0,0.0,0.0,0.0,0.0,0.0,0.0,1.0,7.029222031600756
1,1,0.0,2053.8631598650622,3.287174523488705,0,0,0,0.0,0.0,0.0,0.0,0.0,0.0,0.0,0.0,10.679354353571892
8,5,22.953345313195495,6573.717122494746,12.939271526391458,0,1,0,0.0,0.0,0.0,0.0,0.0,0.0,1.0,0.0,89.86117556783961
13,3,0.0,9930.034077156788,13.406362624155697,0,0,1,1.0,0.0,0.0,0.0,0.0,0.0,0.0,0.0,55.02924451211092
21,6,0.0,6339.131710042476,3.8419663644317295,0,0,1,0.0,0.0,0.0,0.0,0.0,0.0,1.0,0.0,33.650463942986676
8,6,0.0,647.0144999258762,6.307655371147984,0,0,1,0.0,0.0,1.0,0.0,0.0,0.0,0.0,0.0,66.88973122708902
23,6,0.0,467.75156494070103,12.518936079424757,0,0,0,1.0,0.0,0.0,0.0,0.0,0.0,0.0,0.0,61.78889116929774
22,4,12.823515997274566,3407.51111377537,11.565111579148281,1,0,1,1.0,0.0,0.0,0.0,0.0,0.0,0.0,0.0,77.81418869656964
15,6,12.310127830073126,2199.1029265459274,12.208741598491267,0,0,1,0.0,0.0,0.0,0.0,1.0,0.0,0.0,0.0,10.452289496606888
16,4,0.0,8186.596709290089,7.775972861819532,0,0,2,0.0,1.0,0.0,0.0,0.0,0.0,0.0,0.0,38.29379717883934
15,5,0.0,8494.614970249204,13.673235724577598,0,0,2,0.0,1.0,0.0,0.0,0.0,0.0,0.0,0.0,36.89011149565067
11,1,7.692551087262619,2808.6020817116187,4.889273159316529,0,0,2,0.0,0.0,0.0,0.0,0.0,0.0,0.0,1.0,32.82593114603051
2,2,26.736883230944024,3458.754336413959,2.3500820152127706,1,0,1,0.0,0.0,0.0,1.0,0.0,0.0,0.0,0.0,61.261594696516624
10,4,14.732038489607355,2591.5955868366123,10.630984988472973,0,0,0,0.0,0.0,0.0,0.0,0.0,1.0,0.0,0.0,57.859642708654064
13,6,17.975269056317334,9111.31070950126,8.090316240103446,0,0,2,0.0,0.0,0.0,1.0,0.0,0.0,0.0,0.0,29.88957063206981
17,6,0.0,5175.698545836138,12.818786532142216,0,0,0,1.0,0.0,0.0,0.0,0.0,0.0,0.0,0.0,66.98047643877845
20,0,11.487492219893221,6664.529327595593,1.2173887368707241,1,0,2,0.0,0.0,0.0,0.0,0.0,0.0,1.0,0.0,83.37647460061005
20,6,28.326710234213603,4330.176240986152,12.655386051571003,1,0,2,0.0,0.0,0.0,0.0,0.0,0.0,0.0,1.0,79.44447935142456
4,1,0.0,6420.837676993952,4.399419798132333,0,0,0,1.0,0.0,0.0,0.0,0.0,0.0,0.0,0.0,41.40144502366742
15,3,10.33505565427385,4042.79715420084,9.822835007522745,1,0,2,1.0,0.0,0.0,0.0,0.0,0.0,0.0,0.0,74.58625169436853
19,3,0.0,3594.880845973487,0.6019318361738368,0,0,0,0.0,0.0,1.0,0.0,0.0,0.0,0.0,0.0,60.41687581963748
4,6,0.0,6454.456709782758,9.14371944455401,0,0,1,0.0,0.0,0.0,0.0,0.0,0.0,1.0,0.0,22.15137589871432
2,0,0.0,6033.302157075195,10.759075337810039,0,1,1,0.0,0.0,0.0,1.0,0.0,0.0,0.0,0.0,29.553745723021706
11,4,0.0,3147.2211554291116,5.531253217584304,0,0,0,0.0,0.0,0.0,1.0,0.0,0.0,0.0,0.0,31.148450786157373
0,1,0.0,1748.679968098892,3.2311605789321036,0,0,0,0.0,0.0,0.0,0.0,0.0,1.0,0.0,0.0,31.017032187221062
20,0,0.0,3875.193930229935,8.064460149053176,1,0,1,0.0,0.0,1.0,0.0,0.0,0.0,0.0,0.0,90.07393881264461
8,4,0.0,4327.417099676519,12.497862066534697,0,0,0,0.0,0.0,0.0,0.0,0.0,0.0,0.0,1.0,40.27143745133452
8,1,0.0,6398.238034218667,4.8532103744497626,0,0,1,0.0,0.0,1.0,0.0,0.0,0.0,0.0,0.0,79.86209484375185
3,6,0.0,9170.929007277578,3.7870394628191932,0,0,1,0.0,0.0,0.0,0.0,0.0,0.0,1.0,0.0,19.81972491754372
2,3,0.0,650.9925360693738,4.184029629565315,0,0,0,0.0,1.0,0.0,0.0,0.0,0.0,0.0,0.0,56.69239212144441
16,1,9.416381204512948,2663.511821655896,14.236982293749966,0,0,2,0.0,0.0,0.0,0.0,1.0,0.0,0.0,0.0,18.98221518892062
1,6,0.0,2179.044640111735,5.389153736468395,0,0,0,0.0,0.0,0.0,0.0,0.0,0.0,0.0,0.0,27.273264712133862
23,5,0.0,5172.255764329701,0.05406359832430763,0,0,1,0.0,0.0,0.0,0.0,0.0,1.0,0.0,0.0,11.518363417447551
0,2,12.589642345770153,4468.0978283186505,11.725218119394295,0,0,2,0.0,0.0,0.0,0.0,0.0,1.0,0.0,0.0,41.72853318621739
7,1,5.64523938158754,7371.664951055828,10.489121930030853,0,0,2,1.0,0.0,0.0,0.0,0.0,0.0,0.0,0.0,50.22817979667281
12,2,0.24914523369989228,2651.434351685179,1.9285239690445333,0,0,1,0.0,0.0,0.0,1.0,0.0,0.0,0.0,0.0,29.800122031879667
22,1,0.0,6066.634147772658,14.773563737023688,0,0,2,0.0,0.0,1.0,0.0,0.0,0.0,0.0,0.0,40.89677647344975
14,2,0.0,8873.415456919605,9.120934279576668,0,0,2,0.0,0.0,0.0,0.0,0.0,0.0,0.0,1.0,22.39047886615247
7,5,29.08048843259476,9133.574077207555,7.511692364109022,0,1,0,1.0,0.0,0.0,0.0,0.0,0.0,0.0,0.0,54.5616597364339
11,3,0.0,9600.210665832801,5.733289014343366,0,0,1,0.0,1.0,0.0,0.0,0.0,0.0,0.0,0.0,44.62231409735533
21,4,0.0,7800.633175175889,13.480091333454569,0,0,2,0.0,0.0,0.0,0.0,0.0,0.0,0.0,0.0,19.448225898461157
11,2,0.0,9088.082690711475,3.6594522212784493,1,1,1,0.0,0.0,0.0,1.0,0.0,0.0,0.0,0.0,39.10885347722961
13,5,23.702223808898243,2574.94945825716,4.286533503298528,1,0,0,0.0,1.0,0.0,0.0,0.0,0.0,0.0,0.0,69.40502620564313
14,2,0.0,2216.535160199627,1.8361621002985036,1,1,0,0.0,0.0,1.0,0.0,0.0,0.0,0.0,0.0,55.785566025120836
14,3,3.378214471179354,362.9344126711066,11.3867864337639,0,0,0,0.0,0.0,1.0,0.0,0.0,0.0,0.0,0.0,59.937034213330136
8,2,27.361933586291673,7156.390267062254,8.9332392060878,0,0,2,0.0,0.0,0.0,0.0,1.0,0.0,0.0,0.0,82.235820774096
18,5,0.0,9393.43172179332,9.135992538817474,0,0,0,0.0,0.0,0.0,0.0,0.0,1.0,0.0,0.0,42.94797600587787
19,6,18.38932024768081,2113.2728469042613,3.2770564652919543,0,0,1,0.0,0.0,0.0,0.0,0.0,1.0,0.0,0.0,47.44814902937901
21,5,29.569008602631122,6478.352681640725,9.767525836906257,0,1,0,0.0,0.0,0.0,0.0,0.0,0.0,1.0,0.0,46.24261689025065
7,0,26.471896042990913,7540.659664451242,11.48187670870296,1,0,2,0.0,1.0,0.0,0.0,0.0,0.0,0.0,0.0,88.50694284329904
20,3,0.0,9297.858080936148,5.368327960885339,0,0,0,0.0,0.0,0.0,1.0,0.0,0.0,0.0,0.0,63.863699786009455
18,6,10.277963136543583,6574.54417296705,12.020207159425684,0,0,2,0.0,0.0,0.0,0.0,1.0,0.0,0.0,0.0,45.82332331262514
5,0,0.0,9711.849207662897,5.231858827980314,0,0,1,0.0,0.0,0.0,0.0,1.0,0.0,0.0,0.0,56.4919970692609
19,3,5.650406198683503,3643.329467821713,11.372076922639314,0,0,0,0.0,0.0,0.0,0.0,0.0,0.0,1.0,0.0,77.5802441299363
18,6,0.0,3694.3067775826544,0.5059516118657847,0,0,0,0.0,0.0,0.0,1.0,0.0,0.0,0.0,0.0,53.32099514937278
3,2,0.0,5567.221347139152,8.26746902210479,0,0,1,0.0,0.0,0.0,1.0,0.0,0.0,0.0,0.0,50.411953717426286
22,6,4.504609325516257,4019.968246824299,14.5428984095983,0,0,1,0.0,0.0,0.0,0.0,0.0,0.0,0.0,0.0,16.943624397584717
6,5,19.791945967822713,313.82956438906643,14.71866901023586,1,0,2,0.0,0.0,0.0,0.0,0.0,0.0,0.0,0.0,56.33353562185916
3,0,0.0,7398.188643343778,4.226288675126109,0,0,0,0.0,0.0,0.0,0.0,1.0,0.0,0.0,0.0,45.9127822306067
21,2,0.0,7591.655302341289,6.620986366205332,1,0,0,0.0,0.0,0.0,1.0,0.0,0.0,0.0,0.0,56.478283671174644
11,5,0.0,7545.653665461674,0.9446686197994958,0,1,0,0.0,0.0,0.0,0.0,1.0,0.0,0.0,0.0,50.887503910701845
12,3,14.009982585996607,3646.700466121526,13.100119614068996,0,0,0,0.0,0.0,0.0,0.0,0.0,0.0,0.0,1.0,29.01170794602893
2,6,24.360998790779817,5366.207891118368,8.528582297103211,0,0,1,0.0,0.0,0.0,0.0,0.0,0.0,1.0,0.0,57.71678232502914
21,5,4.677555289884811,3791.7431263136937,5.776510184107756,1,0,0,0.0,0.0,0.0,0.0,0.0,1.0,0.0,0.0,28.114257679079657
11,2,0.0,455.55308029726393,1.6915583773372962,0,1,0,0.0,0.0,0.0,0.0,0.0,1.0,0.0,0.0,36.888153089353104
1,0,0.0,5755.754730332762,14.201509282453337,0,0,0,0.0,0.0,0.0,0.0,1.0,0.0,0.0,0.0,12.858796408809937
23,0,5.82161640736815,1500.478461014907,7.953285717314905,0,0,2,0.0,0.0,0.0,0.0,1.0,0.0,0.0,0.0,47.947354522837415
1,6,19.684491435094962,1076.400843686974,4.243918936243558,0,1,2,0.0,0.0,0.0,0.0,0.0,0.0,0.0,0.0,27.79469300668575
22,5,0.0,7628.340966358835,5.253226951972643,0,0,2,0.0,0.0,0.0,0.0,0.0,1.0,0.0,0.0,12.19482549003058
8,2,7.580388832180471,392.2101634556246,4.060457713832215,1,0,1,0.0,0.0,0.0,1.0,0.0,0.0,0.0,0.0,89.20898899204938
0,1,0.0,9602.381903004643,9.02714713285471,0,0,1,0.0,0.0,0.0,0.0,0.0,1.0,0.0,0.0,33.903221902203065
7,3,0.0,5297.9770318919955,13.949453636707648,0,0,1,0.0,0.0,0.0,0.0,1.0,0.0,0.0,0.0,19.64162382832629
22,3,0.0,9835.25937784964,12.850407049898466,1,0,0,0.0,0.0,0.0,0.0,0.0,0.0,1.0,0.0,45.58598498285787
5,2,0.0,862.5764529852718,6.905713131389662,1,0,0,0.0,1.0,0.0,0.0,0.0,0.0,0.0,0.0,57.34359699042687
5,1,0.0,5960.236623999358,12.397490434515118,0,0,1,0.0,0.0,0.0,0.0,0.0,0.0,1.0,0.0,33.243073774808146
21,0,0.0,3688.4722489663386,6.346582219144948,0,0,2,0.0,0.0,0.0,0.0,0.0,1.0,0.0,0.0,22.320043124178717
17,6,0.0,8481.780180298572,3.7846071113795703,0,1,0,0.0,0.0,0.0,0.0,0.0,0.0,0.0,0.0,36.592404797163624
16,4,23.244832999638643,3803.860531772577,14.751226728996418,1,0,2,0.0,1.0,0.0,0.0,0.0,0.0,0.0,0.0,56.404283580830345
11,4,0.0,2826.7295168562864,4.558313519562327,1,0,0,0.0,0.0,1.0,0.0,0.0,0.0,0.0,0.0,61.80578054814195
5,6,0.0,8618.26533286916,4.855863464803626,1,1,0,0.0,0.0,0.0,0.0,0.0,0.0,0.0,1.0,47.397755936375965
7,2,0.0,3934.134989036632,14.845393016797834,0,0,2,0.0,0.0,0.0,0.0,1.0,0.0,0.0,0.0,12.216214604190043
18,1,0.0,463.2832026474463,2.0089123974848233,0,0,1,0.0,0.0,0.0,0.0,0.0,1.0,0.0,0.0,54.22305634106181
9,1,4.57958940001821,4085.8042781415375,11.408009820145427,0,0,2,0.0,0.0,0.0,1.0,0.0,0.0,0.0,0.0,68.01748190627227
0,3,0.0,6648.866009406136,14.037191377240898,0,0,1,0.0,1.0,0.0,0.0,0.0,0.0,0.0,0.0,43.67102180588232
12,0,10.663483907414355,2767.2875264219037,7.67692491413128,1,0,1,0.0,0.0,0.0,1.0,0.0,0.0,0.0,0.0,46.811390668265126
16,5,8.446615881845872,4490.279646524025,0.037826425542300535,0,0,0,0.0,0.0,0.0,0.0,0.0,1.0,0.0,0.0,26.94836828036039
2,1,0.0,850.1368413375875,5.625884161696594,0,0,0,0.0,0.0,0.0,0.0,0.0,0.0,0.0,1.0,17.484909355618495
7,6,0.0,6004.500077685385,1.6735348857724064,1,0,0,0.0,0.0,0.0,0.0,0.0,0.0,0.0,1.0,25.540404432688515
13,5,0.0,7636.0607614458195,6.242814914005436,0,0,1,0.0,0.0,0.0,0.0,0.0,0.0,1.0,0.0,28.591012339265912
2,4,0.0,4309.131845590769,11.85040142463427,0,0,1,0.0,0.0,0.0,1.0,0.0,0.0,0.0,0.0,30.150181770730452
15,5,8.544011227486525,4376.256538174162,6.5806732332570075,1,0,2,0.0,0.0,0.0,0.0,0.0,1.0,0.0,0.0,10.420831865807948
12,0,0.0,1156.3402362736895,6.478876820188838,1,0,0,0.0,0.0,1.0,0.0,0.0,0.0,0.0,0.0,52.83465541121208
19,6,0.0,2258.826385766231,8.3518421537827,1,0,0,0.0,0.0,0.0,1.0,0.0,0.0,0.0,0.0,75.63075256285258
23,0,0.0,1800.3504403407528,8.725358771215204,0,1,1,0.0,0.0,1.0,0.0,0.0,0.0,0.0,0.0,39.24478479997312
16,5,0.0,4972.371356016918,12.84444463198457,0,1,0,0.0,1.0,0.0,0.0,0.0,0.0,0.0,0.0,42.72201692570319
12,2,0.0,5433.778747222276,4.625331588434272,0,0,1,0.0,0.0,0.0,0.0,0.0,0.0,0.0,0.0,29.031636126511415
5,1,0.0,9504.719273457322,12.32506896552024,0,1,2,0.0,0.0,0.0,1.0,0.0,0.0,0.0,0.0,32.68548905725801
16,6,0.0,1010.3455914891689,8.48900623038071,0,1,2,1.0,0.0,0.0,0.0,0.0,0.0,0.0,0.0,27.903344223107933
13,2,0.0,6118.719339603957,4.507943245757204,1,0,0,0.0,0.0,0.0,0.0,1.0,0.0,0.0,0.0,63.42742766584761
16,5,15.02265824222958,5407.035715083941,4.426890660091157,0,0,2,0.0,0.0,0.0,1.0,0.0,0.0,0.0,0.0,26.4364344346956
7,1,14.686827186828172,5307.461049977543,5.417062756585867,0,1,0,1.0,0.0,0.0,0.0,0.0,0.0,0.0,0.0,59.76077127311116
10,3,0.0,8769.645087613417,9.340398639299632,1,0,0,0.0,0.0,0.0,0.0,0.0,0.0,1.0,0.0,80.07876940152316
19,2,0.0,2293.723165746219,3.462175970399237,1,0,1,0.0,0.0,0.0,1.0,0.0,0.0,0.0,0.0,69.16269123799822
0,2,22.671297674771782,695.5007611113031,13.805003425084012,0,0,1,1.0,0.0,0.0,0.0,0.0,0.0,0.0,0.0,72.90097728051276
6,5,0.0,6821.033624051667,8.623688762668506,1,0,0,0.0,0.0,0.0,0.0,0.0,0.0,0.0,0.0,18.038195318582655
20,4,0.0,3648.0274021190075,13.800236654940102,1,0,2,1.0,0.0,0.0,0.0,0.0,0.0,0.0,0.0,82.5562282862188
20,5,0.0,470.62218726148853,0.6960653786873205,1,0,2,0.0,0.0,0.0,0.0,0.0,0.0,0.0,0.0,60.72353942187892
16,2,20.482315188811235,2738.327870717014,5.1391705569221005,1,0,0,0.0,1.0,0.0,0.0,0.0,0.0,0.0,0.0,75.84932090100787
9,1,0.0,3300.469709903075,0.34211491031434615,1,0,0,0.0,1.0,0.0,0.0,0.0,0.0,0.0,0.0,89.02282557503607
10,4,19.903749690482776,6283.332254807147,4.083777226469547,0,1,2,0.0,0.0,0.0,0.0,0.0,0.0,0.0,0.0,67.69298556204431
21,5,26.13818722852184,1974.0822022779394,12.930097084028823,0,0,2,0.0,0.0,0.0,0.0,0.0,1.0,0.0,0.0,39.61937204451135
8,6,24.824428792710183,4306.627175147961,0.5491457376330128,0,0,1,0.0,0.0,0.0,0.0,0.0,1.0,0.0,0.0,48.93099661079057
8,5,10.803531464670115,4980.011810852975,6.5422064987361725,0,0,1,0.0,0.0,0.0,0.0,0.0,0.0,0.0,1.0,43.36994402647643
23,2,0.0,4754.602696231682,1.7635060570984167,0,0,2,0.0,0.0,0.0,1.0,0.0,0.0,0.0,0.0,36.25318874944529
4,2,0.0,9747.225436667783,6.252609888905516,0,1,1,0.0,0.0,1.0,0.0,0.0,0.0,0.0,0.0,35.481109172973404
16,3,16.065776480867985,741.3911065658722,12.58277376396566,0,0,1,0.0,0.0,0.0,1.0,0.0,0.0,0.0,0.0,42.70924683207104
8,5,6.912659154430116,9524.391408588273,9.346065501037787,1,0,0,0.0,0.0,0.0,0.0,0.0,0.0,1.0,0.0,67.23369871488661
16,2,0.0,5944.790975742123,11.051345179971348,1,0,1,0.0,0.0,0.0,0.0,0.0,0.0,1.0,0.0,52.49649169705787
23,6,15.841752656763738,8018.558835207432,5.2365617317437145,0,0,1,0.0,0.0,1.0,0.0,0.0,0.0,0.0,0.0,46.33750725456944
20,0,0.0,4474.808394755932,14.165965425152121,0,0,0,0.0,0.0,0.0,0.0,0.0,0.0,1.0,0.0,73.92624093451929
18,4,0.0,4702.227448192711,10.638931406692501,1,0,2,0.0,0.0,1.0,0.0,0.0,0.0,0.0,0.0,81.85449830339748
6,0,0.0,8829.467040453488,6.3269822892679635,1,0,1,0.0,0.0,1.0,0.0,0.0,0.0,0.0,0.0,51.48347380237636
22,4,0.0,8990.564614031451,6.396972003405824,1,0,1,0.0,0.0,0.0,0.0,0.0,0.0,1.0,0.0,39.75648094977961
8,6,0.0,2615.282149883587,13.780262669149463,1,1,2,1.0,0.0,0.0,0.0,0.0,0.0,0.0,0.0,63.10666925723488
6,5,0.0,2232.646222270796,8.646070401530878,1,0,1,0.0,0.0,1.0,0.0,0.0,0.0,0.0,0.0,37.414061457272126
12,3,0.0,5113.481186538525,10.595688148545626,0,0,2,0.0,0.0,0.0,0.0,0.0,0.0,0.0,0.0,20.332125680124197
10,2,0.0,9032.68716313861,6.255528367697561,0,0,0,0.0,0.0,0.0,0.0,0.0,0.0,0.0,0.0,50.308509292189406
13,2,0.0,3426.84440603991,3.355391471470712,1,0,2,0.0,0.0,0.0,0.0,0.0,0.0,1.0,0.0,44.926729006184885
18,2,26.40320001619214,6624.541768789573,10.85338937991628,0,0,2,0.0,0.0,1.0,0.0,0.0,0.0,0.0,0.0,87.15393459998943
10,5,0.0,7169.071371083831,9.117356582120818,1,1,2,0.0,0.0,0.0,0.0,1.0,0.0,0.0,0.0,89.72587092954862
12,4,0.0,7853.144249473312,7.52014320637169,0,0,0,0.0,0.0,0.0,1.0,0.0,0.0,0.0,0.0,42.91097459829245
13,6,0.0,5770.067241833343,9.360314099916957,1,0,2,0.0,0.0,0.0,0.0,1.0,0.0,0.0,0.0,56.09758360628544
12,2,0.0,4203.815229306005,3.1242837909635046,0,0,2,0.0,0.0,1.0,0.0,0.0,0.0,0.0,0.0,50.30797009197755
0,0,3.366346177418187,9680.055091350037,11.909080597979344,0,0,0,0.0,0.0,1.0,0.0,0.0,0.0,0.0,0.0,38.26427296652041
7,2,0.0,6229.908307037671,14.222442075304587,0,0,1,0.0,0.0,0.0,0.0,0.0,1.0,0.0,0.0,26.73513409995062
11,5,23.42923202154157,7367.082552842727,13.366547162515541,1,0,1,0.0,0.0,0.0,0.0,0.0,0.0,0.0,0.0,27.118298289450266
18,6,0.0,3646.3336032500197,4.821536179605257,0,0,2,0.0,0.0,0.0,0.0,0.0,0.0,0.0,1.0,29.140038725159332
11,3,0.0,6798.507055729877,6.090086599231138,1,0,0,0.0,1.0,0.0,0.0,0.0,0.0,0.0,0.0,71.70090367029479
7,6,0.0,2800.6373229920214,12.126034496963417,1,0,0,0.0,0.0,1.0,0.0,0.0,0.0,0.0,0.0,66.57690702873451
7,0,0.0,2677.4401000277708,8.926756962369057,1,0,2,0.0,0.0,0.0,0.0,0.0,0.0,0.0,1.0,32.020599588826556
20,2,0.0,7232.805357551436,8.218716655149738,1,0,2,0.0,0.0,0.0,1.0,0.0,0.0,0.0,0.0,62.825946584490126
12,2,0.0,5357.52894175047,13.899629513001678,0,0,1,0.0,0.0,1.0,0.0,0.0,0.0,0.0,0.0,53.903068145743774
11,1,0.0,6927.783121097181,8.040374414655762,0,0,1,0.0,0.0,0.0,0.0,1.0,0.0,0.0,0.0,43.367198224843534
15,4,0.0,2913.553360256489,7.724080193809648,0,0,2,0.0,0.0,0.0,0.0,0.0,0.0,0.0,0.0,13.966584894371834
0,0,17.808204781475023,6107.616408250285,0.6302788689953948,1,0,0,0.0,0.0,0.0,0.0,0.0,0.0,0.0,0.0,32.66494941176715
12,1,0.0,4606.156402120192,1.0412543788520645,1,0,2,0.0,0.0,0.0,1.0,0.0,0.0,0.0,0.0,43.86120379258674
6,6,0.0,6090.514782401621,0.11130461820975268,0,0,0,0.0,0.0,0.0,1.0,0.0,0.0,0.0,0.0,38.065062475782014
4,3,0.0,3121.5334027689278,13.698663386754504,0,0,1,0.0,0.0,0.0,0.0,0.0,0.0,0.0,1.0,33.97859346559965
7,4,0.0,7239.874347396501,6.125799900265509,0,0,2,0.0,0.0,0.0,0.0,0.0,0.0,0.0,0.0,25.630136398844186
13,0,0.0,8117.514851746816,7.028420642001188,0,0,0,0.0,1.0,0.0,0.0,0.0,0.0,0.0,0.0,35.23502855006427
22,2,16.868475083025682,2821.1897964199193,12.68080421388693,0,1,1,0.0,1.0,0.0,0.0,0.0,0.0,0.0,0.0,52.30575664368607
12,6,7.562959786868998,3216.019430599728,9.13869465563667,0,0,2,0.0,0.0,1.0,0.0,0.0,0.0,0.0,0.0,29.027674866263073
14,0,0.0,6713.196416275202,9.142523945858716,0,1,2,0.0,0.0,0.0,0.0,0.0,1.0,0.0,0.0,31.73615442236926
22,2,0.0,7047.176190744379,4.448016440322187,0,0,1,0.0,0.0,0.0,0.0,0.0,1.0,0.0,0.0,29.01392775328786
16,4,0.0,7129.766938655266,12.508625608867789,0,0,2,0.0,0.0,0.0,1.0,0.0,0.0,0.0,0.0,26.354641560388963
14,2,5.444928848125235,6922.175496325617,2.487449640592407,0,0,1,0.0,0.0,0.0,0.0,0.0,0.0,0.0,1.0,26.868118044482273
19,3,0.0,4110.234854439626,0.7972438825942185,0,0,0,0.0,0.0,0.0,0.0,0.0,1.0,0.0,0.0,60.39221404215067
17,6,0.0,4130.08064171568,2.8740503627779845,0,0,2,1.0,0.0,0.0,0.0,0.0,0.0,0.0,0.0,63.55273638368742
17,5,0.0,2771.7309493505,4.01605828161847,0,0,1,0.0,1.0,0.0,0.0,0.0,0.0,0.0,0.0,54.55168422627527
1,2,27.39736858464948,1821.2868889947208,4.234665867813101,0,0,1,0.0,0.0,0.0,0.0,0.0,1.0,0.0,0.0,39.55804631291758
3,3,0.0,7018.000580149985,10.057703979281513,0,0,0,0.0,0.0,0.0,1.0,0.0,0.0,0.0,0.0,37.776743815851376
0,5,0.0,1203.9312239314345,3.2673688099296525,0,1,2,0.0,0.0,0.0,0.0,0.0,1.0,0.0,0.0,28.54545952622692
3,6,0.18262592926770016,9396.585181831782,10.149874567424767,1,0,1,0.0,0.0,0.0,0.0,0.0,0.0,0.0,1.0,11.760664790181991
17,4,0.0,8318.857145613078,1.366982598506996,0,0,1,0.0,0.0,0.0,0.0,0.0,0.0,0.0,1.0,64.50996660301988
4,4,29.949207911459645,8617.805677585384,2.208036916468635,0,1,1,0.0,1.0,0.0,0.0,0.0,0.0,0.0,0.0,70.03653305975872
18,6,0.0,9094.687501767345,7.632321727364925,0,0,2,0.0,0.0,0.0,0.0,0.0,0.0,1.0,0.0,43.468032939322796
14,6,9.251837758954382,4263.468216015429,13.82843703864964,0,0,2,0.0,0.0,0.0,0.0,1.0,0.0,0.0,0.0,15.624596202567794
7,0,26.30575749078515,8512.99701649889,12.89351383216671,1,0,0,0.0,0.0,1.0,0.0,0.0,0.0,0.0,0.0,51.75593496516488
19,3,0.0,1833.1946128289985,14.531301636642047,0,0,0,0.0,0.0,1.0,0.0,0.0,0.0,0.0,0.0,61.48186962705264
16,3,0.46245498229617765,509.925407699886,9.757185979172563,0,0,0,0.0,0.0,1.0,0.0,0.0,0.0,0.0,0.0,65.75966417140573
0,6,0.0,7913.446528239347,10.13722299624138,0,0,2,0.0,0.0,0.0,0.0,0.0,1.0,0.0,0.0,33.06569932783105
11,1,9.01580271715488,1025.5274855703112,9.375344983972381,0,0,1,0.0,0.0,0.0,0.0,1.0,0.0,0.0,0.0,55.07894239496844
18,1,0.0,9888.68927306144,9.342283842872959,0,1,2,1.0,0.0,0.0,0.0,0.0,0.0,0.0,0.0,79.87407365804842
14,5,6.789925192112237,6845.525367135093,2.20680517601377,0,0,2,0.0,0.0,0.0,1.0,0.0,0.0,0.0,0.0,24.008612478076007
8,5,0.0,7608.462189348424,8.15608434245893,0,0,2,0.0,0.0,0.0,1.0,0.0,0.0,0.0,0.0,45.782451606807854
6,1,12.746037812040331,2684.2974058952996,5.7910190017758865,0,0,0,0.0,0.0,0.0,0.0,1.0,0.0,0.0,0.0,59.11183691643937
1,6,0.0,6836.494321020975,6.638058236659401,0,0,1,0.0,0.0,0.0,0.0,0.0,1.0,0.0,0.0,19.86972993334301
8,6,5.166549666210981,719.2333913730849,7.85400859588856,1,0,2,0.0,0.0,0.0,0.0,0.0,0.0,1.0,0.0,64.15187727110833
9,5,22.86692368926508,8426.909483258929,1.9259425770337741,0,0,0,0.0,0.0,0.0,0.0,0.0,0.0,1.0,0.0,67.71792323028949
1,2,0.0,1945.3537024062528,5.3923160077817975,0,0,2,0.0,0.0,0.0,1.0,0.0,0.0,0.0,0.0,19.177955170274274
18,6,23.333747412590714,7064.373248287574,0.9517434131490538,0,0,1,1.0,0.0,0.0,0.0,0.0,0.0,0.0,0.0,88.4249956089081
10,1,8.878109030146236,2477.4608619574647,14.695021956335987,0,1,0,0.0,0.0,0.0,0.0,0.0,0.0,1.0,0.0,59.83165922508179
12,3,0.0,963.9957434326145,1.777920432301892,1,0,2,0.0,0.0,0.0,0.0,1.0,0.0,0.0,0.0,90.64363273474956
9,6,0.0,4970.488681929125,3.8778710781743175,0,0,0,0.0,1.0,0.0,0.0,0.0,0.0,0.0,0.0,51.35861721862273
13,6,0.0,1942.0762396460577,13.369393900550959,0,1,1,0.0,0.0,1.0,0.0,0.0,0.0,0.0,0.0,28.66980629449493
17,2,0.0,7375.606686767533,7.240650693587128,0,0,1,0.0,0.0,0.0,0.0,0.0,0.0,0.0,0.0,47.199962656283176
18,5,0.0,2604.388680819803,2.0345580228094544,0,0,0,0.0,1.0,0.0,0.0,0.0,0.0,0.0,0.0,58.687976656362814
21,6,0.0,3621.9837954875397,5.763458070590234,0,0,2,0.0,0.0,1.0,0.0,0.0,0.0,0.0,0.0,35.11840070353704
8,4,0.0,5804.160737265387,1.7380199128707874,1,0,1,1.0,0.0,0.0,0.0,0.0,0.0,0.0,0.0,94.29786366101915
6,0,0.0,3064.192292499922,3.0032399562675267,1,0,1,0.0,0.0,0.0,0.0,1.0,0.0,0.0,0.0,76.34057954381963
2,1,0.0,3966.484727236628,0.7804477042476754,0,0,2,0.0,0.0,0.0,0.0,0.0,0.0,1.0,0.0,30.28034207429407
19,4,20.445436063270137,8211.531179091751,6.573412418236499,1,0,0,0.0,0.0,0.0,0.0,1.0,0.0,0.0,0.0,100.0
5,5,10.48342922350885,2038.3355407419492,12.099541825878896,0,0,0,0.0,1.0,0.0,0.0,0.0,0.0,0.0,0.0,36.94755576438249
20,3,0.0,1097.3554179747566,8.789537680498432,1,0,2,0.0,0.0,0.0,0.0,0.0,0.0,0.0,1.0,80.13230056152993
1,0,11.230084610902187,3485.070515790287,9.095179582269177,1,0,1,0.0,0.0,1.0,0.0,0.0,0.0,0.0,0.0,52.72686529401099
5,4,8.16252472733933,4416.454640034618,3.008760451248605,0,0,1,0.0,0.0,0.0,0.0,1.0,0.0,0.0,0.0,67.24350209660965
2,0,2.649381636557334,5563.795036724707,5.158407648785498,0,0,2,0.0,0.0,1.0,0.0,0.0,0.0,0.0,0.0,43.42939026989277
15,1,0.0,3912.509852897568,12.67863155761248,1,0,2,0.0,0.0,1.0,0.0,0.0,0.0,0.0,0.0,44.588431089310085
7,5,0.0,7962.14349216121,1.3178427648977182,0,1,0,1.0,0.0,0.0,0.0,0.0,0.0,0.0,0.0,41.553226199836786
1,6,6.592509005006384,681.3990303841906,12.868959805028005,0,0,0,1.0,0.0,0.0,0.0,0.0,0.0,0.0,0.0,53.683032211331586
16,3,1.9431659857560524,4488.145120526012,7.255350393971785,0,0,2,1.0,0.0,0.0,0.0,0.0,0.0,0.0,0.0,37.49195117276244
8,5,22.164823120535385,4007.8823721671247,12.557211469876759,1,0,1,1.0,0.0,0.0,0.0,0.0,0.0,0.0,0.0,98.53227319352095
11,0,6.3458587759024105,6581.511360826533,4.770096290916005,1,0,0,0.0,0.0,0.0,0.0,0.0,0.0,1.0,0.0,48.15339209588529
2,4,0.0,9672.879643404742,5.082644273745312,0,0,2,0.0,0.0,1.0,0.0,0.0,0.0,0.0,0.0,37.367393883007004
10,1,0.0,5250.641444299963,11.27407302484714,1,0,1,0.0,0.0,1.0,0.0,0.0,0.0,0.0,0.0,57.6201766128193
0,1,0.0,9872.705415334689,11.774942600883303,0,0,0,0.0,1.0,0.0,0.0,0.0,0.0,0.0,0.0,42.34340864762557
22,5,0.0,3231.8191306580156,3.4446701698522015,1,0,2,0.0,0.0,0.0,1.0,0.0,0.0,0.0,0.0,39.48974783487294
12,6,24.131893407456054,599.4208856618718,14.593069872328583,0,1,2,0.0,0.0,1.0,0.0,0.0,0.0,0.0,0.0,61.72141708882591
14,4,0.0,1906.9327245212037,1.2673515636724342,0,0,1,0.0,0.0,0.0,0.0,0.0,1.0,0.0,0.0,21.579014754594553
4,6,0.0,4132.711382313302,1.0275444465319632,0,0,1,0.0,0.0,0.0,0.0,0.0,1.0,0.0,0.0,27.14550022903196
20,6,4.027152572812307,3368.4389191289565,8.932563229291542,0,0,2,0.0,0.0,0.0,0.0,1.0,0.0,0.0,0.0,45.54434188908809
16,4,0.0,1241.4250705387635,10.84111151657432,0,0,1,0.0,0.0,0.0,0.0,0.0,1.0,0.0,0.0,32.15118996383587
22,0,29.765151433452285,4496.803044599953,14.413291938374607,1,0,2,0.0,0.0,0.0,0.0,0.0,1.0,0.0,0.0,62.66197922989278
23,5,19.667818537345177,3579.7229850977587,6.074186711982923,0,0,1,0.0,0.0,0.0,0.0,0.0,0.0,1.0,0.0,37.79778620819577
5,5,0.0,1489.406438437153,0.3793711348444967,1,0,1,0.0,0.0,0.0,0.0,0.0,0.0,0.0,0.0,22.005564932154346
20,2,0.0,3172.3361669355163,9.043445091696105,0,0,0,0.0,1.0,0.0,0.0,0.0,0.0,0.0,0.0,76.02938938646814
21,5,0.0,8898.429736947288,4.345440308981578,0,0,0,0.0,1.0,0.0,0.0,0.0,0.0,0.0,0.0,28.79740309713686
10,1,0.0,3229.8739952466,6.494206817931033,0,0,1,0.0,0.0,0.0,1.0,0.0,0.0,0.0,0.0,52.67939466036148
17,0,0.0,7225.367605447901,7.327042233749029,1,0,2,0.0,0.0,0.0,0.0,0.0,1.0,0.0,0.0,57.775487962476866
3,4,0.0,6236.856672680229,0.9676891610705074,0,0,1,0.0,0.0,0.0,0.0,1.0,0.0,0.0,0.0,52.83175340997854
2,5,19.647159063534932,4443.657275361206,7.289726768461541,1,1,0,0.0,0.0,1.0,0.0,0.0,0.0,0.0,0.0,61.10248207873965
12,0,0.0,2618.548676995591,6.394795002064722,1,0,2,0.0,0.0,0.0,0.0,1.0,0.0,0.0,0.0,69.40717774653143
22,5,29.47447953183321,3879.4425836556707,10.688163979298897,0,0,1,0.0,0.0,0.0,0.0,0.0,1.0,0.0,0.0,48.2354519524629
8,4,0.0,6043.439970669115,9.68498866818517,0,0,1,0.0,0.0,1.0,0.0,0.0,0.0,0.0,0.0,52.35440138200464
20,3,0.0,3702.306183068743,2.7782357722584154,1,0,1,0.0,0.0,0.0,0.0,0.0,0.0,1.0,0.0,74.64960693500872
5,4,6.043394449373815,2384.4954056700485,3.092083773155955,1,0,1,0.0,0.0,0.0,1.0,0.0,0.0,0.0,0.0,49.78101588288752
11,4,0.0,1429.6886642488314,3.7650926816155987,0,0,0,0.0,1.0,0.0,0.0,0.0,0.0,0.0,0.0,45.81120343182291
1,4,0.0,8833.739297722783,2.68425660445766,0,0,0,1.0,0.0,0.0,0.0,0.0,0.0,0.0,0.0,39.0965343636075
2,5,29.686944247134203,4571.0358647934845,9.858197995027007,0,0,0,0.0,0.0,0.0,0.0,0.0,0.0,0.0,0.0,21.600029338425244
2,2,4.730660162194419,6364.520720906422,14.916452688004059,0,1,0,0.0,0.0,1.0,0.0,0.0,0.0,0.0,0.0,51.052833788372894
11,4,15.490194565149798,5056.980503027011,9.781625107739048,0,0,2,1.0,0.0,0.0,0.0,0.0,0.0,0.0,0.0,58.12847083823235
14,1,0.0,8763.895228072244,9.100223192869368,0,0,2,0.0,1.0,0.0,0.0,0.0,0.0,0.0,0.0,38.763743892656386
8,1,0.0,5605.268068747645,6.148919000266087,0,0,2,0.0,0.0,0.0,0.0,0.0,0.0,0.0,0.0,42.289447699287294
22,0,14.0425218056294,4963.579754106399,4.6887038828964105,0,0,1,0.0,0.0,0.0,0.0,1.0,0.0,0.0,0.0,56.70485994253081
7,2,29.59067386517223,9268.629607090612,13.666106353597188,1,0,2,0.0,0.0,1.0,0.0,0.0,0.0,0.0,0.0,83.38755426921618
10,0,0.0,7280.989081639939,14.535028112132295,1,0,0,0.0,0.0,0.0,1.0,0.0,0.0,0.0,0.0,67.24638770346691
15,1,18.122163017971907,1382.034101264516,7.451642633815917,1,0,0,0.0,0.0,0.0,0.0,0.0,0.0,1.0,0.0,64.92524802516637
21,6,0.0,2023.7332736090962,4.353007432598362,1,0,1,0.0,0.0,1.0,0.0,0.0,0.0,0.0,0.0,50.022904296721066
3,1,0.0,7935.091770512587,11.551833115046515,0,0,2,0.0,0.0,0.0,0.0,1.0,0.0,0.0,0.0,36.75772282649754
0,3,0.0,8407.757815445557,1.9868518630031766,1,0,1,0.0,1.0,0.0,0.0,0.0,0.0,0.0,0.0,76.30837521256224
23,4,0.0,5588.351042175876,11.483823564655223,1,0,1,0.0,0.0,0.0,0.0,0.0,0.0,1.0,0.0,37.60988321718867
6,6,0.0,5678.215710306401,12.284225614670081,1,0,2,0.0,1.0,0.0,0.0,0.0,0.0,0.0,0.0,50.564922898634464
1,1,0.0,6429.7497396590115,1.8735591694075104,0,0,1,0.0,0.0,0.0,0.0,0.0,1.0,0.0,0.0,29.311995549673625
23,5,0.0,4559.423010541603,14.652922031948457,0,0,2,0.0,0.0,0.0,0.0,0.0,1.0,0.0,0.0,15.848898237121698
4,5,0.03610841727053726,6897.931497793868,14.782684355827177,0,0,2,0.0,1.0,0.0,0.0,0.0,0.0,0.0,0.0,17.26839472273862
6,0,18.48295686448064,1352.2681983942323,14.050792189910268,0,0,1,0.0,1.0,0.0,0.0,0.0,0.0,0.0,0.0,56.06824617283537
3,6,5.670512020036628,9624.408650963647,7.440522141093965,1,0,0,0.0,0.0,0.0,0.0,0.0,0.0,1.0,0.0,45.66851326578325
4,0,5.756626491542859,7576.50179081074,3.6911121341524264,0,0,2,0.0,1.0,0.0,0.0,0.0,0.0,0.0,0.0,35.879994418090774
23,4,0.0,6422.389778887367,8.730139213228695,1,0,0,1.0,0.0,0.0,0.0,0.0,0.0,0.0,0.0,80.1373662839058
0,4,0.0,3368.3239529919624,6.299007577071536,0,1,0,0.0,0.0,0.0,1.0,0.0,0.0,0.0,0.0,48.27844037440771
0,3,9.40216684423669,1861.268228330273,3.0892296707579563,0,0,2,0.0,0.0,0.0,0.0,0.0,1.0,0.0,0.0,28.678070157375927
14,2,0.0,4270.626749140763,6.355146144267714,0,0,0,0.0,0.0,0.0,0.0,0.0,0.0,1.0,0.0,36.829098160124694
19,0,0.0,6717.294383568367,9.958347535163858,0,0,1,0.0,0.0,0.0,0.0,0.0,0.0,0.0,0.0,50.4941673431247
18,4,0.0,6446.984511204176,1.0636996617898657,0,0,1,1.0,0.0,0.0,0.0,0.0,0.0,0.0,0.0,71.08894330029426
9,0,21.634075607971305,4011.6192041360437,5.001270021690248,0,0,0,0.0,0.0,0.0,0.0,0.0,1.0,0.0,0.0,67.31562238905286
17,4,0.0,6248.878020181359,0.2669233501923779,0,0,1,0.0,0.0,0.0,0.0,0.0,0.0,0.0,1.0,65.79335850904052
2,1,2.67749254909752,8193.358467005211,11.242432581925135,1,0,2,0.0,1.0,0.0,0.0,0.0,0.0,0.0,0.0,53.30750609649012
10,0,0.0,554.9622916747885,9.610369014250512,0,0,2,0.0,0.0,0.0,0.0,0.0,0.0,1.0,0.0,67.75172967310117
14,1,12.784546453521713,4671.024164923674,0.940082020529488,1,0,0,0.0,1.0,0.0,0.0,0.0,0.0,0.0,0.0,78.97760759282622
10,0,28.37533227188145,7657.985716127873,14.471063394029517,0,1,1,0.0,0.0,1.0,0.0,0.0,0.0,0.0,0.0,84.41716074872761
16,2,6.531871027410738,5597.601363494759,0.33932335690651017,0,0,0,1.0,0.0,0.0,0.0,0.0,0.0,0.0,0.0,61.34172029335103
16,3,0.0,6619.318052911979,8.84940969714133,0,0,1,0.0,0.0,0.0,0.0,0.0,0.0,0.0,1.0,21.22563900203825
5,5,0.0,5311.761008271817,11.645511926985836,1,0,2,0.0,0.0,0.0,1.0,0.0,0.0,0.0,0.0,17.301836010041985
4,5,18.16710821681791,9921.183083418417,11.818444695670845,0,1,1,0.0,0.0,0.0,1.0,0.0,0.0,0.0,0.0,37.58072004697685
7,5,0.0,829.8289039436708,0.5142770338980568,0,0,1,0.0,0.0,1.0,0.0,0.0,0.0,0.0,0.0,25.555506927369734
1,1,0.0,5063.13477119206,13.596226989606588,1,0,0,0.0,0.0,0.0,1.0,0.0,0.0,0.0,0.0,57.90850530453946
15,6,0.0,1186.7405264108215,13.776775078906832,0,0,2,0.0,0.0,0.0,0.0,0.0,0.0,0.0,0.0,2.6583652944868534
19,4,14.592775050782151,1849.9199525016331,8.42085559731559,0,0,1,0.0,0.0,0.0,0.0,1.0,0.0,0.0,0.0,77.39930610515246
23,5,0.0,4015.47199905714,7.231247983307192,1,0,2,0.0,0.0,1.0,0.0,0.0,0.0,0.0,0.0,47.856360252003576
11,2,8.682153921132379,1808.738887554727,0.6730119459389972,0,0,1,0.0,0.0,1.0,0.0,0.0,0.0,0.0,0.0,30.998105284338184
5,5,0.0,9647.765509779516,8.42931213764803,0,0,2,0.0,0.0,0.0,1.0,0.0,0.0,0.0,0.0,16.71066627658199
0,0,0.0,9483.860834234043,6.140686226553461,0,0,1,0.0,0.0,0.0,0.0,0.0,0.0,0.0,0.0,4.322275666361271
3,1,15.930093892288875,3560.2635683398566,11.592096111129843,0,0,2,0.0,0.0,1.0,0.0,0.0,0.0,0.0,0.0,50.397486670580044
16,6,0.0,6505.552806765491,6.058253503291318,0,0,1,0.0,1.0,0.0,0.0,0.0,0.0,0.0,0.0,37.6899576264181
12,0,0.0,5477.407209759725,10.253712499870646,0,0,2,0.0,0.0,0.0,1.0,0.0,0.0,0.0,0.0,27.279919305880988
17,6,26.43974668394855,8211.193711002956,1.5211221935629622,1,0,1,0.0,0.0,0.0,1.0,0.0,0.0,0.0,0.0,57.4470589642873
4,0,17.5804913243489,6386.222415224339,1.994284061489504,0,0,1,0.0,0.0,0.0,0.0,0.0,0.0,1.0,0.0,56.254945234173356
23,0,0.0,302.4488085584524,2.0956528597373754,0,0,2,0.0,0.0,0.0,0.0,0.0,0.0,0.0,0.0,22.273163883412174
23,3,7.461214678994036,7702.791540414467,0.6828824969961528,1,0,0,0.0,1.0,0.0,0.0,0.0,0.0,0.0,0.0,69.18474539953492
2,3,20.34547753767204,7544.426776572345,8.119932889047057,0,0,1,0.0,0.0,0.0,1.0,0.0,0.0,0.0,0.0,40.302062182106184
10,4,27.06582355148027,5244.310243994866,11.90951589065454,1,0,1,0.0,1.0,0.0,0.0,0.0,0.0,0.0,0.0,99.64476019790796
12,1,0.0,9058.314040360621,9.156168055404992,1,0,0,0.0,0.0,0.0,0.0,1.0,0.0,0.0,0.0,60.8043574772109
3,2,0.0,9111.928195196895,8.624323283292844,0,1,1,0.0,1.0,0.0,0.0,0.0,0.0,0.0,0.0,53.529938249497434
13,2,21.74367903586306,5381.943264032653,10.209358926041046,0,0,2,0.0,0.0,0.0,0.0,1.0,0.0,0.0,0.0,65.81467006512189
21,2,1.7857859061546744,6197.485842606416,5.094679846080222,1,0,0,0.0,0.0,0.0,0.0,0.0,0.0,1.0,0.0,39.776669014441396
10,0,0.0,9966.264097669322,5.429311074723434,1,0,1,0.0,0.0,1.0,0.0,0.0,0.0,0.0,0.0,65.50093015493346
9,3,0.0,3198.5562776707498,4.714051473313838,0,0,2,0.0,0.0,0.0,0.0,0.0,0.0,1.0,0.0,62.766570529668726
18,1,0.0,3448.7872504213306,10.681633992803633,0,0,2,0.0,0.0,0.0,0.0,0.0,1.0,0.0,0.0,44.28639848788744
17,0,0.0,2072.906855835915,2.4246050350616146,0,0,0,0.0,0.0,1.0,0.0,0.0,0.0,0.0,0.0,70.9499699508553
5,6,0.0,8989.909309831319,0.19537920469386572,0,0,0,0.0,1.0,0.0,0.0,0.0,0.0,0.0,0.0,38.54849461740019
14,3,0.0,7521.537382507882,8.942946700837386,0,0,0,0.0,0.0,0.0,1.0,0.0,0.0,0.0,0.0,55.838150326552004
20,3,17.834215647378567,1324.7356340413464,14.135720471013082,0,0,2,0.0,0.0,0.0,1.0,0.0,0.0,0.0,0.0,77.69563705499182
9,5,0.0,9823.143306620266,9.141118754944571,1,0,1,0.0,0.0,0.0,0.0,0.0,1.0,0.0,0.0,55.339928873609686
4,5,1.0471757721932784,7390.328569162825,11.743824794113426,0,0,2,0.0,0.0,0.0,0.0,0.0,0.0,0.0,0.0,11.087154553973821
4,1,0.0,8550.064463168253,10.091860641990452,1,0,2,0.0,0.0,0.0,0.0,0.0,0.0,0.0,1.0,21.48226797543719
9,6,0.0,767.062654980049,7.461549802845243,0,0,0,1.0,0.0,0.0,0.0,0.0,0.0,0.0,0.0,62.400961844586966
4,1,0.0,5198.120913739026,10.77588602675769,0,0,1,0.0,0.0,0.0,0.0,0.0,0.0,0.0,1.0,24.669850287242685
2,1,0.0,7076.403381252281,12.361561857828328,0,0,2,0.0,0.0,0.0,0.0,0.0,0.0,0.0,1.0,16.382463736787
22,0,27.45230295836418,5566.58187034686,3.37097466257547,0,0,0,0.0,1.0,0.0,0.0,0.0,0.0,0.0,0.0,62.857490058210125
5,4,22.6978180204239,6766.480417282992,5.041957207247183,0,1,0,0.0,0.0,0.0,0.0,0.0,1.0,0.0,0.0,44.393996184048895
3,1,0.0,8233.378416827583,3.355885987549258,1,0,1,0.0,1.0,0.0,0.0,0.0,0.0,0.0,0.0,59.68854148707509
17,5,0.0,3931.069510713903,6.782594333856615,0,0,1,0.0,0.0,0.0,0.0,0.0,0.0,1.0,0.0,49.820583480676284
8,4,0.0,8532.086153501485,13.275968263750014,1,0,0,0.0,0.0,0.0,0.0,0.0,0.0,1.0,0.0,81.55195316997545
16,0,6.255826208975632,1880.28621622332,5.178106512529985,0,0,1,0.0,1.0,0.0,0.0,0.0,0.0,0.0,0.0,47.59048275027581
12,4,22.95190294096692,2927.594733755835,5.617003336958301,0,0,1,0.0,0.0,0.0,1.0,0.0,0.0,0.0,0.0,39.00694291263927
14,2,0.0,720.45251329506,12.905508520078977,0,0,2,0.0,0.0,0.0,0.0,0.0,1.0,0.0,0.0,39.98345071276548
19,6,21.505116202017078,3834.940069951936,7.730614961170128,1,0,1,0.0,0.0,0.0,0.0,0.0,0.0,0.0,0.0,61.45425652786936
16,4,26.44400294638668,3985.1225847939672,8.031734994711517,0,0,0,0.0,1.0,0.0,0.0,0.0,0.0,0.0,0.0,62.839435376661186
12,1,0.0,8111.124792910334,12.912018049983192,0,0,1,0.0,0.0,0.0,0.0,0.0,0.0,0.0,0.0,16.623141848655873
15,0,0.0,6635.367501809663,7.357901055382098,1,0,2,1.0,0.0,0.0,0.0,0.0,0.0,0.0,0.0,59.88947418437213
21,6,12.772848447909155,4536.208814109967,10.22336301944093,1,0,1,0.0,0.0,0.0,0.0,0.0,1.0,0.0,0.0,33.66633095030937
3,1,2.2596429650221452,6625.505592650357,1.284669988110911,0,0,2,0.0,0.0,0.0,0.0,0.0,1.0,0.0,0.0,35.94223398825923
4,6,0.0,811.9985000022043,2.6794756969032796,1,0,1,0.0,1.0,0.0,0.0,0.0,0.0,0.0,0.0,53.61541475101847
4,5,0.0,2048.6338993782483,6.065643010743684,0,0,1,0.0,0.0,0.0,0.0,1.0,0.0,0.0,0.0,30.86168574292621
8,2,0.0,6381.394195845023,7.422586017298123,1,0,0,0.0,0.0,0.0,0.0,1.0,0.0,0.0,0.0,100.0
16,5,0.0,6521.258146485432,14.486005518543442,0,1,0,1.0,0.0,0.0,0.0,0.0,0.0,0.0,0.0,35.437367558892
12,1,16.72983742867249,7809.106189462043,14.55977449571685,0,0,1,0.0,0.0,0.0,0.0,0.0,0.0,0.0,1.0,38.5280040495115
1,1,0.0,4209.097662819941,12.767956312181425,0,0,1,0.0,0.0,0.0,0.0,0.0,0.0,1.0,0.0,22.021392600654696
12,1,14.27677532488472,7308.7747371767155,4.733982529283618,0,0,2,1.0,0.0,0.0,0.0,0.0,0.0,0.0,0.0,60.58565011279208
21,3,14.122806650031068,6934.609225833838,14.460424362486595,0,0,2,0.0,0.0,1.0,0.0,0.0,0.0,0.0,0.0,49.66972220597381
20,2,0.0,9644.915770187536,10.340112970143188,1,0,0,0.0,0.0,0.0,0.0,0.0,0.0,0.0,1.0,59.52369119302251
22,6,0.0,2386.763196319388,5.894101917261006,1,1,1,0.0,0.0,1.0,0.0,0.0,0.0,0.0,0.0,45.378923134933636
18,1,0.0,5651.291768400603,10.525123754771496,0,1,1,0.0,0.0,0.0,0.0,0.0,1.0,0.0,0.0,68.43537704179006
2,1,18.109335735179634,6137.115088471553,0.2478409467978987,0,0,2,0.0,0.0,0.0,1.0,0.0,0.0,0.0,0.0,53.35184918742295
9,6,0.0,9986.88448386194,2.1923202341132035,0,0,1,0.0,0.0,0.0,0.0,1.0,0.0,0.0,0.0,68.33219566979226
1,5,25.987008685767673,2251.4861790165214,12.445285673345516,0,0,1,0.0,0.0,0.0,0.0,0.0,0.0,0.0,0.0,31.57436388663929
12,5,26.712666113374954,5375.214793682735,9.683604553097567,1,0,1,0.0,0.0,1.0,0.0,0.0,0.0,0.0,0.0,74.62204806922286
18,1,0.0,3657.997484822297,5.46292051937826,0,0,2,0.0,0.0,0.0,1.0,0.0,0.0,0.0,0.0,46.99097067765936
16,0,1.049474649241885,5401.161795216298,7.509999603340781,0,0,2,0.0,0.0,0.0,0.0,1.0,0.0,0.0,0.0,47.092071752702964
20,3,7.832003996859877,2551.6474404001274,13.577132244686505,0,0,2,0.0,0.0,0.0,0.0,1.0,0.0,0.0,0.0,47.95570048906256
13,5,0.0,761.8400707466346,9.473671642186298,0,1,1,0.0,0.0,0.0,1.0,0.0,0.0,0.0,0.0,33.90811025614221
11,0,0.0,5853.884902807582,5.972239259014954,0,0,2,0.0,1.0,0.0,0.0,0.0,0.0,0.0,0.0,43.92916136900391
20,3,19.47728198513912,3557.7868638500718,1.8048998609630251,0,0,0,1.0,0.0,0.0,0.0,0.0,0.0,0.0,0.0,83.5446639070663
11,1,2.4511187880668626,2064.831596959806,4.406202024383415,0,0,0,0.0,0.0,0.0,0.0,0.0,1.0,0.0,0.0,26.69903263678652
10,2,0.0,3442.1749909569276,14.67510349194875,0,0,2,0.0,0.0,0.0,0.0,0.0,0.0,0.0,0.0,41.00826461763216
6,4,0.0,778.0179540431257,6.560445942776663,0,0,2,0.0,0.0,0.0,1.0,0.0,0.0,0.0,0.0,42.06319213323901
3,4,0.0,9519.289670674003,7.077591957672913,0,0,1,0.0,0.0,1.0,0.0,0.0,0.0,0.0,0.0,50.71559014603069
18,1,22.062420765210092,5937.134775240626,7.478970485955231,0,0,2,0.0,0.0,0.0,0.0,0.0,1.0,0.0,0.0,69.4345662223816
0,5,0.0,8203.256209066141,13.261560344223167,1,0,2,1.0,0.0,0.0,0.0,0.0,0.0,0.0,0.0,39.62444539034865
23,0,0.0,4404.246516212985,9.058924265779648,0,0,0,0.0,0.0,0.0,0.0,0.0,0.0,1.0,0.0,51.23832466069095
2,2,6.051136721593253,9062.152275392002,10.405155546778833,1,0,0,0.0,0.0,0.0,0.0,0.0,0.0,0.0,1.0,43.67161215668522
12,6,0.0,4988.1867490568575,5.84120313823656,0,0,0,0.0,0.0,0.0,0.0,0.0,0.0,0.0,0.0,3.797363453528888
14,3,7.2096864223449195,5867.269625346493,0.43631427883461527,0,0,0,0.0,0.0,0.0,1.0,0.0,0.0,0.0,0.0,53.64374919493719
1,1,0.0,5070.401606607771,13.964593713642666,0,0,2,0.0,0.0,1.0,0.0,0.0,0.0,0.0,0.0,36.70193543149215
10,2,27.439953222712482,7412.79946991622,14.236915213746096,0,0,0,0.0,0.0,0.0,1.0,0.0,0.0,0.0,0.0,79.71862171763865
3,2,0.0,5796.563952740005,14.237295800220767,1,1,1,0.0,0.0,0.0,0.0,0.0,0.0,0.0,1.0,45.023535605454065
18,5,22.14575691973497,2934.509558729858,14.155306299700747,0,0,1,0.0,1.0,0.0,0.0,0.0,0.0,0.0,0.0,66.75126058133955
16,3,14.70357708380346,1711.733453829669,12.228629116043416,0,0,2,0.0,0.0,0.0,0.0,0.0,0.0,0.0,0.0,27.91852480535244
2,2,0.0,6179.406572164884,10.268940751744903,1,0,1,0.0,1.0,0.0,0.0,0.0,0.0,0.0,0.0,50.28707056771362
17,5,0.0,5045.045627006251,12.667648774009285,0,0,0,0.0,0.0,1.0,0.0,0.0,0.0,0.0,0.0,50.682199664060725
7,0,0.0,1230.9642579522956,9.008193585015544,0,0,0,1.0,0.0,0.0,0.0,0.0,0.0,0.0,0.0,57.28763202442762
21,5,0.0,4137.489418194704,2.015544208380354,0,0,1,0.0,0.0,0.0,0.0,0.0,0.0,0.0,0.0,13.234621809282729
23,0,6.459915825861945,5293.3312934044,5.868272475621316,0,0,2,0.0,0.0,0.0,0.0,0.0,0.0,0.0,0.0,20.05394504630182
18,0,21.65728721976912,8320.864368108223,14.569423679594063,0,0,0,0.0,0.0,0.0,0.0,0.0,0.0,1.0,0.0,79.9073496342488
4,6,0.0,1038.1802415836148,5.267067203934845,0,0,0,0.0,0.0,1.0,0.0,0.0,0.0,0.0,0.0,40.44764787838372
6,6,12.356924350863336,3680.4048779862283,13.017418705970542,1,0,1,1.0,0.0,0.0,0.0,0.0,0.0,0.0,0.0,51.895308623925814
20,2,22.39257698532315,8279.764390290737,1.3981720616230437,1,0,2,0.0,1.0,0.0,0.0,0.0,0.0,0.0,0.0,92.88169517551718
7,5,12.120898509853797,6589.7121381843135,5.0127576356320445,0,0,2,0.0,0.0,0.0,0.0,0.0,0.0,1.0,0.0,26.020351528674134
4,6,0.0,3112.5957214967316,5.264299870910694,0,1,1,0.0,0.0,0.0,0.0,1.0,0.0,0.0,0.0,38.97401083571239
16,0,0.0,8499.750683619632,0.7740381466347024,0,0,0,0.0,0.0,0.0,0.0,0.0,0.0,1.0,0.0,46.91861876138418
4,6,0.0,5084.947731458115,1.7864149528013247,0,0,1,0.0,0.0,0.0,1.0,0.0,0.0,0.0,0.0,26.78252735564621
3,3,0.0,5134.013345711467,2.8974781668265646,0,0,1,0.0,1.0,0.0,0.0,0.0,0.0,0.0,0.0,55.27939582620242
21,2,0.0,9772.897190243728,12.567233862151694,1,0,1,0.0,0.0,0.0,0.0,1.0,0.0,0.0,0.0,28.671204193947453
18,5,0.0,9487.03008139287,0.9510298490970959,1,0,0,0.0,0.0,0.0,0.0,0.0,0.0,1.0,0.0,51.99995041090078
20,5,0.0,3777.767028687486,4.480513520165808,0,0,0,0.0,0.0,0.0,1.0,0.0,0.0,0.0,0.0,51.0574275615332
1,4,20.801850077951332,1663.6175480318984,0.15262503883901268,0,0,1,0.0,0.0,0.0,1.0,0.0,0.0,0.0,0.0,51.11042720591233
10,5,0.0,3458.9673030975123,10.434416181045371,0,0,2,0.0,1.0,0.0,0.0,0.0,0.0,0.0,0.0,58.40526339848073
21,2,0.0,595.687625020464,9.304546350650696,0,0,1,0.0,1.0,0.0,0.0,0.0,0.0,0.0,0.0,29.0900382142669
12,3,0.0,501.4485010907947,9.674733930797126,0,0,0,0.0,0.0,0.0,0.0,0.0,0.0,1.0,0.0,51.0485502016884
14,5,0.0,4136.564721638766,5.615741770719281,0,0,2,0.0,0.0,0.0,0.0,0.0,0.0,0.0,0.0,19.344647858331626
11,4,0.0,9427.89228016317,3.124017319013536,0,0,2,0.0,0.0,1.0,0.0,0.0,0.0,0.0,0.0,56.0754701402883
21,2,0.0,8752.166209952415,10.8048031992905,0,1,0,0.0,0.0,0.0,0.0,0.0,0.0,0.0,1.0,41.320375359967166
20,0,0.0,5260.995489000943,12.166768091110427,0,0,0,0.0,0.0,0.0,0.0,1.0,0.0,0.0,0.0,57.50748124372897
21,1,0.0,5782.695897357057,2.0790224714730265,1,0,1,0.0,0.0,0.0,0.0,1.0,0.0,0.0,0.0,72.39083426720637
10,1,0.0,357.5549184367478,7.30244141906132,0,0,0,0.0,0.0,0.0,0.0,0.0,1.0,0.0,0.0,54.715530839890924
6,0,0.0,2390.3612115875253,3.7307352296829377,0,0,2,0.0,0.0,0.0,0.0,0.0,1.0,0.0,0.0,39.94804546470303
4,6,23.813004210892615,540.3090312635223,2.5216029180920057,0,0,1,0.0,0.0,0.0,0.0,1.0,0.0,0.0,0.0,75.89655658890061
16,5,0.0,7619.033467145259,11.014879702424986,0,1,1,0.0,0.0,0.0,0.0,0.0,0.0,0.0,1.0,39.989438967974564
23,1,0.0,1712.764221457028,8.071454032092555,1,0,2,0.0,0.0,0.0,0.0,0.0,0.0,1.0,0.0,39.54488964902692
19,6,0.0,8729.756894025124,3.2427799856800164,0,0,0,0.0,0.0,0.0,0.0,0.0,0.0,1.0,0.0,68.96055180528111
8,1,0.0,6540.245842655146,4.650000168173176,1,0,1,1.0,0.0,0.0,0.0,0.0,0.0,0.0,0.0,93.00562189382494
13,0,0.0,2525.3611622024196,14.499805069916135,0,0,2,0.0,0.0,0.0,0.0,0.0,1.0,0.0,0.0,23.97118037845278
11,5,0.0,1829.8870757075224,12.73019347062835,0,0,2,0.0,0.0,0.0,0.0,0.0,0.0,0.0,0.0,7.456395128108842
5,5,25.077722190834404,6387.959598953616,13.199201143096925,0,0,2,0.0,0.0,0.0,0.0,0.0,0.0,1.0,0.0,32.16904477252692
16,6,0.0,9038.118708738539,6.90018145621062,0,1,0,0.0,1.0,0.0,0.0,0.0,0.0,0.0,0.0,27.461280753638682
18,0,0.0,7268.094123469502,9.357108958813125,0,0,0,0.0,0.0,0.0,0.0,0.0,0.0,0.0,1.0,46.903184072862494
18,6,3.0905758332661826,3680.902520552763,5.651516103066174,1,0,0,0.0,0.0,0.0,1.0,0.0,0.0,0.0,0.0,89.84490923504623
15,5,2.1542263633640757,5997.620874105877,1.1656796353333583,0,0,0,0.0,0.0,0.0,0.0,0.0,1.0,0.0,0.0,21.196791252974034
11,5,0.0,3314.3884451124873,6.016039659851738,0,0,2,0.0,0.0,0.0,0.0,0.0,1.0,0.0,0.0,28.674941500009247
11,2,0.0,9991.750797752991,8.90971129810717,0,0,1,0.0,0.0,0.0,0.0,0.0,0.0,0.0,1.0,24.20112450452299
19,6,0.0,7563.740128079956,4.307164061521972,0,0,2,1.0,0.0,0.0,0.0,0.0,0.0,0.0,0.0,56.791272891596755
5,2,0.0,6259.50190564051,12.719258620911237,0,1,1,0.0,0.0,1.0,0.0,0.0,0.0,0.0,0.0,44.36402333883932
22,0,0.0,4405.613684828543,2.2665023876189796,0,0,1,0.0,0.0,0.0,0.0,0.0,0.0,1.0,0.0,28.2415947297217
3,3,0.0,6296.077215517706,5.506936341553798,0,0,1,0.0,0.0,0.0,1.0,0.0,0.0,0.0,0.0,26.823656467357807
5,1,22.899242315403896,3613.6758059331473,1.8735585798630439,0,0,0,0.0,0.0,0.0,1.0,0.0,0.0,0.0,0.0,79.57215286376831
10,2,0.0,579.9889427428983,6.07248200977838,1,1,2,0.0,1.0,0.0,0.0,0.0,0.0,0.0,0.0,99.88358438816316
0,1,0.0,4132.358666859338,0.5949195746140568,1,0,1,0.0,0.0,0.0,1.0,0.0,0.0,0.0,0.0,28.125036857847878
23,4,0.0,9325.663949924709,4.088240925924682,0,0,2,0.0,0.0,0.0,0.0,0.0,1.0,0.0,0.0,35.85685668651256
22,0,22.433299148163023,6375.120619306499,6.011028826705255,1,0,0,0.0,0.0,1.0,0.0,0.0,0.0,0.0,0.0,60.53328544494559
14,3,0.0,1114.3703197877458,7.172480449150374,1,0,1,0.0,0.0,0.0,0.0,0.0,0.0,1.0,0.0,25.16093783721415
10,4,6.312614512245547,8884.438049931752,8.155445377127128,0,0,0,0.0,0.0,0.0,0.0,1.0,0.0,0.0,0.0,77.04219529112135
18,4,0.0,2908.0860386126938,4.124866946848783,0,0,0,0.0,0.0,0.0,0.0,1.0,0.0,0.0,0.0,76.35902922522482
17,5,0.0,2664.564082902456,7.845620019223086,0,0,2,0.0,0.0,0.0,0.0,1.0,0.0,0.0,0.0,52.50037051756045
16,4,0.0,3181.782397169112,7.635069323430898,0,0,1,0.0,0.0,1.0,0.0,0.0,0.0,0.0,0.0,26.676573234057273
18,0,0.0,5898.861690421787,4.742670763143126,1,0,0,0.0,1.0,0.0,0.0,0.0,0.0,0.0,0.0,80.97285518768327
20,2,0.0,5583.474506309573,12.453004959847174,1,0,2,0.0,0.0,0.0,0.0,1.0,0.0,0.0,0.0,81.9957595353718
13,0,0.0,5066.713419841953,8.184616898903476,1,0,1,0.0,0.0,0.0,0.0,1.0,0.0,0.0,0.0,52.619706595976844
17,2,0.0,7260.1075760724825,4.984045781198175,0,0,1,1.0,0.0,0.0,0.0,0.0,0.0,0.0,0.0,75.33807500702515
18,4,22.021921050693237,3370.4159939491024,14.210077681211647,0,0,0,0.0,0.0,0.0,0.0,0.0,0.0,0.0,1.0,80.02009485600864
14,4,0.0,7886.0258592525815,12.676686196067415,0,0,0,0.0,0.0,1.0,0.0,0.0,0.0,0.0,0.0,41.81293949967942
14,3,0.0,2000.6202802724115,14.738817173277013,0,0,0,0.0,0.0,1.0,0.0,0.0,0.0,0.0,0.0,44.674706222683355
3,2,0.0,7891.42165404699,10.383508119681311,0,0,0,0.0,0.0,0.0,0.0,0.0,0.0,1.0,0.0,31.481346445341774
6,4,18.45220020055532,6738.958020927744,5.673343582590703,0,0,1,0.0,1.0,0.0,0.0,0.0,0.0,0.0,0.0,51.3530228255893
12,5,4.523784474970545,6927.120602611589,4.212910000185185,0,0,0,0.0,0.0,0.0,0.0,0.0,1.0,0.0,0.0,19.126722115558465
2,1,0.0,4971.067952134422,9.949767655117215,0,1,0,0.0,0.0,0.0,0.0,0.0,1.0,0.0,0.0,38.439462055006906
15,3,0.0,6769.914867004388,14.712248737429555,1,1,0,1.0,0.0,0.0,0.0,0.0,0.0,0.0,0.0,59.06619107059858
8,0,0.0,1074.031351626737,9.400726201557731,0,0,1,0.0,1.0,0.0,0.0,0.0,0.0,0.0,0.0,68.38206352505168
7,3,14.647233883002917,8560.045835378862,13.224224114847573,1,0,2,0.0,0.0,1.0,0.0,0.0,0.0,0.0,0.0,57.20758459711104
19,1,7.766662259115135,838.8081648301663,4.936551465716529,1,0,2,1.0,0.0,0.0,0.0,0.0,0.0,0.0,0.0,89.11864928256662
12,2,0.0,1742.7926457535254,6.104306737113834,1,0,1,0.0,0.0,0.0,0.0,0.0,0.0,0.0,1.0,43.12676215879213
16,0,0.0,5894.860172423192,13.5941285938403,1,0,2,0.0,0.0,0.0,0.0,1.0,0.0,0.0,0.0,44.501313625803064
16,0,0.0,7472.291117929908,11.353000529367282,0,0,1,0.0,0.0,0.0,0.0,0.0,0.0,0.0,0.0,15.747703249285369
16,2,0.0,1039.6401741586587,14.721154805518587,0,0,0,0.0,0.0,0.0,0.0,0.0,0.0,0.0,0.0,20.63777528752402
0,6,5.429191919340068,9231.418696986502,11.621463145983629,1,0,2,0.0,0.0,0.0,0.0,0.0,0.0,1.0,0.0,30.128283801180014
7,6,0.0,9743.994193366776,6.727735608273476,1,0,1,0.0,0.0,0.0,0.0,1.0,0.0,0.0,0.0,59.474971206768025
18,3,0.0,6177.716678174797,7.966020297335446,0,0,1,0.0,0.0,0.0,0.0,0.0,1.0,0.0,0.0,49.523360973819365
5,4,9.848168806744537,4968.0615171553145,13.50773238694705,1,0,0,0.0,0.0,0.0,0.0,1.0,0.0,0.0,0.0,57.416018377414936
2,6,4.747177880226405,7491.531231113572,8.274701041470719,0,0,1,1.0,0.0,0.0,0.0,0.0,0.0,0.0,0.0,43.37719020860186
4,3,0.0,3485.066317573893,3.830960612466678,0,0,2,0.0,1.0,0.0,0.0,0.0,0.0,0.0,0.0,59.84376173943413
12,6,19.85671664102701,5084.665010819533,6.534297191549242,0,0,0,0.0,0.0,0.0,0.0,0.0,0.0,1.0,0.0,56.16908449259162
14,1,0.0,9186.664960099693,7.7447398327367685,0,0,1,0.0,0.0,1.0,0.0,0.0,0.0,0.0,0.0,46.29979367626262
13,5,3.662562649536981,9569.857624842876,1.4507975032669433,0,0,0,0.0,0.0,0.0,0.0,0.0,0.0,1.0,0.0,27.223688657752852
22,4,3.3809358131497556,9292.570425696495,11.156440113793353,0,0,1,0.0,1.0,0.0,0.0,0.0,0.0,0.0,0.0,54.129270556809274
15,3,0.0,2845.7462495492496,1.6403090003245953,0,0,2,1.0,0.0,0.0,0.0,0.0,0.0,0.0,0.0,56.16967950693241
17,5,22.313020421206325,2554.949690102605,6.073765700532085,1,1,2,0.0,0.0,0.0,0.0,0.0,1.0,0.0,0.0,70.90656112322239
21,5,21.356462556878675,3187.3457075143483,12.069336623106068,0,0,0,0.0,0.0,0.0,0.0,0.0,0.0,0.0,0.0,13.888029850339105
21,6,0.0,4580.717790168064,7.0135554241994535,0,0,1,0.0,1.0,0.0,0.0,0.0,0.0,0.0,0.0,19.77582972881889
10,2,0.0,3347.4239040820466,12.63023279577762,0,0,0,1.0,0.0,0.0,0.0,0.0,0.0,0.0,0.0,74.04786066287515
2,1,2.540284657280697,3929.8641186688624,5.128219830841725,0,0,0,0.0,0.0,0.0,1.0,0.0,0.0,0.0,0.0,42.99251213749259
21,1,0.0,6320.178435571367,14.364544409976531,0,0,2,1.0,0.0,0.0,0.0,0.0,0.0,0.0,0.0,45.64699734843445
9,1,0.0,7696.499067811566,3.1420264770785336,0,0,0,0.0,0.0,0.0,1.0,0.0,0.0,0.0,0.0,63.56272550162153
9,4,20.946989694393903,7434.914523198795,0.5739621748395196,1,0,1,0.0,1.0,0.0,0.0,0.0,0.0,0.0,0.0,95.96746450588572
20,0,27.785667643183498,8199.908600667775,13.086398144856279,0,0,2,0.0,0.0,0.0,0.0,0.0,0.0,0.0,1.0,75.23872201915323
15,4,0.0,612.188711189401,11.283040739256123,0,0,1,0.0,0.0,0.0,0.0,0.0,0.0,0.0,1.0,8.522951813683687
11,3,0.0,763.0177598839339,3.479757556010592,1,0,0,0.0,0.0,0.0,0.0,0.0,0.0,1.0,0.0,53.33494138196776
1,5,0.0,7957.014718679705,14.77112410705011,1,0,2,0.0,0.0,0.0,1.0,0.0,0.0,0.0,0.0,21.350015078478368
8,5,0.0,5470.864576548929,7.534201939027917,0,0,1,0.0,0.0,0.0,0.0,0.0,1.0,0.0,0.0,56.52594155582964
23,0,0.0,5907.964535492567,14.265981602162453,0,0,1,1.0,0.0,0.0,0.0,0.0,0.0,0.0,0.0,52.130554788127455
2,3,9.816000661167875,810.0925440794576,7.57543157080499,0,0,0,0.0,1.0,0.0,0.0,0.0,0.0,0.0,0.0,42.78619882347695
23,0,0.0,2776.5438713613275,7.0781188015693655,0,0,1,1.0,0.0,0.0,0.0,0.0,0.0,0.0,0.0,35.02757409840113
14,5,0.0,6492.036757389134,6.7370780571669755,0,0,0,0.0,0.0,0.0,0.0,0.0,0.0,0.0,0.0,0.8606590619273735
2,6,0.0,8634.064334073559,5.023129141994253,1,0,0,0.0,1.0,0.0,0.0,0.0,0.0,0.0,0.0,44.54054111110864
18,4,14.041825883863932,9194.738952659605,8.005522457648276,0,0,0,0.0,0.0,1.0,0.0,0.0,0.0,0.0,0.0,62.53048432601575
17,1,0.0,5154.069109600293,6.788319929228518,0,0,0,0.0,0.0,0.0,0.0,0.0,0.0,0.0,1.0,50.88295203513782
7,5,0.0,5591.100057560517,0.551203149353312,0,0,2,1.0,0.0,0.0,0.0,0.0,0.0,0.0,0.0,45.619305015999004
16,2,0.0,8380.581421369212,3.9065285013525375,1,0,1,0.0,0.0,0.0,0.0,0.0,0.0,0.0,1.0,24.931769063438747
7,1,0.0,5514.95862724934,3.196842001583376,0,0,1,0.0,0.0,0.0,0.0,0.0,0.0,0.0,0.0,12.895767281667535
6,5,0.0,5313.527697711978,13.011534034815998,0,0,2,0.0,0.0,0.0,0.0,0.0,0.0,0.0,1.0,0.0
6,4,0.0,9079.31516628125,8.98304965840262,0,0,0,0.0,0.0,0.0,0.0,1.0,0.0,0.0,0.0,48.12597049950059
2,0,0.0,7962.347394242037,11.455246506745912,0,0,0,0.0,0.0,0.0,0.0,0.0,0.0,1.0,0.0,49.61416000081752
0,6,0.0,9118.003505704557,14.352390566239208,1,1,0,0.0,1.0,0.0,0.0,0.0,0.0,0.0,0.0,53.71031775556897
3,6,0.0,2416.996431377192,9.66058908789615,0,0,0,0.0,0.0,0.0,0.0,0.0,0.0,1.0,0.0,22.78697063750249
4,1,0.0,5386.44222055696,14.739149871071165,0,0,2,0.0,0.0,0.0,0.0,0.0,0.0,0.0,1.0,24.570713219505787
0,4,0.0,8471.979647355573,4.676460774781944,0,0,1,0.0,0.0,0.0,0.0,0.0,1.0,0.0,0.0,35.484828385747086
14,6,0.0,1378.1339264309568,2.794007734693408,1,0,0,0.0,0.0,1.0,0.0,0.0,0.0,0.0,0.0,37.407717680871954
4,6,0.0,8008.222896651429,6.049648319893672,0,0,0,0.0,0.0,0.0,0.0,1.0,0.0,0.0,0.0,8.940013210682189
12,3,0.0,2074.8418191242336,7.06199122403712,1,0,0,0.0,0.0,0.0,0.0,1.0,0.0,0.0,0.0,76.2156242104744
7,2,0.8485478487293918,8138.751923357615,13.430423142788776,0,0,1,1.0,0.0,0.0,0.0,0.0,0.0,0.0,0.0,60.43037018216648
7,1,0.0,6236.409094301621,8.399106585550145,0,0,1,1.0,0.0,0.0,0.0,0.0,0.0,0.0,0.0,58.57427788089971
4,0,0.0,2174.3891174032115,4.382714991270255,0,1,2,0.0,0.0,0.0,1.0,0.0,0.0,0.0,0.0,33.61823686047636
8,6,0.0,4891.53553952817,11.139514243012814,0,0,1,0.0,0.0,0.0,0.0,0.0,0.0,0.0,0.0,42.664541756717014
0,3,19.699708698685356,6914.4801146694845,7.587479057086064,1,0,1,0.0,0.0,0.0,1.0,0.0,0.0,0.0,0.0,41.34826822573141
3,4,25.110233874093517,6448.373138570361,2.4319791791275525,1,0,0,0.0,1.0,0.0,0.0,0.0,0.0,0.0,0.0,77.10180829260247
2,6,0.0,4444.297803447533,8.652296813868784,0,0,1,0.0,1.0,0.0,0.0,0.0,0.0,0.0,0.0,29.650809007852033
1,2,0.0,9023.855330532992,13.670918052109258,0,0,0,0.0,0.0,0.0,0.0,0.0,0.0,1.0,0.0,46.611161401136926
7,0,0.0,5336.85512053209,12.639339262137302,0,0,2,0.0,1.0,0.0,0.0,0.0,0.0,0.0,0.0,46.47174175328188
22,4,0.0,5206.912795728277,8.802149589529966,1,0,0,0.0,1.0,0.0,0.0,0.0,0.0,0.0,0.0,52.47331944343368
8,4,0.0,903.8307224321064,5.656247608274822,0,0,2,0.0,0.0,0.0,0.0,0.0,0.0,0.0,0.0,38.78017544780173
1,1,18.61677586256996,9244.56778103708,1.3046812659631675,0,0,1,0.0,0.0,0.0,0.0,0.0,0.0,1.0,0.0,41.41906802258886
13,6,0.0,2018.0307161802182,7.044733849974357,0,1,2,0.0,0.0,0.0,0.0,1.0,0.0,0.0,0.0,22.185258255078022
13,1,18.39850040525696,5424.943526334576,11.281191562943688,0,0,0,0.0,0.0,0.0,0.0,0.0,0.0,1.0,0.0,55.680009839692474
3,0,0.0,8094.605733583008,5.404105795995159,1,0,1,0.0,1.0,0.0,0.0,0.0,0.0,0.0,0.0,59.74038897926845
5,6,16.371090480988453,2389.89678646974,3.531702383274966,1,0,1,0.0,0.0,0.0,0.0,1.0,0.0,0.0,0.0,84.81580109459483
10,5,18.828910647053636,5415.520912717158,13.970695789064301,0,0,0,1.0,0.0,0.0,0.0,0.0,0.0,0.0,0.0,86.39232275716579
2,6,0.0,2634.643619466406,12.323335506869887,0,0,1,0.0,1.0,0.0,0.0,0.0,0.0,0.0,0.0,28.555843229166605
7,5,0.0,7669.041478659145,9.574134291302169,0,0,0,0.0,0.0,1.0,0.0,0.0,0.0,0.0,0.0,15.250655820354506
2,4,0.0,5774.109328369562,2.0517501588077907,1,0,2,0.0,0.0,0.0,0.0,0.0,0.0,0.0,1.0,36.559771263848695
13,1,0.0,8602.965845832892,2.1736326060925952,0,1,2,0.0,0.0,1.0,0.0,0.0,0.0,0.0,0.0,39.549985574804516
12,2,0.0,8977.212627910614,1.5482938718366845,0,0,1,0.0,0.0,0.0,0.0,0.0,1.0,0.0,0.0,36.66278167447166
12,6,0.0,6592.714779720362,9.244450003391147,0,0,0,0.0,0.0,0.0,0.0,0.0,0.0,1.0,0.0,28.408705668687613
1,2,0.0,7336.295087741762,1.7334419471000402,0,0,0,0.0,0.0,0.0,1.0,0.0,0.0,0.0,0.0,44.41176945709686
12,6,14.035140393741449,5627.434968902578,12.639407982939495,0,0,2,1.0,0.0,0.0,0.0,0.0,0.0,0.0,0.0,52.87280208754211
18,4,0.0,4028.958710753614,14.894475027289833,0,0,0,0.0,0.0,0.0,0.0,0.0,0.0,1.0,0.0,71.27271176449136
5,1,5.3482442496612235,6586.743853302096,5.4952227706299785,1,0,1,0.0,0.0,0.0,1.0,0.0,0.0,0.0,0.0,38.34916841408857
15,0,0.0,9110.39964782709,6.805047704506462,0,0,1,0.0,0.0,0.0,1.0,0.0,0.0,0.0,0.0,35.894095118983735
1,0,22.869562850819275,4341.799690184948,10.675007654785182,0,1,2,0.0,0.0,0.0,0.0,0.0,1.0,0.0,0.0,50.76833823244806
7,0,0.0,3349.777255825815,14.057295094886488,0,0,0,0.0,0.0,0.0,0.0,1.0,0.0,0.0,0.0,9.116550001261364
16,6,0.0,4067.838303959969,13.411406603345776,0,0,1,0.0,1.0,0.0,0.0,0.0,0.0,0.0,0.0,24.487594175352527
22,6,26.918480164065656,4523.357013052516,0.8638774312477288,0,0,1,0.0,0.0,0.0,0.0,0.0,1.0,0.0,0.0,39.683092346456114
1,2,0.0,1013.5419810838473,2.5360770383514755,0,0,1,0.0,0.0,0.0,0.0,0.0,0.0,0.0,0.0,16.018433600119337
9,1,7.51119152120933,5134.885852219446,11.318957978366884,0,0,0,0.0,0.0,1.0,0.0,0.0,0.0,0.0,0.0,63.408287830503035
15,6,0.0,5094.848206085579,10.33339662048671,0,0,2,0.0,0.0,1.0,0.0,0.0,0.0,0.0,0.0,38.565918737799265
5,1,0.0,6007.905128113075,1.998278910601849,0,0,2,0.0,0.0,0.0,0.0,1.0,0.0,0.0,0.0,42.708006238098825
1,2,0.0,3819.3542955719154,7.530968730023515,0,0,1,0.0,0.0,0.0,0.0,1.0,0.0,0.0,0.0,38.328291669522066
1,6,29.520544505890815,6247.143680769221,11.712219466279434,1,1,2,0.0,0.0,0.0,0.0,0.0,0.0,1.0,0.0,45.60956865082505
12,0,0.0,8818.69820965977,3.2817102339404047,0,0,1,0.0,0.0,0.0,0.0,0.0,0.0,0.0,0.0,31.862248681451355
23,0,10.77693421865169,9568.068607803094,13.069314536019995,0,1,1,0.0,0.0,0.0,0.0,0.0,1.0,0.0,0.0,58.76168303680352
14,4,8.781733135193155,5961.0384965681815,0.7945766223055195,0,0,0,0.0,0.0,1.0,0.0,0.0,0.0,0.0,0.0,44.53559687217419
1,5,0.0,713.1322535120371,11.732926276021109,0,0,1,0.0,0.0,0.0,0.0,1.0,0.0,0.0,0.0,31.238508820044306
6,3,0.0,9701.589173490956,9.237283496848054,1,0,1,0.0,0.0,0.0,0.0,0.0,0.0,0.0,1.0,42.18960282445457
2,5,28.662424942382895,7146.861990693686,4.7279901998152365,0,0,0,0.0,1.0,0.0,0.0,0.0,0.0,0.0,0.0,62.1898019449491
7,6,0.0,3558.8473909704257,10.81398822512867,1,0,0,0.0,0.0,0.0,0.0,0.0,0.0,1.0,0.0,37.59404232800729
22,1,0.0,1727.4296993481169,11.735486927267395,0,0,2,0.0,1.0,0.0,0.0,0.0,0.0,0.0,0.0,30.817321717611307
13,6,0.0,1691.160538691867,14.008484569559538,1,0,0,0.0,0.0,0.0,0.0,1.0,0.0,0.0,0.0,44.46538046638618
23,1,0.0,1927.1207395541464,5.516620082313954,1,1,1,1.0,0.0,0.0,0.0,0.0,0.0,0.0,0.0,63.44903924529607
22,1,0.0,742.053459654057,10.290251039699324,0,0,0,0.0,0.0,0.0,0.0,0.0,0.0,0.0,1.0,28.326578508447554
21,5,0.0,9050.895629933242,9.039244154020363,1,0,0,1.0,0.0,0.0,0.0,0.0,0.0,0.0,0.0,47.25022390758542
6,3,16.761702246376572,5545.451858425163,7.878091041856327,0,0,2,0.0,0.0,0.0,1.0,0.0,0.0,0.0,0.0,45.47217638218799
20,4,0.0,7089.606303324221,13.356247112325569,1,0,0,0.0,0.0,0.0,0.0,1.0,0.0,0.0,0.0,74.82156134457507
6,5,0.0,8332.652539902581,0.04750971207600485,1,0,1,0.0,0.0,1.0,0.0,0.0,0.0,0.0,0.0,32.59283867929299
0,3,1.5847393345241012,7977.947761432042,4.231674091553964,1,0,1,0.0,0.0,0.0,0.0,0.0,1.0,0.0,0.0,28.135558829353695
16,0,24.512548407589485,8861.274550169763,8.074158593172452,0,1,1,0.0,0.0,0.0,0.0,0.0,1.0,0.0,0.0,53.691388623377065
8,0,24.748407883816725,9682.369838492034,2.674398924548285,1,0,0,0.0,0.0,0.0,0.0,0.0,1.0,0.0,0.0,88.20736964335462
20,1,0.0,4558.984962996814,13.617998005991375,0,0,0,0.0,0.0,0.0,0.0,0.0,1.0,0.0,0.0,48.65675580287514
12,2,9.709883431074008,9518.254026683388,9.71392676419523,0,1,1,0.0,0.0,0.0,0.0,0.0,0.0,0.0,1.0,48.550088148222166
20,6,0.0,7315.912498925319,7.168244919479848,0,1,0,1.0,0.0,0.0,0.0,0.0,0.0,0.0,0.0,65.34262496303806
18,6,0.0,985.4814459883612,12.220526385999818,1,1,2,0.0,0.0,0.0,1.0,0.0,0.0,0.0,0.0,59.204314697448844
20,1,0.0,6913.296275759751,6.763292871976557,0,0,2,0.0,0.0,0.0,0.0,0.0,0.0,0.0,1.0,49.76094955625475
18,2,0.0,6961.151598167032,8.379795178950143,0,0,2,1.0,0.0,0.0,0.0,0.0,0.0,0.0,0.0,79.93458467658044
21,3,8.933612196878967,9086.847468787513,0.04126493330881498,0,0,2,0.0,1.0,0.0,0.0,0.0,0.0,0.0,0.0,49.96214241718819
16,0,0.0,3917.441684959893,5.485507952926103,0,0,1,0.0,0.0,0.0,0.0,0.0,1.0,0.0,0.0,28.39087350020259
22,6,0.07582649495726845,5973.641552636633,2.0818570852645464,1,0,0,0.0,0.0,0.0,0.0,0.0,0.0,0.0,1.0,20.73737755191957
22,5,3.034531737552858,418.2192448139024,10.345330209934366,1,0,2,0.0,1.0,0.0,0.0,0.0,0.0,0.0,0.0,62.592496497500285
9,2,0.0,3521.129849158959,7.185404384636007,0,0,1,0.0,0.0,0.0,0.0,0.0,0.0,1.0,0.0,69.69293583130937
9,3,0.0,903.7641437401751,4.5263633587534615,0,0,2,0.0,0.0,0.0,0.0,0.0,0.0,1.0,0.0,70.30648923212775
3,0,0.0,5362.1678358195,7.017485090576136,0,0,0,0.0,0.0,1.0,0.0,0.0,0.0,0.0,0.0,39.65118527308454
7,5,0.0,8229.242209917447,3.1444483192701926,0,0,2,0.0,0.0,0.0,0.0,1.0,0.0,0.0,0.0,30.333654808936657
21,2,0.0,2302.494113651969,13.876299487292108,0,0,2,0.0,0.0,0.0,0.0,0.0,0.0,1.0,0.0,40.47216504584412
19,1,16.53094058040471,5416.178141910451,0.809589488263695,0,1,2,0.0,0.0,0.0,0.0,0.0,0.0,0.0,1.0,82.44727307173399
19,1,0.0,2278.8837741544403,12.981255529441805,0,0,2,1.0,0.0,0.0,0.0,0.0,0.0,0.0,0.0,76.73619141867624
17,1,0.0,1470.6781381085323,7.670381831000264,0,0,0,0.0,0.0,0.0,0.0,0.0,0.0,0.0,0.0,51.185601733725925
13,6,27.997760027425617,5256.668881763122,9.28419744208226,0,0,1,0.0,0.0,0.0,1.0,0.0,0.0,0.0,0.0,37.05135529007897
17,3,0.0,1067.741623212358,4.539084313630557,0,0,2,0.0,1.0,0.0,0.0,0.0,0.0,0.0,0.0,57.2398049875617
13,1,22.93691154171306,5997.339922038497,14.50046425191482,0,0,1,0.0,0.0,0.0,0.0,1.0,0.0,0.0,0.0,32.68674850415293
19,6,0.0,603.9733685642448,4.227764377792347,0,1,0,0.0,0.0,0.0,0.0,0.0,0.0,0.0,0.0,19.745135531931123
20,4,0.0,1335.1352271232427,8.833169957104564,1,0,0,0.0,0.0,1.0,0.0,0.0,0.0,0.0,0.0,82.2608260419901
23,6,0.0,5634.975609227371,14.901250576606934,0,0,2,0.0,0.0,0.0,0.0,1.0,0.0,0.0,0.0,9.735128242023816
14,0,0.0,6036.651905119465,13.216415945751686,0,0,1,1.0,0.0,0.0,0.0,0.0,0.0,0.0,0.0,56.885618843208725
21,6,0.0,581.1732219094533,8.04494737929159,0,0,2,0.0,0.0,0.0,0.0,0.0,0.0,1.0,0.0,39.405016797011044
3,3,11.199149703686622,5861.754843615117,14.855617844508181,1,0,0,0.0,0.0,1.0,0.0,0.0,0.0,0.0,0.0,54.049031971079096
12,5,0.0,8433.474495639279,10.52054792598922,1,0,2,1.0,0.0,0.0,0.0,0.0,0.0,0.0,0.0,40.0846601490914
22,6,9.01773368342755,7306.466919751353,3.13050624212714,1,0,2,0.0,0.0,0.0,0.0,0.0,0.0,0.0,0.0,13.094631192521105
7,1,0.0,1572.4955080317468,6.083943156537096,0,0,1,0.0,0.0,0.0,0.0,0.0,0.0,1.0,0.0,50.320682993006216
17,0,0.0,6047.004081367065,5.017400010173265,0,0,0,0.0,0.0,0.0,0.0,0.0,0.0,0.0,0.0,43.789315653163705
11,2,0.0,6820.849250719871,5.160205624067837,1,0,2,0.0,0.0,0.0,0.0,0.0,1.0,0.0,0.0,33.37480195481626
22,1,5.770294694250643,661.1426569972302,11.406846590397993,0,0,2,0.0,0.0,0.0,0.0,0.0,1.0,0.0,0.0,43.724965144106626
13,0,0.0,8596.87238623114,8.763943909091903,1,0,2,0.0,0.0,0.0,0.0,1.0,0.0,0.0,0.0,46.725007781408486
1,4,0.0,9090.793753711352,0.5713906738429281,0,0,1,0.0,0.0,0.0,0.0,0.0,0.0,1.0,0.0,31.822339621218312
17,2,17.14919169810444,8549.387051613909,13.16172725476464,0,0,0,0.0,0.0,0.0,0.0,0.0,0.0,0.0,0.0,51.86617711673582
23,4,0.0,8298.925239494398,4.451942107202468,1,0,2,0.0,0.0,0.0,0.0,0.0,0.0,0.0,0.0,13.763163798921065
1,5,4.489101645267802,7526.1624250706645,14.956123153697154,0,0,2,0.0,0.0,0.0,0.0,0.0,0.0,0.0,0.0,11.494128670338196
10,0,0.0,6444.290703435013,14.312860955021787,0,0,2,0.0,0.0,0.0,0.0,1.0,0.0,0.0,0.0,47.21029276762053
8,4,8.3547601007216,6882.681948386044,14.107960750229477,0,0,0,0.0,0.0,0.0,0.0,0.0,1.0,0.0,0.0,51.64429574829198
11,5,28.294893835600476,8122.034345349336,12.166914060959606,1,1,1,0.0,0.0,0.0,0.0,0.0,0.0,0.0,1.0,56.49030600947648
16,0,26.52210328247194,6726.235046104654,3.3091999752531387,0,0,1,0.0,0.0,0.0,1.0,0.0,0.0,0.0,0.0,50.6398340152554
14,0,0.0,3478.9514798160885,7.98949116043173,0,0,2,0.0,0.0,0.0,0.0,0.0,0.0,0.0,0.0,23.61273236196503
16,4,0.0,3946.822690965133,3.3645394023746187,0,0,2,0.0,0.0,0.0,0.0,0.0,0.0,0.0,1.0,22.817263942682608
17,0,6.751750365440162,9001.457443211233,3.895131833834238,1,0,1,0.0,0.0,0.0,1.0,0.0,0.0,0.0,0.0,75.6499832685822
21,1,0.0,466.0842322324704,9.164276541544162,1,0,1,0.0,0.0,0.0,0.0,1.0,0.0,0.0,0.0,70.10666145602087
5,0,0.0,7078.559638069536,0.6125031802959507,0,0,1,0.0,0.0,0.0,0.0,0.0,0.0,0.0,1.0,35.25179242252243
16,3,15.825435596656344,9561.34225852459,14.541878502310615,0,0,2,1.0,0.0,0.0,0.0,0.0,0.0,0.0,0.0,67.01249252825382
22,5,0.0,7150.413248592345,13.780097588669467,0,0,2,0.0,1.0,0.0,0.0,0.0,0.0,0.0,0.0,29.630641521132127
23,0,0.0,9940.946285848286,5.711513582365797,0,0,1,0.0,0.0,0.0,0.0,0.0,1.0,0.0,0.0,26.037388648637357
17,3,0.0,6969.185583624809,7.7313367201036955,1,0,1,0.0,1.0,0.0,0.0,0.0,0.0,0.0,0.0,87.76591733168226
7,0,0.0,633.3213834035524,6.991791289016385,0,0,0,1.0,0.0,0.0,0.0,0.0,0.0,0.0,0.0,53.13331186785813
8,0,0.0,8321.99585197516,13.232996679262047,0,0,2,0.0,0.0,0.0,0.0,0.0,1.0,0.0,0.0,39.55954616127771
5,4,6.524530615889342,3060.910145811395,10.329028144741665,0,0,0,0.0,0.0,0.0,0.0,0.0,0.0,1.0,0.0,42.58540283974261
4,1,0.0,4626.755088945077,4.171668711365347,0,0,1,0.0,0.0,0.0,0.0,0.0,0.0,0.0,1.0,21.933551406125357
11,5,28.795302802155554,3327.2915842986963,6.702618816979453,0,0,2,1.0,0.0,0.0,0.0,0.0,0.0,0.0,0.0,65.4389060370405
10,1,15.60269812817503,2904.9748302338908,6.434489635301456,0,0,2,1.0,0.0,0.0,0.0,0.0,0.0,0.0,0.0,87.80887912312326
0,2,12.020978437297588,4484.635325596918,14.39002752425878,1,0,0,0.0,0.0,0.0,0.0,0.0,1.0,0.0,0.0,53.74072135809077
10,4,0.0,3973.8890498745354,2.6296636577195946,0,0,0,0.0,0.0,1.0,0.0,0.0,0.0,0.0,0.0,85.15227934209321
18,4,23.36965517698826,6443.384243873117,1.3436450594164357,0,0,0,0.0,0.0,0.0,1.0,0.0,0.0,0.0,0.0,98.95236206514028
8,1,0.0,8187.566649578853,13.209282482425353,0,0,0,0.0,0.0,0.0,0.0,0.0,0.0,0.0,0.0,42.19440201571315
1,6,0.0,3181.7599359162355,13.450289842588063,1,1,2,0.0,0.0,0.0,0.0,1.0,0.0,0.0,0.0,39.02147552952337
11,4,17.548083550171434,2373.095182373569,13.07608631868247,0,0,1,0.0,0.0,0.0,0.0,0.0,0.0,1.0,0.0,49.97934897475005
3,1,0.0,6768.88412744232,7.664653734383346,1,1,1,0.0,0.0,0.0,0.0,0.0,0.0,0.0,0.0,26.57663559063815
3,4,21.381540088756488,6802.104638558581,9.896166424041906,1,1,1,1.0,0.0,0.0,0.0,0.0,0.0,0.0,0.0,65.47746087337107
17,0,0.0,9040.973021075866,8.450445713414759,1,0,0,0.0,0.0,0.0,0.0,0.0,1.0,0.0,0.0,76.12237449743779
14,1,11.135223620673392,454.6731585971152,1.0417173908160138,0,0,1,1.0,0.0,0.0,0.0,0.0,0.0,0.0,0.0,51.37248303078573
18,1,0.0,8574.494422530146,8.937523453510837,0,0,0,0.0,0.0,0.0,0.0,0.0,0.0,0.0,1.0,49.8629688747414
12,3,28.750457508928267,5353.7210775990625,0.20421220884151325,0,0,0,0.0,0.0,0.0,0.0,1.0,0.0,0.0,0.0,65.40222931773414
18,4,0.0,6326.630264969359,4.874811143356292,0,0,1,0.0,0.0,0.0,1.0,0.0,0.0,0.0,0.0,49.372174652321064
16,4,0.0,1186.3029734457232,13.984388638097506,1,0,1,0.0,0.0,0.0,0.0,0.0,1.0,0.0,0.0,38.01261484453882
5,1,0.0,4496.364848858843,4.560679044537114,0,0,1,0.0,0.0,0.0,0.0,0.0,0.0,1.0,0.0,41.94899552050779
15,0,0.0,2504.8333502136807,14.097399639663719,0,0,2,0.0,0.0,0.0,0.0,0.0,0.0,0.0,1.0,33.17593026634573
23,0,0.0,2765.982791800338,3.7520093572386637,0,0,0,0.0,0.0,0.0,0.0,1.0,0.0,0.0,0.0,48.450389574658395
11,5,0.0,5189.722612357466,4.7184336069229875,1,0,2,0.0,0.0,0.0,1.0,0.0,0.0,0.0,0.0,33.50895831241446
18,0,0.0,8180.82271891019,9.426112446578303,0,0,1,0.0,0.0,0.0,0.0,0.0,1.0,0.0,0.0,54.49906350705212
4,4,0.0,7514.675022405105,11.424404591839423,0,1,2,1.0,0.0,0.0,0.0,0.0,0.0,0.0,0.0,44.30248157548913
16,6,0.0,6032.699603133752,7.520816520073261,0,0,2,0.0,0.0,0.0,0.0,0.0,0.0,1.0,0.0,27.98644069933415
22,3,3.4181454938395595,5532.35646970863,13.231735307912333,1,0,1,0.0,0.0,1.0,0.0,0.0,0.0,0.0,0.0,42.4734269469234
0,1,2.5185498449935153,4444.8686193745525,0.6036063241592887,0,0,1,0.0,0.0,0.0,0.0,0.0,0.0,0.0,0.0,20.949305242886336
23,2,10.186945366905862,9735.286743545448,13.832922579515559,0,1,0,0.0,1.0,0.0,0.0,0.0,0.0,0.0,0.0,49.319927067606486
22,3,9.325384665521797,5733.867776072063,2.9446169984311203,0,0,0,0.0,0.0,0.0,0.0,0.0,0.0,0.0,1.0,20.05997410365107
9,6,0.0,2763.4740636285546,13.26358117626984,1,1,2,0.0,0.0,1.0,0.0,0.0,0.0,0.0,0.0,69.16385615030406
14,2,0.0,2531.8806827883836,6.0129476922957075,0,0,1,0.0,1.0,0.0,0.0,0.0,0.0,0.0,0.0,46.15197518373259
22,3,0.0,6230.124398518876,12.491355838065564,1,0,0,0.0,0.0,1.0,0.0,0.0,0.0,0.0,0.0,59.04491107733478
20,0,15.529442670528152,5371.427014916008,10.074983247055426,0,0,0,0.0,1.0,0.0,0.0,0.0,0.0,0.0,0.0,67.47582404300208
20,4,5.02102592179954,374.668688660714,2.6391244871739317,0,0,2,0.0,1.0,0.0,0.0,0.0,0.0,0.0,0.0,80.81708343186057
10,6,0.0,8351.63411029906,13.770713548221726,0,0,2,1.0,0.0,0.0,0.0,0.0,0.0,0.0,0.0,74.02399192211601
12,2,0.0,7129.986836054616,3.682760857326895,0,0,2,0.0,0.0,0.0,0.0,1.0,0.0,0.0,0.0,54.415865126753594
4,6,0.0,6719.744109877604,3.6621017804249862,0,0,1,0.0,0.0,0.0,0.0,1.0,0.0,0.0,0.0,46.02937555742952
0,3,0.0,967.1723796672918,12.212683449560707,0,0,0,0.0,0.0,1.0,0.0,0.0,0.0,0.0,0.0,52.27052778520063
23,4,0.0,3811.941746673167,1.5880988335878155,0,0,0,0.0,0.0,0.0,0.0,0.0,0.0,1.0,0.0,28.884474069358355
11,6,0.0,9373.207929108026,3.330538595556905,0,0,0,0.0,0.0,0.0,0.0,1.0,0.0,0.0,0.0,34.20494339262596
10,2,0.3289774816934177,8667.115641011229,7.555163601315935,0,0,2,0.0,0.0,0.0,0.0,0.0,0.0,1.0,0.0,67.11074171143399
16,1,0.0,3069.7664973344745,12.457155430299364,1,0,1,0.0,0.0,0.0,0.0,1.0,0.0,0.0,0.0,56.221232725343995
3,3,8.144526524995756,1823.4711757616456,2.212259621059012,1,0,2,0.0,0.0,0.0,0.0,0.0,0.0,0.0,1.0,36.61675237900344
14,1,1.1691709190526922,4656.153184535197,8.215023517685195,0,0,2,0.0,1.0,0.0,0.0,0.0,0.0,0.0,0.0,44.70572770293424
8,0,25.43370811088623,3751.5546730763103,10.668608877044093,0,0,1,0.0,1.0,0.0,0.0,0.0,0.0,0.0,0.0,82.23225183325297
20,1,25.916002679646247,6917.595854048113,12.90892837073927,1,0,1,1.0,0.0,0.0,0.0,0.0,0.0,0.0,0.0,100.0
19,1,17.8869323952705,9674.417657817901,14.033483403033294,1,0,2,0.0,0.0,0.0,0.0,1.0,0.0,0.0,0.0,100.0
18,5,17.233012718890752,3821.114064830846,11.769598717033986,1,1,1,0.0,0.0,0.0,0.0,0.0,1.0,0.0,0.0,81.26788860879554
18,3,24.39360817864258,903.5744747267474,9.792425973330028,0,0,2,0.0,0.0,0.0,0.0,0.0,1.0,0.0,0.0,81.66669514608485
11,0,0.0,9006.855880921137,6.504301279691488,0,0,0,0.0,0.0,0.0,1.0,0.0,0.0,0.0,0.0,49.71904826269547
4,1,26.703164203281123,668.1123833267468,1.6816523128262943,0,0,1,0.0,0.0,0.0,0.0,1.0,0.0,0.0,0.0,84.80141204217595
9,4,16.582423427901105,9541.829202387331,10.646057887882819,0,0,0,0.0,0.0,0.0,0.0,0.0,1.0,0.0,0.0,54.16507302776692
16,2,29.02941278198426,6746.420451687686,14.891059567132304,0,0,1,1.0,0.0,0.0,0.0,0.0,0.0,0.0,0.0,66.19364023488617
4,1,29.884404928000155,9434.385321886906,11.051408920981498,0,0,2,0.0,0.0,0.0,0.0,0.0,1.0,0.0,0.0,56.558287482571295
21,0,0.0,2236.698960495089,0.2506664060658942,0,0,2,0.0,0.0,0.0,0.0,0.0,0.0,0.0,0.0,13.224223195716386
15,1,0.0,694.788013961934,7.443899670627581,0,0,2,0.0,0.0,0.0,0.0,1.0,0.0,0.0,0.0,47.4972536592357
6,2,0.0,5035.636789281971,9.219699487243558,0,0,2,0.0,0.0,0.0,0.0,0.0,0.0,1.0,0.0,44.25564712680659
8,0,0.0,4671.047121330214,10.345113016542646,0,0,2,0.0,0.0,0.0,0.0,0.0,0.0,0.0,0.0,54.383910217825104
2,3,18.39216929648145,3515.4750505723637,10.795887534010628,1,0,2,0.0,0.0,0.0,0.0,0.0,0.0,0.0,0.0,50.65333634434249
14,0,0.0,9589.267801570366,8.371626618247861,1,0,1,0.0,0.0,0.0,0.0,1.0,0.0,0.0,0.0,65.93420323586751
15,3,0.0,8279.062201965891,3.3504049910136042,0,0,1,0.0,0.0,0.0,1.0,0.0,0.0,0.0,0.0,36.38229182711697
17,0,0.0,6717.345607343255,14.1330099221482,1,0,0,0.0,1.0,0.0,0.0,0.0,0.0,0.0,0.0,81.68260438208016
13,6,0.0,1879.725428886929,10.44999701495493,0,0,1,0.0,0.0,0.0,0.0,0.0,1.0,0.0,0.0,33.62467802847792
2,2,12.791696843082754,7422.937059719689,3.5526005530411418,0,0,1,0.0,0.0,0.0,0.0,0.0,1.0,0.0,0.0,27.50718950936647
11,2,28.184426631446264,7352.020810587323,4.8348274840540935,1,0,0,0.0,0.0,0.0,0.0,0.0,1.0,0.0,0.0,60.65226331480824
8,0,0.0,4423.161284075272,13.828915059455547,0,0,0,0.0,0.0,0.0,0.0,1.0,0.0,0.0,0.0,44.35362637289862
6,6,0.0,9270.423324225932,13.312277800610037,0,0,2,0.0,0.0,1.0,0.0,0.0,0.0,0.0,0.0,35.45928434849353
8,1,0.0,1919.6854576214014,6.077196575371344,0,0,0,0.0,0.0,0.0,0.0,0.0,0.0,0.0,1.0,47.284060374252775
12,2,0.0,2893.1743553931437,0.5746083298717647,0,0,0,0.0,0.0,0.0,0.0,0.0,0.0,0.0,1.0,44.34501857538527
17,3,0.0,913.2760907311464,0.7274605334090728,0,1,1,0.0,0.0,0.0,0.0,0.0,1.0,0.0,0.0,64.06025373870486
4,3,24.020784027501932,8015.874294322599,4.258774363775836,0,0,2,0.0,0.0,0.0,0.0,0.0,1.0,0.0,0.0,41.22786899039671
12,4,0.0,6331.066045125353,9.436833290084992,0,0,0,0.0,0.0,0.0,0.0,0.0,0.0,1.0,0.0,13.67163750767677
3,5,0.0,3354.9209651081205,8.762919530018427,1,0,2,0.0,0.0,0.0,1.0,0.0,0.0,0.0,0.0,13.075689748487868
1,6,0.0,1888.9925368648592,9.50741680415914,0,0,2,0.0,0.0,0.0,0.0,0.0,0.0,0.0,1.0,19.491777883557077
15,5,10.15441531103933,689.4333692787816,10.7592445789816,0,0,0,0.0,0.0,0.0,0.0,1.0,0.0,0.0,0.0,33.53736242376772
8,5,19.738524843582425,1917.4320156715848,0.2854838038910762,0,0,0,0.0,0.0,0.0,0.0,0.0,1.0,0.0,0.0,56.20107179717072
8,3,21.53166764230474,4696.861069475284,1.5762839275866432,1,0,0,0.0,0.0,0.0,0.0,0.0,1.0,0.0,0.0,79.7258645942977
5,4,0.0,2697.6165994028797,5.392251777408189,1,0,0,0.0,0.0,0.0,0.0,0.0,0.0,0.0,1.0,37.966333111959315
10,5,1.6984491940417024,2812.1271210900773,2.322899962823726,1,0,2,0.0,0.0,0.0,0.0,0.0,1.0,0.0,0.0,52.451788422715104
21,5,0.0,8793.09075667683,1.1298006381683123,0,0,1,0.0,1.0,0.0,0.0,0.0,0.0,0.0,0.0,31.518954479745734
23,0,0.0,5296.835432572676,9.61446593995998,0,0,2,0.0,0.0,0.0,0.0,1.0,0.0,0.0,0.0,42.31741137140298
21,0,0.0,7373.744139345622,12.230047162366485,0,0,2,0.0,0.0,0.0,0.0,1.0,0.0,0.0,0.0,39.88263991603009
0,0,0.0,646.396205572988,11.289399861514237,0,0,2,0.0,0.0,0.0,0.0,0.0,1.0,0.0,0.0,28.161114916868772
3,1,0.5504598502089775,3842.0845500768787,12.255596679137689,0,0,0,0.0,0.0,0.0,0.0,1.0,0.0,0.0,0.0,37.18390534347314
12,5,22.670453311485595,4947.942669735786,9.987848160868158,1,0,0,0.0,0.0,1.0,0.0,0.0,0.0,0.0,0.0,56.703089539060464
22,1,0.0,2108.2434955387916,11.030179827213033,0,0,1,0.0,0.0,0.0,0.0,1.0,0.0,0.0,0.0,37.931708023593565
12,4,9.300655386483072,1465.8579520217252,4.07668161312452,1,0,1,0.0,1.0,0.0,0.0,0.0,0.0,0.0,0.0,69.22219172639261
12,6,15.837294838317728,8741.946651448472,14.895120544262465,0,0,1,0.0,0.0,0.0,0.0,0.0,0.0,0.0,0.0,22.830082250826173
1,3,6.477768028168725,9412.486782868027,2.7474848174083064,1,0,2,0.0,0.0,0.0,0.0,0.0,0.0,0.0,0.0,30.817305558066753
8,5,0.0,1064.424971040452,3.2174081158407377,0,0,1,0.0,0.0,0.0,1.0,0.0,0.0,0.0,0.0,50.34616974723814
23,3,0.0,3685.4815116616983,4.333827477237703,1,1,2,0.0,0.0,0.0,0.0,0.0,0.0,1.0,0.0,31.47372575501295
7,6,0.0,9595.370593001395,14.629986451598683,0,0,0,0.0,1.0,0.0,0.0,0.0,0.0,0.0,0.0,25.857606857872458
6,0,25.4826680836467,1106.6688113849095,14.82432884030859,1,0,2,1.0,0.0,0.0,0.0,0.0,0.0,0.0,0.0,100.0
3,5,0.0,6543.321316923644,11.923406245597462,0,0,0,0.0,0.0,0.0,0.0,0.0,0.0,1.0,0.0,34.3415704920898
17,2,0.0,9730.547298379954,9.435863978394506,0,0,0,0.0,0.0,0.0,0.0,0.0,0.0,0.0,1.0,57.93957320023166
2,1,0.0,9788.769585239334,7.800938627769201,0,0,1,0.0,0.0,0.0,0.0,0.0,0.0,0.0,1.0,23.75078083178677
5,1,0.0,4870.866309766309,14.559312685302686,0,0,0,1.0,0.0,0.0,0.0,0.0,0.0,0.0,0.0,36.889082225265305
11,5,29.19782230091698,1878.666345489092,10.434342042873713,0,1,1,0.0,0.0,0.0,0.0,0.0,0.0,1.0,0.0,40.75824596265057
11,6,26.794161551383006,2260.2178552811565,14.170951924890453,1,0,1,1.0,0.0,0.0,0.0,0.0,0.0,0.0,0.0,75.93658730289943
20,0,10.272984251471303,8929.133532706628,4.748261992164358,0,0,1,0.0,0.0,0.0,0.0,0.0,1.0,0.0,0.0,72.42494778053018
7,1,29.945936378635725,9143.325141998439,5.006621884043485,1,0,2,0.0,0.0,0.0,0.0,0.0,0.0,1.0,0.0,70.11196229957488
21,0,0.0,6196.432545573482,12.820868911776534,0,0,1,0.0,0.0,0.0,0.0,0.0,0.0,0.0,0.0,23.650296653244894
21,4,0.0,7731.91107485814,2.2478238087794153,0,0,1,0.0,0.0,0.0,0.0,0.0,0.0,1.0,0.0,33.6286801456106
0,3,0.0,7477.333139262959,14.188917919441137,0,0,0,0.0,1.0,0.0,0.0,0.0,0.0,0.0,0.0,50.19787156554016
3,6,0.0,6719.669500494338,7.612115319951113,1,1,2,0.0,0.0,0.0,0.0,0.0,0.0,0.0,0.0,3.2727887484124265
20,2,0.0,8324.586462257808,13.896208178755465,0,0,1,0.0,0.0,0.0,0.0,0.0,1.0,0.0,0.0,55.993897457964636
10,3,7.114442197095067,6948.444243491114,5.051891830887197,0,0,1,0.0,1.0,0.0,0.0,0.0,0.0,0.0,0.0,73.85641678034948
2,3,0.0,5479.822365750743,10.739383562090955,0,0,1,0.0,0.0,0.0,0.0,0.0,0.0,1.0,0.0,46.563220603798904
