wind_speed,temperature,humidity,hour_of_day,traffic_index,pm25
3.3090508913552186,17.85117051207718,60.03971147985149,0,78.35838947428837,62.325244107245815
7.6303572980743715,17.409363972159994,76.38026305099905,0,92.19874759651726,66.02184409512888
5.989954563585538,37.1876374156311,73.21126508531114,18,19.505472223636332,66.1581194232426
4.9899386314777745,17.486385995485183,30.77299332856416,4,96.0568536323435,71.73755477346819
1.670139803318274,18.158491783858928,30.447462881903174,12,14.265435147316207,54.83413937358646
1.6699589025215198,32.78194787253891,38.77220574214393,18,50.90818285664711,66.95325826299376
0.9356270912614959,23.492195273516202,45.275230843872606,11,82.9695684417064,76.11297784996978
6.996321093312014,33.301316708655435,48.59189069859379,15,34.98033545115794,44.94332076205546
5.008362588074066,11.960984726931557,67.57880517833416,18,42.48285331769005,53.407272395749054
5.810544333470341,24.62713581020153,23.96763025160848,2,12.818511029909786,23.1186580735477
0.6543837072185184,11.00840800549848,22.427089295824647,11,12.292187999897275,53.526748875400045
7.774323891214958,11.879596103660635,47.43373940607363,4,61.956822477865956,46.755062449111875
6.743319806003163,37.19312360033233,68.80145844965864,1,67.55323686200568,46.01900673297853
2.092543330087071,14.177361133527855,33.54047400695378,21,77.73325140821933,70.75389875137076
1.8636872540532545,25.972620468256515,64.90531368793762,6,55.668205268175356,76.17869522219445
1.8755338239007537,22.332868078021196,38.187969655820964,12,64.5759292261306,48.56712368684538
2.781816822196533,20.42029978776528,82.02602761694615,14,1.3517271699720057,48.1673975646053
4.435673237241784,36.99500037061817,82.69829609866315,21,16.217072713718807,54.102361686847175
3.739587639815868,10.654701903264685,40.81010429969285,2,98.49147660169047,80.80609607718138
2.6842185514853143,29.913690585267673,36.09956277742684,20,7.59935063158318,45.722723340577474
5.088896710417846,38.901833026406514,48.79127804463619,19,67.8788222260245,92.57747359353692
1.5462039548903137,26.805045503855258,36.83721096261041,4,17.608263303171622,50.375563969051164
2.6910848640141363,38.104673860992754,67.06686903041926,23,71.6718585767642,73.8465305115038
3.2477138247026875,11.567736378580713,77.82452791837999,7,70.59904029619935,77.36191942556259
3.9205248816277694,22.56379957222484,67.11644916378519,21,23.41990597880902,59.64655000680358
6.388819710447602,17.804733728861535,77.70453130745446,0,26.96343992192042,39.22059409627028
1.997553366187698,31.924628949421894,47.78945135452319,7,65.47707136020883,95.73635609961852
4.356758288102087,39.4389127149174,30.942187949620262,23,39.00860387802136,48.200729906716575
4.943109266465319,17.695901873327436,71.65656631783145,17,19.45479696999113,60.58015895426846
0.8483780953999829,29.625238044222233,45.23321535990877,19,73.16795987874818,92.34403393344057
5.056586389260787,15.942928982792203,66.98895776603928,15,15.414752433633417,43.54507946862328
1.7789309276546865,26.959907637148298,38.9450759387236,17,85.56436641449466,77.72562163187268
0.9878869473895964,23.917974600650084,25.686074436467088,19,51.46695240518275,92.37623267597328
7.616641529399999,39.16015988894611,89.48072568414344,11,10.57006038793007,23.97197907733387
7.742240248059195,28.255818180893996,30.934105555141947,12,69.40723335309843,44.99793362095079
6.5629801108734585,20.485191162604565,89.18946957744367,12,51.91630395745405,63.42637481171408
2.78460326880028,13.422873546638002,88.40959527965131,9,29.805757179480953,85.91463309683799
1.232540855047879,14.537404862048037,75.56726727356278,6,42.25393802238548,70.37040494517284
5.631747698841177,16.759507898537052,66.15960734573983,13,29.833774358749878,38.10877638145244
3.8011437030470097,17.52899984020894,60.44649351757593,23,26.302583574278405,47.30588092023763
1.415286761335841,35.51848173523413,80.62710817644843,15,16.360842084371217,55.02063762840314
4.213826825834526,26.83668364847575,40.26076651336416,14,36.276713313747585,47.420530070555884
0.757913908364138,25.701727341230992,52.73768487394139,11,25.098720631607073,45.45701808515984
7.3199030155908655,13.443066156076524,63.35729785565513,8,68.34344870539171,76.30218986510083
2.440849862000127,35.80419080048305,48.78333331086438,7,68.38767411633063,82.2063069336637
5.468917132654865,31.68442909625451,49.924051786318756,17,50.18402425556384,57.64325735428179
2.837833070670582,12.030050857000047,43.11992672514591,22,77.79445274703211,63.666209658258154
4.4005101588335815,31.23505291689306,59.496227167917525,17,84.13397190060482,84.33503756358172
4.600327095074597,26.30614652027938,79.54021696105812,12,57.97664574342731,47.7972928123013
1.8864084164414527,12.451760372403347,34.1069864604419,17,61.89351627634338,85.2985056313862
7.7718847082341895,23.749019245859692,85.4103127127409,14,28.28859097863652,38.80322923882401
6.313496175208359,24.54088861390141,68.23613576237608,3,89.48692007055197,76.45846871555668
7.5462420617314185,14.973236204898273,77.6291248876021,16,2.4206044422529827,26.82143306305811
7.211205128207366,38.37094441000847,58.93334848410081,4,34.86024694428457,28.862739583318774
4.984249841083138,35.49926114441986,74.56616909968444,21,72.1800421549856,68.02964226413725
7.414056762673376,30.07067011987325,21.134027813762703,15,8.008950967116125,17.298840978254614
1.1636937653893962,23.868866830018217,77.28662973456747,8,18.316952742829262,67.56760924548168
1.969871468143589,22.352966247535257,22.809720135975656,9,58.928572786285116,70.56024327914719
0.8392046668290355,29.529204014528624,82.29393634540037,23,55.999367146355794,72.83446523979823
2.9399774807244827,26.362956082207162,89.43739230670504,17,73.8928296130955,82.94166995762285
3.4150796726711152,11.868193176456568,40.58472235237445,16,81.26126390881718,68.67308221742805
2.535117738304219,25.37507946310995,34.72229894000556,17,12.857957851166912,52.31342857205668
6.71553131863947,34.192108516985186,73.57543547006284,6,1.8380989775242051,33.32082495815753
3.1756499502019198,23.77719632790874,37.71184386441773,3,68.96385196589061,59.6467521932976
2.607008822655356,11.558697326628053,80.58936682205425,4,30.13917957663592,64.98919935280821
4.570220623686864,33.588345981520995,27.19898145102337,22,62.59839139179536,58.34178918978486
1.55693168731072,16.04091346407923,28.81686374655508,15,15.05445880622247,46.44373489737837
6.516477355655297,17.758625046641164,88.5406088570431,2,46.904004666596286,47.57360431728217
1.0591298275982812,14.941190602968877,67.16872287890033,17,50.44247460634369,69.39326607514957
7.90165202450388,19.906451946144927,79.2821057100267,22,58.50778163732161,58.948041663060444
6.291835769724931,32.70254517065905,42.703056414606266,20,51.317001633056435,54.464617294037865
1.9903676115062932,25.58157578511812,67.35386246644231,13,49.56907702287139,63.69028061406063
0.541415878427018,16.146438224521376,61.5969279116018,14,33.27341539838555,63.40438435988698
6.615960713411257,36.33490234456123,62.22050840860629,16,7.118023631808623,27.556330740450516
5.801430078857129,36.387455648545874,67.77727216764052,0,8.95201967968423,44.27920185588404
5.967553760307405,36.11735275138021,60.2751421190369,20,43.377827440715365,50.73499679379579
6.284527600144593,17.16388634144618,50.03436585118662,16,35.5793127820993,53.61251184591033
1.0553348880056777,23.537180325429645,39.31458860663828,22,51.613480467449776,68.22136883002231
3.1884929640820445,39.54968968422625,73.80069316392414,10,30.483816925626694,65.13254067587638
1.3690179464384729,33.16037428929971,35.83907010022303,16,68.79100914553243,66.21886140926146
6.973275694066952,10.815022636766795,68.46480143080899,13,86.39548220095105,42.68687613453671
5.174735951206684,11.956137737814762,36.33329758545287,19,29.88631887868677,47.507084198724435
2.981735186394869,23.917941304369982,63.77311189681177,18,19.298400793902857,59.01802390959652
0.9766876271451772,37.27660617584681,72.29547869903203,20,11.618057425408912,68.4819778882575
2.8323674128674665,26.161053938581425,35.30997222345775,6,61.62540405708125,70.11002146693284
2.9388749152006026,24.934375241028707,24.19603106029158,23,44.38559911405694,67.39794710009602
5.97204633753548,13.164210998698918,29.168162009592187,12,18.801571719628896,33.17182759833679
5.281681035164098,29.70340314172882,62.41978770897178,17,65.31367332918553,73.64742836208937
7.154095569322449,34.66309481800677,79.46124843580148,22,14.84831830052844,28.89636595285808
4.04161193871462,21.412600225226868,23.149777486479707,13,55.43007058479525,37.77805192480592
1.3969568445372627,33.26835552775982,71.39058813291524,0,52.71483816252647,62.05888231942572
5.849335904172462,38.93429961702435,43.892305216503644,6,73.42278011860833,53.83627352734708
6.205887864626731,16.112993773830674,53.496985894366574,7,5.5109639940666755,51.311481320909394
4.709578981771222,25.69988893584224,85.02016848918959,17,88.78729318513304,90.94053236388795
6.282253849659208,18.614138742537264,43.238005331509186,8,70.29917261468195,69.38984316300042
4.20346697273293,33.785632571015185,52.573585375764026,0,21.61259983487622,37.17254258783582
4.420496220364956,27.327800976434727,20.95776903324768,21,18.340534860973968,34.15120853574635
3.706557637689122,29.037472526509113,25.711910400338684,16,43.16602141437834,32.77619500402898
0.690643450580714,33.93742478847682,38.10141137943488,18,81.75653295445969,77.6906810761305
1.3091857024497835,21.879114179873646,21.94965685747521,5,84.29499931391071,70.09224488597359
0.7357188926505069,37.45270205221129,64.19627282337757,2,52.045609213938306,75.8250239865491
5.273078084478353,25.9908660173842,49.847884976113576,23,86.08108626867374,71.19036851789937
2.85766985807245,14.73864468506044,58.37016419096154,4,0.5443709191690571,45.32115458967777
4.314280183735271,30.876973545064075,32.22530301274307,1,3.517463153159661,27.020036201957563
7.306748554445698,33.797840513147634,40.71524206056313,19,91.18215936367427,81.16063544293112
2.3696917186165622,19.5028503120258,66.46771323969077,3,77.53319298859161,65.24094855591355
3.577871922767223,35.71537770996259,87.57119065412799,9,45.07060582503857,80.46851670932035
6.1666335390728655,37.18429764297299,23.529174152154646,9,75.36101314779872,53.693953436883206
2.2159862411871685,18.307134621334267,82.32690245986862,23,95.56394617234216,73.40176404266431
1.0773493237159475,39.50564418145666,60.38168409178459,20,77.20895238812851,104.39103142377778
2.6731358968532604,14.221345841462753,59.47436967289366,10,84.2371333818322,86.62935625404688
1.7091596544050331,16.0604700520747,55.01949746454322,15,76.06065813900618,67.24737020953475
7.472732392569298,15.526745177140784,24.85758601329284,16,16.821109243354158,33.12458789466828
6.560902846733127,36.819691300236116,26.29137962153125,15,83.35741096457367,64.06248435395139
5.250528173828176,29.628776569748855,62.06384039613603,6,19.510882002421003,35.27083378719641
7.035954426407883,14.563128496668186,43.86710000048908,15,89.2611328044147,59.88638525294875
6.527540576743358,23.20970255105047,84.20876466043765,2,45.864989808107595,49.226178006964076
1.8992754416452688,28.458940752094062,48.46133761516306,15,67.69767523110285,45.08399516311715
7.194192488674833,12.503922549681498,30.029702109184875,7,49.724084788064346,43.04753489113173
4.54506681436738,36.472491052220164,70.03031834514252,11,9.399092941660204,45.89448639160624
6.555801163730469,34.108106063246055,40.534739500870685,2,29.07223076206651,28.10296516455857
7.2206847494262,25.156203207299146,56.78292151491252,16,98.3731853997006,66.83301893264594
2.885026062288979,39.01379845777511,68.8482949853619,20,96.07147516698174,95.76256670734983
1.3253894339575756,22.53282937825299,83.01848778414492,17,32.04868976555473,85.35684821601517
2.209513719064563,39.523309571094934,75.45338363611734,10,99.62968042452258,87.52624979123782
3.7033084146969224,30.03759996410881,67.34527475109068,3,84.55511954968996,74.11590630879037
6.635110744418698,29.040138197618244,67.57432276766005,15,61.09594994322547,50.8283251218902
6.955479374422576,14.97864685887355,86.21472508224606,16,4.012462026100949,23.87482103689869
0.5521409789839302,36.45783274913932,40.70768682475752,8,90.14468295383796,88.85716149657115
4.330604769331742,22.824690637618453,20.077846593733117,5,55.742927926431975,51.97157851357696
3.6305825236158427,14.867002173474381,39.03681915787391,23,86.84761512027696,72.92489145755076
2.165808578530477,10.37822559927277,35.252396573872076,19,83.44291199057423,86.59346451780819
1.398990255002621,26.792670509151478,66.32842095797987,1,83.3006215201086,79.13075987408948
3.03211378552721,25.82198866368029,64.35981198358704,8,69.8173860714905,77.98057274450085
7.5718227793438935,31.580608671074756,61.54229678933067,20,29.141513867604864,45.92908380134013
2.9240219901556643,36.70774159053406,21.13704102466176,5,33.616025774451984,40.043126631072056
4.390929663075246,12.382197539290885,71.01446381154533,2,30.846921258268633,43.473871040715665
5.7726421917138335,31.94489471021087,42.64712887398441,19,2.0045999532564696,46.752066376081814
3.2272220178447046,15.622358322927466,66.55391923046417,5,58.256890921481116,67.6418121861764
7.788365620407205,35.74531159471492,58.96048999515073,6,69.88336704460329,39.33113571923961
7.7183547120658345,34.571905415849685,43.9911647799535,0,85.38659935252035,46.56757956351795
2.388367218690231,26.22381264956633,29.42033869728754,22,14.016543338273035,35.97719868513301
4.22936379419289,31.307283958699344,26.609322836233666,0,54.418314897680176,50.44365621070069
2.7565873236257725,19.430503395512453,78.20628331785565,4,0.800814067378286,28.937990043648234
2.636303707831007,24.13503696798444,84.28782794570905,5,9.509364771072947,40.18860074097029
0.776652105158996,34.64910693131415,65.48516327350097,12,5.421174420599306,38.1883097870318
5.071732504849226,23.777955915196415,27.240388040233835,1,72.54780340154869,58.55797287336319
4.270092674216461,20.733947959763256,48.14190518217685,14,8.105956387760315,35.28094443401492
0.8860906343749202,24.826373417508997,71.025744007361,14,71.645298155879,72.51028343960458
2.589848481774586,34.84747757311655,74.58746188070477,12,24.962470441058336,43.60241952617383
7.311994144749903,20.05624142112618,28.2753035603762,13,87.77129606969395,50.18106284499579
2.296714180002293,15.212847794072314,20.00215031917677,21,81.31499883638142,77.97028552635769
1.5867115406841732,31.360420609923423,69.84959321164234,6,95.78302174752766,96.31448970852179
4.170895702081722,34.779346381242455,44.9617323190344,13,88.37620154580318,75.47276320154457
7.892378405829505,13.019124355706,37.81369321327821,23,93.33294191163472,49.85624291881099
2.3154145363362533,17.19622338267834,20.90282288526678,9,85.87423965133077,85.70273114376509
5.5410166055440895,14.259159692829817,57.82095847330498,16,69.33819006148553,64.5685308488736
6.212147114965382,20.438242347465,79.58055147981872,13,17.025915212543595,31.476820406241107
2.2822815799429974,23.510529367162377,87.03421523908115,7,27.170751885409295,59.598561582439245
5.961622614588947,32.464790108899194,59.60214654293024,3,21.272696613027307,22.208853308128155
3.258373495394399,29.534427546450225,56.012292941792595,15,60.35857876582056,71.31910357303357
5.242293729451846,28.627857024352934,25.953946984246876,23,50.361993797360135,44.16136246174029
5.25147283070671,20.571248398289633,58.42109610798198,12,86.70799971584236,67.39681125805835
4.518310130560689,35.2434265925428,46.598535527577624,21,95.26728664990756,79.68871052958478
1.1771732754080624,24.138615021944936,62.499469661850384,19,40.485988961814435,66.30601822215763
6.764768716919285,39.37314814045463,47.21084435135827,17,50.635055328081236,50.00855167600595
2.905850487288019,29.024264148872106,36.82093864152567,13,97.15163568041392,63.48504002454547
1.8988888279989067,13.787942246935081,26.647569265986355,17,27.623894162314354,70.20053747257853
0.8058135616607294,30.28532686226302,42.0442911212227,4,79.23907753588136,87.12241648337981
4.931697073911813,19.753120462950967,26.76513840014266,8,22.52399023352463,51.06137879454008
5.581732713817118,30.589815900582924,32.38278655767888,2,68.14601154252719,40.4373653566996
0.6244087169589212,12.089234444872172,89.11353110056821,7,25.361562763856416,80.29889778795645
4.340697937244608,15.246443115278781,51.087248983463304,19,88.37333888313869,92.93985744035919
2.1987183139845348,35.67211776717359,57.23102365535116,21,56.14779437366768,86.12159133869103
5.338795928070874,16.815386710705447,81.15329701160508,9,18.59336408743846,55.69150605058813
1.8077482175374358,35.111233757288204,89.68982303434815,21,22.436917569848603,69.22526382869557
5.6820330357684945,18.37828265363231,60.79001145412771,18,49.38491957081003,63.688023351575595
3.4005150972540306,29.286457301761228,76.87316747309202,20,96.16020255748788,102.89524534338356
7.525474915525509,30.82451720529493,42.88587170356727,2,76.96421638836544,56.962328529113044
1.5314070810949494,25.379642594351587,41.402077021310376,10,48.83096428258451,72.29671648541161
3.0579976328769387,19.15932030090194,48.189260469619214,10,33.77191445622171,61.746840931539104
1.351051409304418,16.379331291132885,67.07550838715544,16,54.92684933484426,63.449825669520074
7.435202137089221,10.995680636872788,67.75341824785691,15,74.83608334286197,45.55717752609263
7.080045150357358,19.118392037221714,42.06676042546155,6,78.39285884528,63.70170546164357
2.4345622078636673,29.59488371593849,29.32469468956401,3,32.46087980969447,42.55949841781805
5.449880345256343,38.14914455345448,64.2677379525856,22,72.11592682138772,63.334158738379756
6.629166501509118,36.136134467891566,28.982810353213516,18,65.77887800361862,57.165468892604906
4.664006086995967,32.98194329605908,60.494475576053105,11,95.91122919962939,67.29685065550694
4.4723793376700485,33.653420297598956,68.53954896394163,14,93.10902905080148,70.9601701492829
2.3138921817533875,29.94954710427986,69.04280474761161,10,78.93793256035771,93.19491049882163
1.198270758544244,17.80860572698009,72.74304774617177,4,72.33946888549283,73.57950600693421
7.229118184649951,37.21585092117489,81.10015950959652,4,27.404158970427584,28.711132495397024
7.2531354287249785,30.121969357175022,54.99712943753519,14,84.59652560985333,56.85485630766699
5.2482609295495095,26.8132189294132,71.11744326706997,17,42.750570371336615,58.265556991638825
3.0427234328652553,13.329684076404433,63.34209147560857,10,27.224054250604468,77.09210986187092
3.119071809594957,23.411666314192765,33.06479578583778,11,38.41607579534625,47.32984233265111
5.9446675915267955,23.81074813605779,21.79827514085857,1,83.59354900165079,50.55706959687623
7.2283269496443285,35.936908285680104,39.91789699738536,19,14.8633215577885,57.4322752461948
7.15314818198838,26.399446605633653,51.01235944363336,14,45.615874111982244,46.77330254391835
6.349066593932179,21.412016469112288,63.19741611000594,19,49.23575945294897,54.77799020848412
5.315237346157158,39.30400985531978,79.49715313522438,3,3.66296975988194,28.459117682713547
1.1310497374628663,13.32161779978947,33.737200169431595,21,19.574602954816534,67.72521097494678
1.7122153557096031,22.676452849358338,28.788485292893398,17,82.67424285758564,86.74302660026385
7.239156413953094,11.260740255142158,87.44359632320293,5,83.07673885947607,68.13159188519883
5.048217947446925,32.19712362300791,27.5631191563485,22,29.241508388424798,32.860898004825295
0.5689778871247224,37.54229656597452,53.49437490750324,18,87.48972345979263,101.63749601349382
1.2610365714952407,18.401119886514685,60.989461015531134,10,77.17829390683478,72.69980198596589
5.476263268310419,35.75025030397363,57.89620946352068,23,41.79074837954094,44.99827437818784
0.5379618788466402,18.766546913856935,26.022250992306024,1,74.84063444050378,67.01929168099831
1.70606038563124,37.32310484931746,23.991883980253355,7,96.13346311948062,87.44058352978158
4.615503420249396,32.61885710790352,27.383839922272497,10,45.89697180653488,60.48910557107332
5.6892139826951995,34.14720330524316,60.99113787108288,4,23.842717895348365,47.88153801611815
5.389709446269504,10.540196668013635,58.10414213440248,17,94.18165000501558,73.29197922565496
2.1820198209541983,38.88431071222078,36.36185544257209,22,60.37442885632564,44.46263645029639
5.841344160106519,31.800129762109698,64.64418992919141,17,10.526516248042528,40.158101859329996
2.2793681562260004,19.142532861584,77.40472514389546,13,57.268281585668944,74.71972031448617
2.9404977361945077,34.88183994576541,22.910527189261565,21,50.05808894482987,55.00814189570781
6.0986855383851815,18.445635952447898,54.86909604836297,9,85.55888940755634,71.53293966124983
5.37224674285411,36.18261518698384,68.25172884718832,2,53.069518976352136,59.37932231612437
6.869175578706335,13.37741171235811,37.6618348948781,8,25.523243434428345,46.34902973649605
5.432096692252575,31.110579323823874,41.54396337052044,2,67.56440638648886,63.27467240409216
4.762314525016037,26.22095429934731,62.95465320925687,10,54.257545253558014,53.19895137765958
1.2025607587106935,12.896034105863224,82.85547054106158,11,23.304462826687246,54.96827035609858
3.2578685229457514,17.25681484776517,76.69470942120296,11,57.36278579429078,73.74419823142662
2.489017757612941,10.372121088319444,60.819115336970846,2,82.15355778896861,64.25767509543046
2.329922325343127,24.063038963935174,71.11552024300744,20,2.8570917724010436,66.93391535381528
7.797579160643342,19.03795782280001,45.537572914545905,6,63.08510386451117,42.88762735625336
3.448232935000703,27.950724528932763,64.86758696691304,13,34.95851957843921,55.117766004357556
7.190349163828349,18.917134231258515,52.63271137892899,23,29.267144575942417,44.55279771999742
5.233539694979472,18.99757334520954,33.295529552029265,10,39.258775036111125,60.8191397232054
6.461084776562363,32.2957959619481,69.121679171408,6,34.20226642479817,36.70536525270727
4.269778198288941,11.444285079350603,58.95252461441754,20,83.22391067084416,86.68472128349083
4.826779134697693,37.08684985575962,45.103510736751396,9,27.479781076790054,50.56931330753876
4.19388270364148,35.567916231735445,83.79374330550415,10,73.31530231065854,84.40352777962697
1.9643224084853337,30.034140496792194,21.465388247871328,14,9.405982022858872,30.0923289412274
5.91839086446129,27.796647103221527,42.10412058746472,18,95.13963724844156,78.88986234918018
2.6057927183064185,36.76907494418957,23.98169784443526,15,62.23166372485518,68.88399027884502
0.6823697482359038,15.559905385861434,73.65691213551389,21,70.67185770445602,89.53882800276337
5.341042219303759,12.369074865724858,69.14752178796547,20,29.8039332094451,67.3495772952042
1.8283300955528672,17.185305097286143,43.19465531154219,19,41.209656870811465,96.31134195598811
7.553439382646857,33.83734836100571,67.29640315449511,11,22.377838627097624,32.37697956625962
7.654464327519405,11.0401080017945,47.71560583371649,17,93.25360858022239,77.5816964107644
7.361482926653364,27.484205052504688,72.9377653995704,22,48.810444710137766,48.51455312976035
3.276190251915833,39.8631254857393,51.79285639156943,12,63.044811565798994,63.32101647674223
0.6159246239665057,35.670882815126184,48.85958094821659,4,73.42720305307154,80.8472503728495
7.462389219407941,25.643370671307686,85.43109408418107,3,37.1106091099539,39.55578523369962
3.7113811123798577,11.909227278599271,37.56153699234902,13,72.01016545391413,56.14811003489216
7.749911142827521,34.94120543157129,28.43131379975958,7,67.59924897563401,46.969125488877154
7.727149828169396,27.969355245316315,60.91801792816207,8,70.56593338739465,62.57698370089465
6.897570916005201,13.447989911787005,87.85252685989252,18,48.922990020461285,70.81705015223312
2.708366690521893,12.815718544700687,46.44874496090307,2,38.29373822916171,45.287146729428464
3.3882329645144393,37.28880458309777,24.342573454014705,4,22.208218820898985,42.649281342923324
6.883525036376427,30.076007888142353,43.75136871166972,20,82.46263528008929,69.47054288322123
2.8769150386720823,34.87860397950267,55.41521580236909,17,60.83500465316787,72.61133661192943
1.7711956001456937,36.36936700846802,31.334610464254958,0,44.435219609749495,41.45077217500198
4.676009468437626,27.153170561449667,66.06715526395445,7,94.39959067106113,97.20671401145223
7.521160806205858,25.523390552651236,89.84245723071405,18,4.783881250703881,48.20338250623518
5.720223475062298,22.912822309629703,51.62176331870107,16,85.01719452050476,83.05166276496311
4.775458775670237,19.50839763373358,44.83099897111488,16,99.75825929459724,78.54915196032063
1.228823703280764,23.037878825761354,48.049291678412665,10,88.69421108828674,104.1085470547823
5.112554200243773,33.21638967190469,28.06023248766408,1,81.04365856156252,44.73772874873423
7.925403875781974,28.057702930453946,81.82915209983567,5,37.43059934063246,25.373016069498952
1.5506301142739303,36.775698698645385,49.037795886494635,21,23.13141822622935,66.51952776192788
4.387472392728025,23.301400431375633,47.109208799738894,13,73.4850520499601,51.919325377546286
7.080298039459666,28.212687361562622,66.1783191051332,2,30.45753662885684,31.878424604451684
6.055764633156533,28.93922659275966,50.94233946517865,11,17.60396821549707,53.69787543092751
5.72761805746451,27.750914869189767,65.37634281654923,3,78.65258871035913,70.73983307895514
5.76863062990332,31.07901319256549,24.301240309155126,11,31.25436522367222,28.47148059252617
3.1961836341481638,17.123004051244187,76.96063406055592,12,91.44417294873384,58.00615746049935
2.7019388319837003,25.370913326373717,85.83527670155819,1,84.06326448191253,68.88431268122339
6.570208666088853,13.12674408425043,65.41357703115702,1,84.76403295092551,56.26436386022299
6.575850460093855,21.535339829344377,86.81961502011676,14,77.15697260558262,58.30014533084146
7.003042389350778,24.63001205863793,30.60026200589743,22,88.08814237747367,45.0822778805334
7.3493041441735345,29.566727786364176,53.41913326362476,16,80.57468921781201,63.5589859107075
4.335067991457033,38.5159315775861,62.12647137618131,6,60.251136357472866,52.555000928450696
4.261372210153997,28.019531996450677,60.72156531948307,13,29.582271858186317,51.21496218647967
6.487213842250814,32.307817485296795,48.10232453623303,11,88.8209193214149,60.46956733625124
5.374729480833238,25.187981784856085,43.6659086556383,16,84.06036227731919,68.87029446704543
5.764751579432775,29.02312094128994,28.877681578529316,13,47.287932221054504,41.16683196964213
6.468445020770758,12.127966484013204,47.421971539359475,5,3.9078686001955187,18.636994089020718
7.175040063631747,17.63174742525541,31.386257057383958,18,63.854372740191344,55.34834979915729
3.0349636763865186,20.855592796154163,71.4055973544553,23,5.059685367658173,37.43645996801631
3.31687214479958,24.174800650195408,34.6181654846213,5,92.62799618484073,87.15127520244083
1.2048645488065175,11.369462365071513,24.09957136991737,17,96.1631256625307,93.4752022243914
4.837101057471305,14.20072292659953,58.6656296472064,23,18.949014589960424,39.48665909954658
0.7695670534755656,18.30442923373917,61.666081290358115,4,67.638937805491,80.66821495425403
3.9919851359934513,39.14598072703152,81.03391428963539,23,9.226900456276276,41.8733405119457
4.569834760306825,19.940410213091525,60.38871286923773,23,72.95169285731221,71.21797296675162
2.649059390962133,24.461231743362475,44.183659760641206,5,34.72876661526746,48.27072565622678
4.931249454267581,15.882931382151789,76.21083170684244,1,68.10501117304453,57.625138132006136
0.7287518745428707,28.32340213227305,57.819522523119474,7,37.287650920217786,68.19516921753637
0.7801114156191081,18.42049646547923,25.54961992418342,14,14.556750983323575,61.725132067695675
6.669504204947437,16.209777353152802,59.609539221927264,14,40.61099805025579,41.28396679595054
3.2014298105844716,25.497178853379374,83.56129817951637,10,11.267352663479002,51.44379177830144
1.452953844889136,10.165173974812625,47.74188378487544,21,57.68832749769458,81.72589288553093
4.416824450411033,10.22992097947676,40.742806132986004,21,4.0951532149479775,42.090165612980954
6.274951648239581,16.572064273055734,30.042861991261404,23,52.73196795998597,40.520075862213616
2.118657706226324,11.101640875024634,30.601186535475012,0,88.63686470955409,75.1156493461725
5.171678568642502,13.24077262392074,50.29400390392732,17,83.78732701193627,90.12603832214766
1.14010598745326,20.165819480162547,61.69758769130707,11,88.27816996264968,81.38821804805386
0.8876129087645577,34.07757038739439,25.64307836187212,11,92.20488021271073,71.93347449504796
4.48515973676111,27.161459301079024,85.7698012317616,10,10.452788787569423,52.3092078827743
4.554763412075799,25.38003177869249,72.85935322116372,7,12.874720287571307,60.38869665122154
5.280724261236549,18.80466469624365,61.063674279856386,6,55.70068063131286,37.29056115388015
5.945685002919961,37.95261158298449,77.99070696572936,22,89.39726684244292,58.306157061247966
7.81889059596901,21.91045123711575,25.61307297684793,20,97.43494565240307,72.15099073117561
4.372252612258965,12.612783003873144,53.37872144131871,1,4.626191733999995,20.90104414789344
2.922173547059345,28.511995483534037,64.10651888031643,10,35.577408420066014,66.11919075228725
6.463896460765278,13.415151804298041,78.00570342828024,21,21.289425465999344,48.766867802703175
2.5312418844655564,20.35669428405076,74.84286920344874,9,75.59658489312481,94.62530591874314
3.792285655292271,25.222358161534267,39.39484747993798,2,64.0193868537032,56.241723404995426
1.0884228600669947,36.22667574055527,85.8616118691443,19,11.988803148384541,78.35881409031536
0.6901305756159313,24.80639741020356,28.704208900160925,9,48.35220673649715,76.86204120087172
7.719863110084438,31.06776298094993,81.25935330348065,17,68.54405223712914,81.79861205155237
6.769850903841544,39.78450516997211,87.9658174723233,13,77.90053939240377,49.56069849923043
5.719806545702735,13.944673596939449,32.40074662558379,17,2.0052709784008527,53.579912205382165
3.567147083107024,18.241945765585584,70.54462449426497,23,89.04695739838898,70.42644459278564
1.7997074005313434,21.837282267929393,22.819986314459893,7,56.92813829505244,86.68687497314153
1.6732778200331453,22.65484535616494,48.37959775974085,9,81.19091149599046,98.35870949132263
2.376821736234465,22.33063225796637,56.13983094383718,21,80.79380300142834,64.6043570390649
4.619199985295904,37.22833007669665,60.64516581367439,12,18.985266027096912,44.35702701691298
5.859469420250467,31.420979334005693,85.51560737739916,20,11.01721202536331,59.70704104834175
5.451480325382985,28.237156422721114,67.05754811059363,7,72.12872689738266,85.4586837300706
2.599504227094571,19.281181535883462,53.68945658534659,3,15.642691882161907,35.79913295960038
7.661489604973956,34.71371152663884,76.67725253861225,3,84.99374914047237,63.40661709568578
6.0342268752182635,38.65181534454967,86.53729746680862,4,72.61894838621052,62.468969340567405
4.657655393835505,34.6359484765068,21.54463040776036,0,84.18253643652626,64.05418699308089
5.087905596757642,10.046953155744188,88.7764890579227,16,29.901267960934607,55.46080284715465
3.6470004682084243,29.09204110550221,26.029249734457622,1,31.659806041056903,53.0574870596734
2.357982421258681,11.534061443263022,77.00707454881329,7,67.12215563463177,79.90104132365354
3.169795089884462,17.728216610011657,39.623432678598874,6,3.144595505894754,38.23042494432537
6.183845828482768,11.785741010433151,29.25257604277102,14,72.64967463374226,52.1333783979199
0.607951164723169,28.11386358848163,50.78989477996844,4,83.57830708546012,77.00715699649099
1.3705448038018717,30.597697404778202,65.07696056133295,1,41.516358660410404,60.420979045705224
0.8450198151631456,13.434629141977155,46.66662915164325,6,76.48788300884686,76.20547615966731
0.8054660173922761,21.515166491349383,23.819578579788928,7,17.461091698226195,57.922389585647714
6.915954380082554,23.687095268666262,61.962279776110165,6,32.22603938194847,45.043211617154014
5.777433945350178,21.071590652827496,83.16822932774724,6,97.43049631104775,81.38088042119035
4.056303718154939,13.63075001455579,46.825075616307615,13,98.63281735601262,65.71521282662174
1.233756204882511,22.568433705624262,35.143294434157895,20,51.2605053021588,87.00418867241139
4.187119063376242,32.535341434252544,50.980414215297074,17,93.4269791463877,78.81338967522368
4.051038280854243,12.130229935997665,23.385389773414662,5,52.27306780568546,57.42069689881482
1.7990140243251138,12.405400422457102,77.43413091361924,3,29.15881281611573,67.51392616307584
3.7538873692847976,20.643138755079526,77.84385676651307,9,26.689928809877184,63.457858677792345
3.488785507980301,38.25177134856775,61.16003244007399,17,92.95057053681488,82.65950186693577
5.118875735391623,30.05717940168742,44.71720222568726,11,17.24463889738591,30.979906837243735
5.2632023815073286,30.360098700176945,75.98483551120484,15,57.96324582018182,59.05667024466866
0.8397800732903339,20.857599725135948,58.8280917351857,6,55.552506806271964,83.8232215255502
3.309594609698534,27.809823736256153,77.81526159850114,5,73.9621684652995,56.131712763656424
5.1939493678567725,10.303935520832301,64.20211548081144,4,49.924290752477475,52.223146554109825
4.273521939350658,29.082881392286268,74.9083831248958,2,27.22856607081342,46.465779916556336
6.923673808912417,37.3986084272871,61.8994095252432,11,16.939649963157855,28.175738988711288
5.4402022371420875,28.377204050344574,48.98987477509664,14,62.08188035058918,52.49426999267394
1.7220082031107227,36.210957803990354,87.05621019482963,9,71.89907568532331,86.45345851767362
1.0292656055032239,31.719191663982816,57.87796774151913,19,56.95212786820326,92.80535998414715
5.318144586547367,13.616752492110708,62.356266297837685,18,73.83512771211947,86.01393542994147
0.6988348290621635,37.073599218575254,35.434134759032446,15,14.152120244996013,49.235128579311876
4.893316859550975,11.993315330673246,63.79555525990936,10,88.24701949431355,81.61237197039308
7.551726810687182,26.019024176432914,60.01253546380607,7,58.239550840850306,56.92236343748937
4.816056334069092,14.26411371380373,32.93868785629175,2,12.684392689259717,33.88061378692724
3.4112744465489144,10.351198321927122,24.17109681472006,22,46.1925204205735,64.94586035845722
5.324661638317648,22.66102780382917,62.305152380033974,6,84.47917378659115,63.67125274791893
3.9368966786863746,18.851221229624688,73.45845885452243,22,89.75621934531601,66.42665900669238
4.592125919869512,24.58001481392809,56.638095964540575,6,26.46495049987615,39.82715874431345
7.560986065823939,27.315996602036524,35.8740837723752,13,71.12658247104531,53.39605401804165
3.395769783505807,11.31217216926842,66.65653836851244,1,9.998524748377669,36.37080277997677
7.708929228679357,13.69009885371237,25.607400862672158,9,3.3545871412157813,32.9320439282092
7.290129814670478,26.75927189351276,50.92835933613682,18,56.03989538199428,63.32282278317347
1.9684335109197233,20.295020595179746,31.435673087889413,8,69.48275793281259,75.4840339996652
1.020209756563741,31.87520462648344,32.912133574191834,15,79.5786731176502,59.082309369095356
1.2558350103306999,29.56874945775819,34.160576441074255,18,34.02162384553347,60.76622975739226
0.6366636923866229,35.368130889697206,47.06949399307845,17,0.6525410428886991,53.222985521780274
1.208322205669463,30.77478480007676,23.580514393427833,8,47.95192371113538,71.65810047677208
5.622550800622676,22.897932321704445,47.845540865036874,15,1.585354537356698,28.486442433681063
1.0339148634517175,30.188998671832973,55.81952129802906,12,9.198451067079993,55.023216978472234
2.89231722720321,18.261435227662556,53.83059994764277,9,32.668902253174835,56.20099252888747
6.836564832270909,19.18940496334638,46.79488702821284,19,43.71720495601772,61.004433089348225
0.6745395180186939,33.6695547976238,78.74026256495267,13,27.946944122964858,57.661540631665
6.608513619417018,23.392585492047466,30.172868469435286,11,58.18652665047078,30.386364871589265
2.6139108108004994,33.951410215550574,55.398772064696175,18,5.534978921809519,56.483708815700126
1.386236207162422,34.67267121004835,24.3428991869588,6,14.457971023958471,55.11293697455848
5.7255287402311295,35.72687012983852,24.980897521453684,22,69.52584007554336,58.58303648089431
5.21707135084913,37.49905707523622,60.17060947739674,14,14.214085359791772,35.841312549377726
7.081040101452897,22.929556615398887,59.62128974214747,15,63.97752015704224,58.75672609808388
6.013032828529143,19.566004549634165,81.462345899112,7,5.468462075336555,49.898903259527856
6.526106977886364,27.465962397823414,59.05115729620512,9,40.73822791191404,65.16110095917361
2.6152592942847988,21.135172703128827,87.18537142833951,3,17.740947012118234,37.72795830935101
1.8307965783479212,28.03222500400699,23.408639387995084,18,10.963628253518642,46.49157666330688
6.129610637306437,31.16757587931474,26.860537934651873,18,56.70327835012275,66.0890426842561
6.55126054450448,30.652150554764106,23.084610309926695,20,92.83357720056217,84.98097047570677
7.92878856500505,21.23658661060364,32.9693795233478,14,5.478704792354883,22.724494715226495
3.5946325768356986,15.005806050962585,57.888907765917466,13,42.15542482180342,48.98559708767762
3.2901356434458737,22.915880153866226,65.19005269991996,0,70.75354377454437,59.76032379415887
6.323097205564976,14.277824322457262,23.190961056406817,15,46.268783168782704,37.33279589773823
3.056026551897634,36.70291105551425,86.21796228919195,9,80.64959461052452,99.205535189681
7.480679942026735,20.376323822135724,78.95157636552668,18,17.96453158641317,45.10595298600154
6.938095638822588,14.633792416699713,40.76287375099652,21,95.95942050277405,83.59695445897941
3.7174552053126377,10.763432797172527,25.403127115852758,2,38.51626277725405,51.42646596332166
6.1315330084362305,29.374671588594527,31.89209512533401,4,34.15696329442751,50.69764046046025
6.159071555635117,29.1070695236423,28.886108962848088,8,87.46057945031659,74.362492652123
1.2734290162694946,20.21812499743875,28.62986455092628,17,56.38670318917666,76.99538851191004
7.26914680009675,12.15135666542953,56.29931820660138,10,51.644434190282155,67.44203445220658
4.289392793358928,22.288866846856962,37.20932097453802,15,72.69779195284309,52.165537788177545
6.698430995808062,19.336524851901807,45.069780157040114,1,57.98342382810904,42.95719225258392
2.900372007729588,30.313619192050282,89.26537333690257,11,16.251564475711533,36.29909179952766
7.2164242137215036,28.173377483580712,67.90199742477412,21,67.41976228649297,56.861123307904066
3.4190125905062234,20.9378118459262,86.42864669329009,5,13.346887928212848,61.723483146345345
0.5812823861022377,16.5367766276497,29.978958852318094,10,80.5857705334062,95.23518027897796
7.290364823144477,39.64107898466776,46.74976323827985,7,98.97365977122709,65.12003884944369
1.1846500758960017,23.620048635883446,58.8312262297648,11,37.73876249747763,69.33254562483621
2.8948522819281113,30.64822707340711,25.373064332211662,1,44.47558982020126,45.83463222160111
7.625464752881037,14.216589027350823,20.29312105395705,8,4.643365548281231,38.339792608989605
7.62955360203167,24.567690989781934,66.93040336578423,14,1.3733188082578285,28.893559256225288
4.800784160924646,10.826101596083964,64.92736617610048,1,92.14193348763277,83.11305935889351
5.238779091273495,25.1636535373135,48.75521669997282,0,12.862406043919206,29.820680099102734
3.8633414148373983,38.92052221353107,54.27508532224228,9,44.577874755947036,61.52888265134398
2.699080787735484,21.526201389574005,49.08101004144628,1,81.53546238555614,49.01721358529754
2.9649840902743696,11.169880377247347,21.68035313914222,11,88.93187599283195,67.47317403849844
5.5438884205777885,10.928673727580305,43.47601243522237,22,51.93976852834676,53.69633846047367
6.1428089707826,21.639602798406084,32.39575787781029,7,56.50325249759498,67.85662396512622
6.436842827943864,14.800748093895821,26.889693237095813,4,66.96839724632724,58.311058023321806
6.422136070959154,10.700562889845578,86.97043037225448,21,96.13824701437153,86.34183304921689
1.1840457728651779,32.68640841850531,61.95518075295159,0,60.26699609445051,73.29416429160815
4.208152285269361,23.75569026645672,71.00593989656218,14,55.947525945634624,58.84633189000433
0.9316907001248321,18.677343159179635,42.07546202862822,5,1.4534135265990678,49.29140594892015
4.621466617428016,37.002495490494425,47.52029906458107,11,8.094970202235608,26.71696092278343
3.8114787603003277,13.484168806015768,36.58467957277064,7,57.71716266239962,58.966672692502286
7.157781370687248,38.67756486865957,26.78759696757973,12,93.62403878072033,49.78561618448946
3.13186259414059,19.419001521320585,32.532214620910864,18,86.6691348399395,85.29495679031362
1.378002623207044,36.65211016926044,75.825983170754,0,98.25789229922046,75.45064788763466
1.572437615396269,28.088286294383845,67.4282063628643,10,52.7834037561274,75.65810752616015
6.211329737881042,34.80122079224462,58.28502131898338,19,78.79309384377669,68.70998238849322
5.136635474871958,39.52039489631393,53.256291100673764,0,84.04003314893404,69.88080245034648
1.2584200709209268,18.65216313456237,84.57039985592871,7,64.80316573308617,94.48311970764357
1.1308010458624809,38.83406456222779,25.09144634450679,4,33.874990421450725,53.91979819780896
5.7572684859434,21.68445684707261,39.64205692665412,16,46.99784346577944,48.20352527760845
1.0457225477314513,21.565357142107672,44.49564974994998,7,85.79170722435677,96.09732498691088
6.663950444677671,20.21161312763517,74.76980685489515,9,29.854792598216395,51.92460505408521
5.796816703673722,26.242228220427556,89.47602341133799,1,92.37431312666486,65.74227584840679
1.1101158548142482,14.624351295354613,36.846936033000716,8,22.98063414226651,78.12737989498582
1.1362828556389393,26.611344560740335,81.20151338959565,23,74.95164151567806,58.27087118155569
7.8997968387588156,26.25114437230012,78.14359323022539,22,63.055923434573835,43.36419247120947
3.3070309681709023,32.8570543781461,35.72601783492367,2,74.95994411207623,62.138011760191645
3.2798161030016817,35.00949885812757,47.95328061394558,17,43.73475724325948,72.68715004744453
6.595996754431269,23.21324050937272,48.677100850476336,6,93.26410625539846,70.60527119804694
7.6043643303789406,19.069997480544814,88.47544679685909,14,63.24722024114774,66.80878279316684
7.895007978671532,17.780046919512834,32.66243309652288,20,28.829580455425628,43.064983758337284
6.150336389442062,15.838715101146157,75.94105797733474,21,63.84550706521437,70.20529916212007
3.3219468914818684,11.729427465970746,43.39348999211769,19,28.681574720703118,64.25571975183381
1.1262553752400157,20.273439365041398,71.16092420433122,17,29.36323917598742,69.22857298107321
6.328601869455776,18.107430763923496,49.4007703006964,2,39.95985116208679,31.770051290396957
4.688031873018538,38.99252157599222,60.4851834181578,22,85.2430417569119,65.9918789298114
3.6816650693523223,26.731264787501317,78.28282413282918,13,50.0297874393992,64.8314891889653
7.297657888210519,20.418311170915224,76.29158954887188,23,67.89008422302074,51.11458194339042
1.333981117296135,27.41402802981088,80.64962284777901,1,39.1967740274463,66.41470223735365
4.194688282181444,14.175901040370865,24.17321277412613,13,26.360543980688146,24.538252017786835
0.585152335755643,23.321312476066087,68.44353871278213,21,95.46401607162313,101.5513410477775
4.0149548149559475,28.787029642631914,29.7991163705234,10,60.358124712306264,66.3332027624406
0.9222745676137801,24.66693495377354,49.10729976128877,15,93.39513385827183,71.29519747692434
1.3911343720105394,22.053364019629726,58.40118905382819,7,20.341300219831503,72.28542817264872
1.3814468508282867,39.815451666990946,48.19176393227815,6,14.689416391293275,63.03463172265455
5.369077265870477,36.409442864467806,56.37281730621052,10,85.58229071239036,86.81673985578814
6.095336594490675,28.702178744783204,89.75684161590334,2,68.09172126172514,67.79652871018571
4.8752657382286975,27.081320835468482,29.465211959899833,16,18.657849925364133,40.51930795726462
7.716294113559065,28.61981439473752,67.28192317354979,13,26.935970066353775,39.031258702287005
3.3115293464277804,16.039363234672997,47.720067646993066,5,80.06639415253112,53.19875961096004
2.6428406471139554,21.85413229792956,29.310685923513013,7,45.386861999593606,67.27779782288964
7.014493461420952,11.18378598672698,31.111573436201667,21,67.05405065060908,66.0069872938675
2.176968788895895,24.2663811246048,86.44911743719318,4,31.83520221360109,62.333295989490715
7.724169045804585,26.290737518729895,81.57210476982334,7,38.12299527748767,65.62407168031015
0.5911585601736226,16.832492083096287,83.49293722905153,1,99.07125586231051,81.82420677160883
7.774091200307293,38.92086541496541,89.40729430791706,14,24.761708717471855,40.96463135536237
0.8236993396293208,37.28363832811726,34.582077300596254,11,50.6456377036514,54.04229095590647
7.183573352735533,31.664297063677175,44.88075361548432,16,84.44023431905322,53.672103316657086
4.457758318147249,26.001598862960876,66.84533209474067,0,23.9223213665858,43.497870189447845
7.947235970894752,36.099074789430546,53.86617779024531,14,41.521375668433066,43.77371835017001
1.0534742355154916,13.919570314703886,49.287267336483346,13,61.50912873699883,74.26920887817057
4.6539071330099056,33.71529382824655,45.04678745349152,19,48.118815147510254,65.67851391318626
7.7697690171432425,13.744624419005449,61.56464423604165,21,45.95022665703175,38.204295568451926
4.423233831276116,33.82631987648216,60.29154000480574,15,36.25097313221236,51.62147170807582
5.220489786014469,18.273027047540708,31.302048384496807,8,58.66463277749251,62.74803430131058
5.718115167384629,36.31271743054567,53.021788626290736,0,62.43726979236103,64.04922025799462
3.909057985758299,38.32126281476194,58.743024334689494,16,65.32895409013626,70.48928069082683
5.206685600630475,14.463879082153468,59.92008571119733,12,7.036810790602932,26.075154315468847
4.882357339423252,23.880268151961808,34.70750350386463,20,63.103417571204886,73.01663577800495
7.258685078682418,39.42962134488055,71.95899745766008,20,95.32371787812328,83.3332238437931
0.840847852560934,24.502223079194398,21.763936637474874,4,54.09862355280837,66.1945410697167
2.6072239219417273,35.90642567543635,44.83822988802139,9,71.52670825092443,84.40778265474174
7.62808613057419,27.661945663939594,74.61488539749435,5,55.67323077592178,51.8044603547292
7.176978379181873,21.259897237588056,59.47250447387816,23,85.47406185919787,70.0029626122163
3.917425645892847,18.573506665776108,38.28137027576022,18,92.95830945975689,79.80349689882954
5.150994483511526,16.096692732582618,68.64671835401333,12,18.421989929635927,32.39084604660907
2.580358872358495,32.85394574133092,59.71736609092514,0,43.68600365571266,63.66247140671313
1.91090869792821,21.596215204690836,75.7370526619471,19,39.23821009327213,60.30076473680292
3.9777380370498663,25.338263866022537,71.45176303328763,14,40.521512329927866,58.236477141792726
3.1501417101953963,24.769764400035456,62.70755454253643,13,12.55241812278759,47.21711619314799
4.877420838881541,27.31837087699394,54.17243727175698,7,81.36157259807193,59.835501505009134
1.0830097772373863,35.96731436873657,29.32274879672664,9,3.576624301493525,51.94783454289263
7.807961057496248,39.422180307502884,38.29331125197686,8,52.82266077271569,67.15299350050981
7.8965805835970215,22.227526257214507,49.33696310419597,16,66.18783880446912,34.58023569909995
5.736212855148088,34.82556766318909,61.95095009044721,8,20.746943805887717,54.21540796249929
4.520722747580903,32.93583383964153,55.95954986507134,2,90.58501920987956,60.76616814722909
2.821457122147458,27.205868543667197,40.172916817167064,10,83.8549207024793,79.02123544355656
6.6034626478021154,38.68141430835799,20.45250504527974,11,47.10837294839253,54.12965623226029
5.635483794154094,16.01423546585208,54.736745533056975,9,41.11489323401387,60.91983061031389
1.7196270450866846,13.277926309288642,39.99381919935702,16,23.656792521110003,53.57870073904754
7.331953883703818,35.61885900866267,71.42258104973746,16,72.99932246449636,53.351560938883686
6.669029321923768,23.174494499012447,21.676238568933844,10,13.174379963196415,28.05851863110447
7.62349934968943,35.40906562621181,60.93794679140536,21,68.02377538437831,55.188568793367835
5.9428963129126995,36.79270615586245,85.90319662542458,3,84.24569861184136,75.21106444849364
5.100613969518424,11.873727808572143,32.20864869780497,6,22.84715759170237,37.34114863480308
3.6368227721796416,36.50394288958182,53.01546435254168,20,86.64274028987562,78.71822921855087
7.495463625155099,23.449571661082665,26.39953942719967,13,3.3323199439508455,18.882321793562557
6.995479171253063,25.312974670126966,63.797733858294684,6,91.27873853865253,66.8897621010911
0.8391400257964206,28.797775332796306,58.53721764173579,23,11.836222785129802,54.21399245069132
0.69775230872939,37.791478201902606,48.51558669489826,7,64.57591779380326,79.50725843947642
3.323475251585372,10.573482832892921,56.49639150316189,0,25.00824689139418,34.243167869985925
6.579149980863747,24.305304049534513,82.76022609283072,23,83.65523911696138,59.592732281913676
7.904570969862084,30.63166127291682,33.74060116177469,21,51.23003609154665,61.75949530386123
1.6281266832764614,31.681208730946853,21.579515819374308,3,13.524119124650136,49.78314735215627
4.955980365141014,30.77597294611324,80.31654192893707,11,57.099157132597846,60.82443898378745
3.3566814247326615,14.033053882243657,60.39819576715345,23,40.78826101969831,52.259605494659134
7.774357983609524,18.981867651150438,82.34609188232898,2,66.14478166131012,47.465599407755114
6.815891923517815,20.761465762510404,61.78616563892208,12,88.19032847634595,59.46980726842947
6.787465285333534,34.13311623038515,76.71127629717918,19,40.938913118341844,65.38030150766322
4.015198698462277,18.36279617243659,50.07713543486035,5,28.988067953385965,53.13512694985156
3.611146267532489,16.321148916016096,72.49019519017881,10,1.4515094527608796,51.72082700388932
2.5505530394802967,38.72344057114289,83.91290268228991,22,57.483903785987486,86.9434117547782
0.9228162248819534,10.265898553404067,60.048607460554436,3,40.227476743143356,62.60765523547012
6.9854178219128995,39.93462567045935,32.65496053936657,19,37.464921901482874,47.659606865323774
6.5967575684755815,30.304638965721868,38.815833052113874,15,18.29353212842125,41.85649182839745
7.997882549645979,34.854078983473514,33.9051203828184,6,43.00553451912743,17.989020703214603
7.97477627805429,18.838581890385797,37.2799919317013,21,98.44419535833683,75.89822951642276
4.665737792019706,10.4294583300118,41.44908145457255,10,29.775415367224433,56.21505895194031
6.267405613853828,32.1360855568459,58.85936507272319,23,59.97044134081002,62.466636207714956
7.58574297411821,35.02433791002027,61.159414062468294,0,77.64868813156667,58.522673821784714
6.872355430080586,32.21428395860558,49.85498230693028,6,74.91578231765317,54.50413362655202
2.3551107630739825,14.285508619025158,63.07945458745848,11,32.877428749259074,59.67107239743585
3.8790810148257013,32.60283766770907,25.710244792795613,6,61.08600835168504,46.269498010737394
1.4686956136362124,33.06768346322923,26.1451765940712,22,87.12646852701572,81.3664879280211
7.6553827044404175,29.756215470101647,32.028062225036095,6,1.5447427733077945,7.871580921429301
5.0463097583816,32.98347798386759,56.26542486282413,9,43.57343568433076,66.07508289533524
2.2148210412759703,35.377643190331966,34.97962750888195,15,22.427341824190528,46.75092194023081
5.537755133043926,28.40812342712375,39.829908244480414,7,38.8632290398839,43.033198276000476
5.135961803434219,12.658141419090372,48.02189853210959,8,41.598960797524164,61.418539251574735
3.186220385246304,24.628834290016325,76.83062868072659,8,74.6670964786637,87.4955555588628
1.3516819414972177,12.329480040148152,20.97034951390021,1,9.382187239544315,36.928532736000165
5.536798966945997,22.226290930972926,65.45651741656357,12,51.25839031325105,42.8436613627331
4.40230775677845,22.21319467376883,66.82135717284797,12,56.41947917987453,61.12033732657961
6.292387938017295,11.980295324207248,75.90590462496456,22,49.41576035518044,52.0273520620428
4.401226258339951,20.46461601908438,85.29270573422193,22,73.18732530627202,68.47909679248461
6.891361252389051,13.329942963739445,21.409649426450287,3,38.37912559068474,34.51406744571883
4.639301290808642,34.24705630027667,30.764859385925135,23,94.49670636400761,61.6433527998568
4.707034786515397,38.43064077893412,82.03199058391951,11,48.180344253894134,73.27976615765984
7.074902019937587,12.169494257738158,52.09629935309108,16,57.121390961479754,43.514197495789304
3.5261214965929777,38.653456218751046,59.521344725342445,1,82.55308233467494,62.687102496845654
1.5051142133798054,25.677297980102352,66.41190426062032,12,27.523610593112245,56.138748331189696
0.7158700723500423,18.986970338616217,67.53466231469461,17,7.520202876280246,64.18520687400219
6.163529417552143,12.305862258284906,85.22182823215557,14,70.77839783624825,56.95017794055821
5.152321635150985,25.018728042112535,89.78645921881687,7,48.301185554837865,84.74952610657712
5.780598260744177,33.83546633472246,70.41102226516583,14,89.65042509589948,57.15174692149319
2.0972312113168305,31.212594318000946,40.10548464436056,0,98.26800487224341,78.28221195629219
1.5227860669007733,11.506780343919212,81.58266816060404,19,39.91093505747292,69.37063881349897
0.6090849925091144,12.187055061037105,23.44546401785331,9,41.543901625966086,68.67438460811431
3.1294066910494776,22.086198478979114,36.175659701214734,11,40.79626022057264,64.68085722389834
4.924382651409748,18.858714821438298,82.81700022246004,4,32.45541097309261,50.42093558844709
3.4418303382479922,16.971529691681436,37.93340601075485,8,78.16870977663974,82.06605338990823
3.781061915177968,18.43013496726141,35.445574173522395,22,75.89957624907277,54.92710009751174
7.281190208703113,34.10448229890654,29.668770519817308,7,47.864487055052486,49.714972199798446
3.1119160026747528,37.876841608955615,80.13782303528416,15,4.466121637889875,57.50038827355497
4.354921168698581,22.15308083582699,55.00407814337607,13,30.955930151307342,49.385657663079606
6.377397595558573,37.18333006397491,67.24252421379083,12,29.230304655483753,36.739890096663885
3.474070867409526,19.64487103743646,36.734646885252076,22,81.10872462002584,69.31929690062432
5.165650251709051,24.293109590313748,73.06282947078515,20,8.757557341617472,53.52398238197275
6.967727815600589,16.78086993447999,73.2003881473469,12,80.56753790427041,52.10450879839313
7.621404677432316,29.214281265275318,41.88186174358101,4,66.9183652199143,43.42424299031319
1.6030511069677846,39.36943345524426,48.7477843107198,15,73.24414591304492,89.03543595430162
7.449407188711208,28.10479288130136,34.67831942011406,10,43.22131875850235,54.553370923501944
4.190872198096536,20.734422523406465,88.3592716326033,21,67.97257960017582,68.2225338011466
2.4368329122421875,29.434523379715852,65.19218039408881,4,60.902894470691585,69.6927508405136
3.94351817178696,13.687620353961627,85.41807165008609,12,76.89801952286295,80.1943111396273
7.850244314641078,36.65977240796196,41.23698805403932,10,44.67698344682521,44.34546104437039
4.194635704946522,25.092518523395093,74.73236390978228,18,47.282562489630244,66.78691624153878
2.9656370771563116,23.480492261189262,73.61010507193194,2,64.35762227398202,78.03500254000365
5.250506407375443,27.575943653605577,68.4158956306579,14,10.80774936663883,36.48801141605001
2.301092140836448,28.743515883682072,87.59472826867604,6,43.62444483643173,61.392138899616214
1.0689749608149794,12.153274186795391,47.54887352744208,6,97.19508452598056,71.58048823762827
1.4665979143298693,30.47851663670207,29.150212651283013,5,3.7552320060045608,49.306062467786674
1.4603437921832934,17.257950409465888,67.01962014708425,2,31.60047228663938,56.07417637007185
1.6392702013422076,31.418578975197693,71.05168603340442,12,31.410981908937075,40.11683648263361
1.541203794870576,34.6760438315259,60.25424014211703,6,63.346411923577264,56.40138739057141
5.306560586024109,34.11875522657561,34.47725251933774,4,10.58003594241399,26.337995282320293
1.864100632993586,26.575029022236674,55.31191591685488,22,62.85440308788611,58.331458061904044
3.0925046249289743,25.605096769322536,41.85328155983906,17,9.504024065161943,46.9281416431894
7.225913074295089,14.286278840182352,49.92265697166823,21,9.4953647418331,59.753207844878105
4.054712301971543,33.26038451209406,65.16530030912648,7,72.81833571884823,85.3708203863367
5.5066830389077035,18.14228141340143,72.16503198835841,16,32.41351738327963,23.898010931433905
1.7923990340122238,24.900862684538396,36.25572836309402,19,97.74229477137479,90.74730525420722
1.9421676410650308,18.528222787825502,48.37277524528673,0,3.735293643555493,41.23649974165666
0.8065146219985915,14.014850889990793,38.84130996941404,13,44.51066637179941,48.992190395643725
1.767012973041234,28.886730906752096,33.90421297033084,16,11.313593767402363,47.70161449115379
2.58942754273969,11.629961044687114,74.83710539970869,9,35.137896675810865,54.886613479572375
1.8275786320756011,32.459357023786,83.64768861058947,11,99.82224506090506,94.8551017658488
1.1652690031779172,19.527603857833498,45.91625299792037,15,88.88425117385317,89.89493676188967
1.4047690332545062,10.00404079013456,72.58952470616367,13,4.8324408855396905,66.72539407540567
3.9558407602454433,25.333874177116893,82.78967025550878,15,56.32558438256834,48.50860759663129
2.047502888043444,11.405557255828093,79.2286947371162,7,64.78223048244357,74.66375742739173
3.232023957860566,18.285086734626987,32.79693719774581,22,20.95346239501257,47.53021795917677
4.275629531411427,31.209294623671486,86.9404317059353,9,14.510557339645025,68.34202477233613
5.67796121472024,11.880688648655976,46.36735083006237,16,90.43811346655234,69.72910505047804
0.794841048808242,35.18015477068007,43.74684628216855,17,96.88164414833767,106.17047698838557
6.49557799181782,10.114597679757493,24.370192909444626,19,99.18928573196418,86.61133915356027
5.209252921181808,17.404716076057067,54.03215578734181,15,78.97617737346346,63.08091225758419
1.1131927396165393,32.22712168456214,27.63095309486501,16,66.35020694052571,65.08815184441741
7.051839680800829,19.488104491879206,37.397787464919816,15,34.573025219299794,23.81202166125176
7.406543003988599,13.056771641980406,42.185983523709695,18,17.139831232475245,39.876086265860074
0.9580846989114782,20.80701756401284,76.61784264441789,23,7.89805993662317,50.1394967064746
2.5765823611040277,18.111798591535766,81.28420552771276,23,69.3297468551492,63.309014720758455
6.54650959844796,35.281357064816646,41.172642222302876,7,78.47234151793583,69.3462557366954
6.1119476778774375,19.400437527554296,80.10886848712018,5,82.645365245498,55.18362776206034
1.88390764517283,33.66797415328021,80.00616561588538,5,91.37650033037986,90.8645069072072
2.0701199250253275,36.756164344322045,73.52556652694115,20,87.99295636383737,97.38719354042074
3.278540770935365,23.014522587295886,30.26865798106271,8,99.97412722580926,84.37822737850281
4.13392238893266,37.298294315631765,68.32259928305103,3,24.406401096725126,47.052946832492076
5.13691078647722,21.319541618895784,86.15168452063982,11,76.33076152122106,56.63515143504894
3.266852296773293,38.92235249470325,67.777833513701,11,58.645951237479764,54.16153037838642
3.969010370998609,12.678685735767187,43.213179437548376,22,26.124513245358237,37.96940880906264
6.106032036003174,30.610577995097284,55.04055222015819,16,98.19053222869428,64.62575903521751
0.7751240216794842,24.81442121370786,65.20075303457375,14,89.78981047742522,84.11271757019016
2.3932770825801555,21.62946416366941,55.73992861099525,8,12.851566844411643,61.28639717555145
5.850121894134143,28.981356362458026,28.396705921167886,6,2.6158342323419848,14.280191619664073
7.214051282653995,31.115712749029935,41.844483125641446,9,68.83307623326769,62.914892409727045
4.337580815867495,10.130898089509273,76.16772213875427,15,60.41306288565351,53.86440805488588
4.490851139489868,15.00859266241596,80.29926322668622,11,93.58156241111459,46.487801560629165
1.3037900850483204,31.39138151902956,29.611002290089914,6,23.400528716036984,73.84328078444275
3.8555927511759096,29.991562407346194,86.66707266791072,17,8.438794789498704,51.491798379247115
4.494629498412674,38.981425153860314,43.017583249402655,14,25.921533377198646,35.14483036068705
2.3185287772604726,32.83113370752349,66.3619617111504,5,1.892764051146345,31.825060177834715
2.5193242321203573,38.52318123194014,72.62776021696769,11,3.5892751188932426,35.052295630103806
3.32963122328467,31.076215046044208,76.83623642465184,10,91.48578059207595,89.95665989971889
0.6505339833329478,18.941566259183297,86.20247915581511,19,35.201658250187826,90.5486728247423
2.9155937418738374,13.160947667525694,41.90436836201758,2,41.080900100968066,50.95864782575
2.085860052474085,33.45471590034806,80.09545181860881,1,1.837165453810441,42.8601752967788
2.95623014133436,29.32447664427748,29.21808324053449,5,27.05217801718466,54.45897001445488
1.3982159886443841,11.445580371798886,69.35286344475149,23,80.4725983741431,73.50304066183395
7.178954605549212,20.80151397702935,71.93844106597902,21,61.54909596667192,65.4532585917487
4.951943401655365,38.703994464528584,67.44062688409244,4,75.37806010864153,55.56295564857285
5.593267393583672,25.012034371306036,37.662031529460705,17,44.721374079378506,72.44248649124822
6.418784289555037,22.98187408059114,81.11302029106423,15,30.972922175133,50.47845882055697
4.23831649196793,23.73098815477882,31.82009243592765,7,48.28100933283703,63.02741092036928
1.1519021606556776,16.26648172015491,23.754435406458157,19,32.307106840575116,64.2588042299381
4.528299063639109,21.061215125943857,70.22254934283384,21,83.8971096674068,82.98846389255701
4.901308385156593,21.094397679615298,53.28330006629136,10,29.767371559284573,56.63780365672305
6.090796056382475,11.570650605624172,79.43686139710732,9,65.97636404530837,59.61373130776939
3.7374465967225956,33.02702885553755,46.83779987407813,23,13.698222230952783,48.08523539636674
1.4568522709667282,22.49513295711637,31.779501195539897,11,68.686649373491,65.32549973838874
2.6283192934904336,34.6653966044927,78.55095347289088,20,91.32997116000338,109.30223696608763
3.2231172229897633,35.510440033596865,58.42367421480502,5,60.858315463990834,65.20049272345358
5.344379309987009,16.359821640959744,33.243705467324844,19,55.98553800344772,43.50675023548575
4.7808372850168395,29.720604465103857,70.4268799010512,4,96.11182680216402,62.02284460967195
3.170725444233847,24.16845412488945,55.777954694265034,22,62.73965553158464,45.196575508209065
7.898864365947348,36.40470213764455,62.301908756822385,8,25.955043327308257,36.72889392907976
5.043311145176654,16.472220375293624,52.26288367446073,15,29.23910238477404,28.81467110344539
2.2792009380199585,30.334396009301326,78.00962886726045,21,70.53066425359272,88.95704667151102
1.263368544653028,28.232563667581676,78.06939009781348,13,73.54365938921863,74.17739963122368
1.6464435438824903,18.859044327154983,69.65721752770703,21,30.34962317890152,77.75019884135905
2.344682962883811,14.098027109535177,27.37809641775236,7,34.53439779263302,64.40928654823104
1.7051102994466676,29.549192814318296,78.71977033328483,19,99.1056508739087,98.5598673063342
1.8992526803847931,32.15792374396992,66.9709086373037,18,10.195254958027745,78.50200949161461
2.638213765203853,19.468820312900498,68.79169162030097,13,40.46450284400993,59.05338777330365
1.8003019647106613,29.344978120669413,45.40879882827102,6,6.2447531197507455,42.36407205563304
7.225740684698189,21.8539272283451,81.54956893099046,4,82.1078361998241,52.95795006259021
1.1017530924623165,31.39620649847853,70.77601201644002,17,9.234583894543224,56.04679141130816
4.4338354217769105,15.976458246821593,27.881332657043615,1,67.40073564627112,61.78807832798261
3.5779762024224615,36.70645007908523,48.544462408431386,10,5.648342400348206,57.703657595604255
7.867839626814548,18.622287893967393,82.04662533720992,21,67.28550378096911,79.25638653071022
1.3402917662603926,21.033579632684585,23.30376911881653,7,84.30369469277032,91.35731480944176
3.483916992843062,11.742758562410494,87.29916337494346,0,39.88215269240574,53.709203408736734
7.7710282495652665,13.345366369638292,67.5413797823694,21,52.212649343217684,62.90575006132659
6.991303444204852,25.475857081369846,64.19631843503636,11,40.15417380052825,40.57915041311825
6.628040532119599,18.027780301839144,38.939147954159395,1,30.04887586326389,41.585361748601024
2.434271202837049,35.064406772265826,37.415425211742395,17,80.32634006271282,94.89755521173316
1.7816569054254936,10.440801659648615,85.94407536420168,6,27.200257373098967,56.1874643138103
5.514824149433233,21.372821460158086,40.87907179638859,16,72.29434243894471,69.80619034053777
7.470319918456894,20.12036640307278,74.28537077032996,21,20.619707925520224,57.75134721213061
4.675721697604473,10.57982892752803,47.51852587449554,22,24.985379607832957,40.89837949814042
4.787095171024249,13.731051970015306,29.74778495492928,13,33.646116257721225,46.531727348206516
2.5998432024521314,22.40928024755906,20.750070838675125,23,58.91563773937882,60.02328960881181
6.271196998939526,24.7859375334234,58.098013591067556,6,45.44223191595411,45.11835725118779
1.9028281141814252,22.12869241764607,88.30451729842528,21,74.51448098278203,106.6967320400257
2.9275942730318274,25.928130352362814,45.83953356664431,2,21.356730033619233,49.31287778075848
3.690773289623126,27.853950247170445,45.003463379513136,5,1.0672287848834117,27.531957622150916
4.307077840133413,10.297714633835069,44.086413249460946,19,77.655747178522,69.37673100293213
2.318072993113102,23.922854783605118,56.43806861134009,1,82.16493338800724,65.32165280739024
1.3612761855440265,38.90497722662765,50.84654183970055,16,5.948016310838955,49.15775715823196
5.079650318312244,25.57096840388646,81.59402387089102,11,61.09075221583965,56.1645189743242
2.6647291493019183,30.326268023768595,55.38645542064432,11,37.820678387307794,56.776037378365274
4.859286660669592,19.355915737506496,55.54304867319981,16,79.38956551945168,70.57095047610805
1.6577203645565173,33.21974134458287,29.686011630438962,9,87.44145541964785,104.8571708799355
4.108550763911131,33.18764445628345,88.79176786372702,2,85.1003766797249,70.4312023082532
4.494420744136894,25.63888142962417,37.49810236081808,19,77.72042473508522,64.71400778501183
0.8886765261682018,39.280414698376404,25.135484722172187,17,26.905222874216296,80.76126053906945
3.0245320864544043,13.766506442879601,66.42023742826461,12,81.18896435683168,60.19595247582938
1.5081100770423068,10.50842994668743,61.67564591098109,11,53.34784759062927,53.34067099360446
0.9753122785457581,33.10474635271288,49.060195779492204,16,5.275661483209082,60.187303065032495
7.924701742924589,34.214666120946475,49.553456371647464,3,45.693884989824895,46.503968573340856
2.9176538373104224,13.606216873617287,74.95447447325019,22,94.21579170299933,82.59642215141022
6.574058343909761,17.96748498875818,33.69988480697543,9,88.78593497355527,72.16078452715647
2.409804910728229,10.526570900998868,77.41773232614227,10,10.226428099711605,60.355281762095146
5.61127041667947,18.799258323416943,65.41229797265127,5,74.41266857143702,54.730857466139646
6.201708949172649,33.194256217560145,49.32788416456671,5,80.57928659582348,55.66057054670679
4.967290554558832,25.53881583137737,52.0620031608708,8,27.13881882367648,55.899988014399526
4.036821414126187,20.44286779504864,37.9653045030267,14,47.16085707410923,39.43466442014066
3.588806856104514,21.15217884718991,72.64800328878823,1,71.09879414636829,60.21406602772011
3.116511999072465,10.040608771464045,55.901231961368744,3,43.90414888211479,38.14370635938404
7.4714685818586934,18.994015826957074,42.45981799248905,4,11.279691886657695,25.354129033833516
6.729645558407968,29.393762249137914,61.72350810326652,16,70.58824446817215,54.56487415700556
7.737701829998844,39.225833314490714,89.7014116435926,7,91.16386897353036,92.06692642107652
1.4322291761415855,35.411824809516986,50.46835957595877,7,65.24847284061576,86.66128033240503
5.981506064027332,10.707848939365874,84.44839805450337,21,77.38007485690339,73.23568189151817
7.537553426157784,36.956818140245176,44.15117879471963,11,35.83625356578285,32.97290124037098
1.859247996242451,33.49595239895878,23.83128948474901,20,18.319824512663484,63.28983374101798
0.9987220052508312,33.411283707129414,34.296947445790025,7,64.27736616182925,84.18086257558231
6.058404869675443,23.739872770107144,49.308660032937894,18,32.77712058412189,58.92901754841817
4.808548348849339,21.940158788635085,35.37444500161983,2,86.00735189897928,65.89554647716548
6.813715825687041,19.087471864995777,20.015892675277886,17,12.262804997800657,37.0383463889873
1.5482928246971712,11.970845768630973,84.0501076423269,20,43.34636997331237,75.24069292064989
6.464504838949177,16.847060904810974,79.07155878616504,18,39.67276004683858,55.38757326865834
2.0122049003580837,17.39810904934074,71.9604562040863,18,93.80538535539297,88.87133514454038
1.7274195714927838,24.52231209130605,31.747021695222003,14,15.313480060440387,36.18452250803851
1.7319934844824472,32.42333219790082,28.425450334699022,5,0.9846825012010951,53.30342480189653
6.609310401735366,24.214294851938398,24.73233246306682,15,23.80852128071176,31.09835318883939
5.488979155221501,11.735333483414818,70.68204321410448,7,82.02768597686546,77.95954222071994
4.422990685768395,38.73369402964612,85.01655724815197,15,20.932181604701704,41.677814299530844
3.1912286309262687,38.281729572823366,50.13750746391259,17,24.08780637054827,64.41748133421171
7.079004056098312,33.55568629445225,28.339847039723374,19,12.98988045368108,49.29972612953543
3.4433383056697653,39.73983704692662,55.86749745124746,15,71.54362032765404,70.73200448895047
6.624495796036828,26.33446998400789,44.41823352210411,10,6.917419050541717,48.61668006089549
3.793511814276638,38.88305050759618,46.23774470449984,6,33.120830232852164,42.21447219137578
3.3270832206868066,12.268151218502524,63.49314369089951,16,28.249872662096454,49.14609541180265
3.9700983925220483,20.970422447841138,70.31026792835416,16,55.51597297901548,54.27056011216047
2.7603340562310654,16.761438040202975,27.74225192112126,11,73.04162650197355,64.57307038257483
6.107070351321884,15.874992524028102,22.491316156453347,12,53.28764346967474,53.49473664617699
4.270402925693594,14.224088466780282,89.60312118800005,9,93.10259929750676,94.25032841650587
2.24159521360113,28.6724092469799,36.29098442408863,6,95.14426388873319,88.66948489947103
7.2468092995592635,33.43965567241915,23.768136743592137,13,36.14653284985154,30.35181221942088
3.3791841602990855,27.34895198261082,33.2912730367144,22,77.76803762748928,57.8180730133197
4.576646458354914,14.40888128764629,22.727049244392497,0,73.88013832681897,61.039878006698494
7.298540832234102,34.333713098004125,47.426762623202016,16,89.29645917048273,58.2385720546366
5.181784969354941,29.078641214911855,76.1681249115927,3,44.79436402077033,53.78833497762209
1.3767353053127305,21.644971183809865,43.88711148304044,20,53.04731871977923,79.36918194550518
7.548740927101063,30.22390886608189,51.09283848148566,4,41.577431358157405,33.99883008382028
5.207810398035634,17.797149377284985,67.29107414972071,19,85.03769192997056,82.4472898834816
3.011792109928146,20.355766254826314,55.62258490489161,23,22.970231536213436,54.77717225210398
1.5445405449754044,37.52457529395971,80.3011980214927,22,23.97090782424447,64.83651258872341
6.455188919527219,18.71513517014261,80.62249725320297,6,37.26051035770798,40.48828471923539
5.150545669463852,24.099648044738096,20.693748684380754,9,23.034283210235117,51.13891319747155
4.500958189822412,36.70423412188044,74.46324145382394,16,56.100683641492076,69.67329467334467
7.204194372882182,31.231640508025823,52.251352016917174,6,13.44901064955023,24.259500764793835
6.414479084183981,11.866096784941082,89.21883789125641,0,32.01862194040553,38.54402646974633
1.6375615979956337,14.41909132836911,53.82624531128046,6,91.344469847559,85.23548285448192
2.8379155084666117,10.235247723157505,89.08271617718083,23,40.922548019179594,64.75039601045965
2.363668548608493,28.927653706874903,72.81985528440157,10,74.82337164935092,80.88367837841399
6.0795971942950775,23.43020276231255,37.40234192293144,8,11.3462191706574,32.67456400100981
0.7514932605183453,14.028245527068266,57.68764855008704,11,24.756450814178464,57.61795001474101
4.774172636534874,38.738023631703115,89.4494947635008,2,80.73456212003686,65.65286805174838
6.2184401430551794,25.8897917183686,80.02714254263466,3,76.29929362896941,47.28663829526253
7.075742275713121,17.256798823386674,26.815682565385476,3,38.615591859382114,29.20587097277703
3.065613115369306,25.018107134641227,69.44603977669973,12,95.43969020334742,82.68401466432795
6.659429785040096,30.388609982053232,44.190571010956916,22,91.06430158345454,58.53501635009706
1.3297380271640542,12.287176539206934,20.488758331624368,18,96.23007491122398,104.44009297930835
6.848392188008886,18.241114451436758,48.24366783188997,9,42.791469018778535,38.68586584091389
1.456164967489868,34.20896472651981,36.432809520747995,4,19.747358368568303,58.97122636122217
3.4796546792027545,23.78994611207984,77.32084893643301,6,62.6658639091341,61.73445448877944
6.479715243346652,26.397314260968848,43.613142619203586,23,68.47731582791985,47.346523684684165
1.6243807051158035,22.98448006628408,77.9266585767672,15,12.544178445052001,38.61178700344455
2.2193854642448114,11.316998279290154,20.04185571843567,0,78.6483034295906,70.41840539788683
5.916894262947997,14.972493394604678,41.547340501828344,11,1.8060219759960527,11.631283993406093
5.900274024095558,23.36624916225673,36.881565001543336,1,48.272838747678335,50.73364032175173
5.308607246639729,16.275563962237833,36.34971527480277,6,33.10162594948949,28.006069787443067
5.70461333350325,11.499370859790362,24.77306338358239,10,74.03030598990841,57.51628755434406
4.570433325106971,35.309489921554714,33.09869892873512,12,31.276072742181594,31.94900036484705
2.388492941802146,39.43577587492348,58.88846989199339,1,82.68071127810327,67.81822995958484
3.092719951279396,33.79428621990218,40.39527509864212,6,59.49534887808105,66.56951851534686
1.8619828760106925,35.61354765114001,49.21763476304036,14,79.38933617620721,84.65309188787474
7.313379210002212,17.259313909511363,46.38068162430319,10,98.93406378396237,71.03315213070246
4.875438460745904,38.81880926539599,81.31334474999262,1,67.91583457435569,61.92679611918199
3.506385625727299,15.907771133602852,83.37092993073608,6,98.49503163616441,83.55064092661073
3.965043527330995,38.54289431085497,54.5069880159102,3,2.8836326921705346,32.81735002372502
7.604625047088615,39.84457881897853,43.11091652209231,10,33.81399884838084,51.98211037120001
1.6501355233706014,31.35168417238146,27.476049280165455,1,10.785326456230916,42.62742787068783
4.896723740125979,39.43431195375466,86.73820155674665,15,26.230493138443954,44.336715368396405
4.294165091633495,27.08619338701311,24.21588614302082,6,83.88878991257744,50.79979550655008
5.085906765759859,17.78625349528271,40.83551942977963,12,3.232326532609031,30.80993043074841
0.6358263786563039,23.109876569968627,40.86463408190029,4,52.01829357323937,72.3786258534682
7.040929317081136,27.80682806136358,42.42809002981504,16,56.7128707532373,38.17988641406094
7.490887118627093,12.192446860810449,31.50007902906865,20,56.11511466719561,40.20678773252908
4.738498876919067,28.670297938517383,74.8213001646588,11,47.52970738232557,51.09392677004988
5.724881179076692,39.435335102868834,28.574850337619246,18,79.06029647697554,82.95142717312483
7.418745358829717,15.703229493511829,64.4434661407214,6,13.354308950555115,38.73823422932825
5.80428975735049,33.7778534886515,28.669221869407224,5,31.057701555078733,31.764752105455177
1.64404282185696,37.236963813388584,24.937494631506958,7,61.57260534451727,81.25963649595244
4.822162701251099,38.31104778460663,83.66006525801136,12,69.09513662679558,68.21786229024562
5.050362847871419,38.804068132163415,33.309013642309395,4,40.41484317770563,55.40872432179602
3.680980034767895,25.643789161644158,77.4875108191793,1,87.53712633272332,61.34988866467456
6.023331767185422,39.31923723974511,58.12416097749951,8,41.54933966959143,50.706072984275366
7.507752610767612,32.71930621403317,25.449956372613872,10,40.27761343483331,32.57336180224554
7.441763846800822,14.850143087108858,86.88137340066473,23,3.6207261487384956,23.00704941903325
3.8812952855309906,24.307003194039098,37.287281689432476,5,55.114133619473385,62.58465674159645
1.3492853438056644,31.54993526116012,80.17517417468245,6,70.8680838511905,71.1732576837133
7.88630899221751,17.420209474572502,31.816700404919494,6,11.44381635168481,11.282438690088112
6.791735648344506,29.218455506466622,79.7760017499297,18,30.543276608787085,57.22572747665531
1.4349701090245013,29.998014371398575,20.92601690337058,5,78.12569537828522,71.38573599953277
7.406314119630292,14.880992314256977,55.824631959863645,10,36.591943541357544,43.951977168205865
7.024222715465962,26.952559373582687,73.86098055950897,10,24.16024620400399,47.110098803918675
4.39128542844554,33.148807329358235,85.43568622449483,6,67.22006635651123,65.53849264188433
4.934565768086969,24.966869936078258,83.6441495344541,1,19.675877767165563,49.11388532226425
3.492520279025977,10.363093503283222,77.37374086833515,18,89.56529195831769,85.017377309074
0.910712291165235,10.271154072378765,82.17339447629129,3,10.559839602614096,47.01864121972561
3.013979312344257,20.710880319100365,33.945378008595355,5,70.6549802282827,78.10530871485301
6.521400864485086,37.78582205295346,39.89290069982101,16,49.954870128637516,40.94877028477213
0.5347401725345214,16.860303388108264,40.22779674447409,4,86.99295623969935,80.95523583739246
3.001243787683581,29.030910666150614,46.393775170118914,6,12.61950910262366,46.689436310839795
3.486265201932075,16.662276120799618,47.53244692696321,8,67.78949184960878,62.74864729094237
4.530467022034421,19.650099689786458,58.11887272582729,0,57.20546391813814,55.59516620542084
7.398917123095703,35.44126268804452,31.191583435650898,0,48.009014224004645,24.82040299672522
3.0975949577447093,31.865843268098406,68.38726646501925,18,49.14072634326684,73.02657856481393
3.1021490142217076,12.861978319396318,31.729657751315454,5,72.19769617985308,73.76599679955449
6.031259360823113,22.86106062959301,41.72159374731832,17,93.77416549348222,69.6707508828342
3.8916345566735537,10.875092909357933,55.234159142430784,9,9.125165911904809,39.983115769786515
2.1845361720498646,24.42670439809027,75.75083930664341,10,1.950264761052023,74.59834141317555
3.8932963709952007,29.873020351032043,71.7628463267109,0,80.57047924812035,60.1896239465542
1.556427652848499,13.555078707944546,65.18740494873656,0,10.816938755075933,36.66875748155519
1.8229023987966748,18.666548167274968,30.90412824061191,12,98.66967960804239,90.67558523864182
4.237758295546098,21.93509876506471,58.29317419309044,4,61.93482489588372,49.193992678528474
3.6419408712841093,37.585930739681494,26.12125512599198,19,65.08663952541407,85.36536470739902
7.36134425801075,39.79765046268892,46.41542237576556,0,19.88917029380174,31.34600319621314
3.2179542433747486,11.347338969868476,48.946157120297144,19,24.031231029667445,70.96323274148743
4.854412627085326,32.83023770486176,22.78680076120277,2,65.93503030992501,54.29011873211378
5.2419821593964775,21.151721992070296,39.17916696289802,17,90.97268379341969,87.55662992174496
0.5982084244125023,21.773745586884402,86.89546270865425,8,98.23905545175666,97.8886215209109
5.476530290125329,32.62794920041068,86.75428254807827,13,19.803094663109366,36.857702119830165
1.8352697515231358,37.552792964362254,44.662893797677754,16,13.411962270979016,28.716683078955064
7.708027381020914,38.52785783507645,23.017007626382686,22,5.640135776079047,26.504761442878632
1.6149704581483473,27.313677581149623,32.53664575297271,13,86.82970181613278,77.31653573240261
3.609680927952678,20.713634779015084,47.45524554034781,3,29.471484685646875,38.21440045484117
1.140122510589829,33.62647257576337,86.34457885784609,4,0.18120338692516613,35.04252300983923
7.9765568888446055,17.530041497869007,29.883934447602947,20,22.381808605642885,42.77186968744263
4.266462577484319,26.92222086500553,73.44610905677486,16,34.044108009941844,63.10957681947537
4.965387629900328,20.757353845746195,27.607777756228444,21,99.09861694966852,80.29806935799195
1.003073580413206,29.698932211236283,88.68803041738938,1,52.354159385708165,65.46654247727172
6.124703527993834,17.211967386805206,46.713154937639445,22,20.47139475951013,26.26247455528781
2.074291948216893,15.747788372044774,74.26641772293392,21,33.48183447134511,82.26746429034958
7.235407170805353,37.54717260026311,43.981375796779226,4,33.030768755687845,28.251606178691084
2.038547303615054,13.054110488486106,63.93682140111661,3,1.9725746463175486,40.27520470590037
1.9301579049774993,25.17873723204795,33.441125931802574,3,13.518305417143006,52.001817652556575
0.7741225088607115,16.625583488890268,30.221471350787375,5,69.51964597032112,74.73150314842461
4.0405020883249945,11.167898899770023,85.66448976976919,19,12.025098657073464,55.854680979263854
4.736308499469623,11.080564548742792,84.23530945331034,20,23.073427660611877,54.69577220410286
0.9928147957126428,15.256653163174821,82.12282581490177,12,35.07372984043088,74.59769034137642
6.31645712521258,36.00311063518001,63.78034151166154,21,75.77349445022938,63.8378916677491
3.899666260610207,18.4743623193108,76.57877478513947,4,58.24009648679398,59.451741419333715
4.43292701995685,38.513775117258874,24.832585583796245,22,68.89999849885683,43.72263076852479
3.805720602036711,27.448668789675807,43.43523293234754,22,56.70123254201722,65.38669327302682
3.505722956564945,23.098425693062982,41.95921873300094,6,68.3592425221869,57.568462463783554
4.697302484811634,27.402665040083637,64.49517253668293,19,0.28421536639724465,42.75039694049537
1.664301844480344,25.50095155678803,44.91704414294483,0,93.08981443714295,83.44172566369552
1.8644609787145334,32.76328761271975,30.395474715057656,13,11.092023087480651,31.06639404633292
6.96339215760138,18.474881979185568,61.75269527894806,23,40.62490959769048,46.22404662906429
7.595865966002245,20.591511748009072,77.0068744468357,3,77.10383702448547,52.922692759271634
3.299819872098147,36.82282907599752,46.74864461219812,16,43.52307180094239,43.2297621416216
2.5305850485766532,38.393695394512164,29.25881005689372,20,94.68425516675158,80.48337214312185
5.329996574292618,36.776746824594234,33.76817381189761,13,46.758894849876675,39.64019520521725
3.565506283235723,22.583439818719405,36.62383136185688,15,87.49394056026713,64.45952953335045
0.6903976674525865,33.410965090206446,40.99283150961753,13,81.0828113362271,66.5774488341197
1.6711444802464277,24.290071999032964,64.99565493544165,15,98.09863027986832,85.49592258794544
5.869791716355482,24.926195564383065,62.06618391764033,23,92.65477807509754,56.02979193879552
5.441929564326135,16.14040327171852,68.72559030969273,19,89.81238347128787,63.26605883472128
0.7032199437761262,27.733909097755493,45.37513891720592,7,73.16043405194684,103.96613168552337
2.1647912144971206,15.58407693260044,77.67983563159848,23,36.699814726822076,60.338552377520415
2.2330609744105354,19.946940972015813,34.28613628090322,2,10.612541856490243,57.64815650745931
5.539195576990463,35.65090604859805,52.832852326270775,18,68.864505226439,62.73427061983319
0.6478290331577312,16.212274276325658,76.06571050790012,0,97.86540813379649,92.12697592795554
1.2808143648843038,12.134748555202984,32.61110534128335,1,72.6604437331869,76.62986260827829
6.49937064029892,12.070227778384488,27.690417961854806,14,92.87293692773355,57.040170158939375
1.839084965407502,38.22353561509324,81.85787773815929,21,80.43047129555167,81.45847299538886
5.39559580888906,25.207613138855038,44.00507639314371,9,16.31146751166788,47.124914058748644
2.286370857850449,22.28236215451055,67.87090874363224,17,24.92037705912873,72.15766459748967
1.2458104456950887,34.32635743023755,21.774402298475692,21,34.186560176235034,72.28621145453813
2.3237914324959057,35.07477783731548,68.30328218866147,13,16.826044433800412,48.829611188419264
5.917001988917444,19.96573099346814,42.127091808287936,16,58.165133267300675,56.05391366232637
6.917723510797143,30.808541724213857,23.901859751120924,12,97.54505241349513,65.19195661221502
6.726648984252437,33.1336844755566,62.68689330836819,0,76.14588334361586,52.12877508834201
3.478876472138411,29.639520605978635,36.85626712512213,4,42.338674906746185,38.12448514011669
5.510638524279846,14.547852244002982,47.0765069436316,12,0.4504480980288661,29.477891709863137
2.037382215618657,36.27649250551171,25.64065686005595,13,31.32760111381787,43.27320069170699
2.6986079769575992,26.17283658208026,30.301427576646173,23,52.67592876922153,57.32044653202826
7.222518638908398,18.47417279110011,40.858406484709064,2,32.42508738519706,44.58421951902098
0.5975144263305203,22.756845563130817,26.283165039211,14,11.103492302385954,49.792507311647995
1.1413139814085107,11.12713271196722,83.75783852804207,18,44.276495686189456,91.64972079252613
2.059146913595205,13.836004036672527,20.42329302287849,16,25.325281696571622,37.89475402634464
0.6989915290536479,32.96640251547582,53.8702153205018,2,90.92323764615014,90.70300291429311
1.8607657631734797,10.000349042660984,28.627322069278602,15,10.175452850101575,55.26438273253857
4.8728117072726915,22.496974854468768,41.537536263456396,13,4.915262872471038,31.656470666716658
3.6606841294437347,25.675305432567654,84.82416918727859,11,0.5314169154862047,58.700224840814705
7.195037833077311,11.639032600029168,31.31861872917908,11,32.806968448565776,25.778498079203743
6.6308267130383065,39.19234488916999,87.60826238028328,10,66.03868382008886,66.23814843136836
3.06363013773407,16.78375993749016,34.40560638925952,16,73.04137528817927,68.85416999501913
2.4456757507346936,19.125961589088426,71.90962759267808,7,45.32616833817231,75.79277070524071
3.347693061254502,19.11827536765082,58.26740854281182,16,68.43286504552667,58.45307292299186
4.927212068861058,16.912499863520498,81.91351093177315,20,35.99140362153634,69.39117846029295
2.510477306171572,10.044214662589342,58.77952788521917,22,66.78062199866169,69.5868395173062
5.181116808868505,31.88034382263989,57.419145340941604,19,4.0595985302373405,42.41258896993842
3.5705873914343034,39.00536499397856,33.68206002578799,10,39.075298456700416,64.69778552488327
4.640353856389852,16.72880449855135,31.63605534361611,1,79.08496776331792,66.21036107455251
3.770948968514875,29.891415754102674,84.15424057808599,9,80.30060304590013,81.6773856232828
2.7084931965643824,32.25688980876146,42.94867391950238,9,71.61487788756946,84.7444925321049
7.6133998022161755,35.45276137271574,46.04575784740271,10,20.42386205698644,36.493163371977595
6.227043456198206,22.678875910408273,73.18765608998719,5,24.720511893063325,33.68110602623091
1.5508488182483942,19.087927169212875,43.71764376959651,3,99.60887272645122,89.86592329791281
7.013509819234346,19.758854020690933,86.6443712647302,23,10.33780072019599,37.49446195531916
4.155733986871352,31.378639992955385,71.65494382991602,11,18.06626989024094,28.334980511672256
7.209141701705685,34.50338399516908,61.8200469801394,10,13.00262556501326,41.24826431671604
6.498914419604864,15.44841903269808,81.66266123813267,22,32.76549636836156,46.52697146119278
3.6891012835192507,21.128230244732954,23.472413584463794,22,21.017583523392336,40.12696589221583
0.6685198124008804,37.0582059024745,37.99438845324461,12,49.76879595477721,68.21249126796612
2.5150801953870956,34.20080559084218,52.552543395463694,4,47.60207068801199,59.048782378927896
4.562256609956502,39.54575208287427,35.88849776300647,5,90.15056194513032,64.41481991982067
5.251086648696105,32.627447790462426,72.07336311115063,0,3.4739947444781483,32.51650200732955
2.4341576407490173,21.79585603083767,84.34456217376076,5,31.987957666776335,65.65675015890938
1.545170555546181,27.719135019839133,49.66390839516464,17,59.66578919970902,86.46732168619165
6.761976775994744,29.83042762741961,43.94928200783265,21,60.480176184396385,65.35549448891554
7.883016355276641,12.353674489513718,87.30855124962964,8,48.01262290142092,60.42143939575079
4.442676367270144,26.334908773115952,51.13967029792786,23,81.56655408146337,60.35765536078727
1.7875946438622763,31.279624854178287,54.23338803144983,14,6.272217141445879,41.93328449448555
2.542304948895267,15.019639120031812,44.615491063933376,7,81.54877655801359,93.93113595715703
0.6379300741060006,33.41895152276672,83.66839311084968,18,49.47542404357036,92.87169328097433
7.3572410492037426,27.51318341542335,59.82688382972955,23,13.376069507700217,23.385537267762952
1.3831331216760585,38.56665357092784,73.35222110271513,15,88.57019135404776,82.38930256295937
4.823873566356902,11.272668946206752,76.82647028456205,5,64.92287795409635,64.59730282298621
2.555414155154045,17.959784126664008,43.92943293420807,5,16.354568682413927,47.65276816131093
4.65633501886845,28.04661637899472,50.3586031924266,21,3.364972339902661,51.00646831329293
5.385652912638982,18.89679736617792,79.39302420843853,2,14.110964833264926,29.80695582332143
6.723063527804012,31.432724922137265,45.42787461730671,9,60.87979601803936,53.263504544115236
2.048159538204524,32.77015847565793,75.5754593416296,0,17.929623526004846,60.70116787482105
0.5824687149386036,13.075478921994232,85.8694625802106,13,22.57630748750281,71.94450347088244
1.5266422255160546,25.415633926203032,63.62472611476049,3,2.513972575631418,33.3538810458128
7.250139813860788,25.26671666773168,71.91391012163223,11,72.29306722386036,54.106742966118915
7.054175581718864,21.078423106466232,76.35681184287944,5,81.03643997594371,65.69088960945996
4.980598266277312,37.98774587709016,79.15277542276498,10,79.68481767721232,63.68452142225112
5.0038764532524,34.82518959619664,47.65373364997572,11,12.756815136428424,26.150515651051975
5.487775059096916,30.916281457289102,23.58844214231987,9,90.33011273887594,74.7255225330421
1.8152845896758718,31.429799072049928,48.13133898657176,17,67.227882947408,77.97944871461769
7.358089594437199,23.851484314393574,67.16293608488628,6,89.75286223768644,61.89541973644171
3.6407789366905483,37.629835632897276,51.524527004655496,6,44.71605045306636,64.63622917497746
3.373538961871231,30.837862817598563,72.4274205602279,10,43.69548610836978,64.71254014072693
4.391882789621281,31.869431849674495,44.988770062806466,3,78.45365186848953,63.1603696236653
0.8522447508129128,35.85072711362036,64.43208987728207,19,9.329785547674351,62.6555020888634
1.7471252656705956,18.222147680265728,33.04938633977822,0,52.08740366348857,60.76835345110019
6.035252123197778,34.212127116001085,72.45586056514699,12,83.63842356312257,63.2467670317576
1.1209900094384486,15.857218088694761,58.19871781691181,17,83.01925630695713,114.11163075534539
5.023640820997912,20.360258567346634,34.28450719826204,8,95.6132856342369,92.72186713072202
2.340118322609907,20.068313628095282,40.433782144846504,23,69.82725935305464,53.15807276871631
3.419717105314824,39.355764051674214,72.40260960072827,23,20.777062943972837,40.00112864531642
2.665203025780249,35.69611671243781,53.78208649630645,8,2.028031489458082,48.32745691432942
3.1675453734871186,31.035095847707794,35.12220082751506,22,47.94157986271019,43.484349388984015
5.892844288881841,31.811702848461703,87.70898332592084,8,51.370386562255554,57.13264326639083
2.728412867173813,26.862183832077132,70.05875138718216,9,24.026258449893145,64.14293965536797
4.748034802226729,38.41272001325557,86.99943827778573,1,12.46974471236032,35.50219130672531
4.0703780164932475,24.887762586470846,49.897353175224026,5,58.6208166190509,49.560257234449885
5.477533740219861,21.415531296096837,53.25702384842043,14,76.42556740241413,75.55120426420157
7.526223044935685,14.89106010794773,82.85686513295134,2,99.31541035901606,60.44589229019678
5.994290729076877,33.58616956783174,56.753453817176926,10,75.83026172105185,69.31976338672261
2.1120528394306755,32.033317962267745,69.5095238333967,5,79.3632414255581,80.71119210316631
0.733873512959635,21.530651155724044,37.652101424687096,2,61.64608782287975,64.16546527090094
2.466980332248688,10.75580241877688,51.27085280918484,23,98.59226589700178,69.1677150336944
4.963084480251911,35.16991983154033,28.641490606724858,10,63.995638511457045,65.46016568389601
0.8856936011318777,10.34253950362221,34.41860251138732,14,86.02532863997044,92.54286161190353
4.222746854009273,31.110993388871528,20.066039068734177,12,94.57846462409557,62.2101409987965
4.976321366876669,39.10771329178171,22.748553615406216,19,92.9858500500561,70.89536439162623
3.0068291811272063,23.129839844446103,88.40986762238505,9,38.14153437833565,76.35603440753897
6.281841528093665,17.04920214987858,36.96475865957336,5,7.866205831425866,24.25743488189876
1.2994868985032886,31.14613030130145,66.43174966528014,14,17.187370253924684,74.20345942798474
1.0635333630185657,34.51384426046755,78.7369789159728,17,5.922330539660747,59.16193666888243
5.961415671527025,26.39290948233542,58.5462321465595,17,10.539693482914004,61.00270312648533
4.2161848715464885,39.01105825768438,30.720115005876934,6,18.465124589369765,46.54453643532909
5.66301797320802,11.550061649738833,70.96815061353165,14,34.10943165874018,41.417669924322595
3.7612050395280967,25.143867949135846,62.017598706970816,17,54.35396465750758,72.85188567344913
2.348015249293301,31.553618419676503,71.18754125431626,17,71.1682059355086,77.68832132146822
6.643267382556498,35.87921413447537,73.8822635999961,19,21.092733610651194,46.96046490832805
6.4956190922673445,15.377668357233702,88.27872573793216,8,67.25224042381393,69.30047157046103
5.710223531408201,34.00010445291044,60.1494296018697,23,70.42590745024197,58.46982330853219
2.5410885292247203,26.581212271556357,43.914877888342126,1,55.86223368661894,48.73687429781987
4.926730001518154,21.8966104596989,65.3925189830166,7,90.36178697987106,86.2019149967777
3.207304227050201,13.951450857372807,24.79084964698383,19,11.099481392181065,50.76590783887111
1.186865549949756,35.95887276726737,82.81781228251104,1,17.71214576024195,58.53836312975196
7.379851815966821,14.71819624539146,28.356670793673775,10,42.86648243894848,54.949065376701455
1.5261397318922105,19.29363577627298,42.948998652007276,6,12.671273523423887,44.36188659470163
7.626780153656018,18.701365958873104,77.10217664382847,5,56.629614372408746,51.429023922872005
3.845043297184668,36.142421025725625,61.81186648314983,9,39.84004666094244,66.05273780529566
1.8884969662896474,30.18108982626694,47.55448641942095,4,28.459579453591843,57.85504927776064
4.564257105337686,33.90044191574117,53.1404961562515,10,16.998981301763727,56.3247736063391
7.047093769073062,17.51403696377497,79.81831752415262,0,33.53382383482103,42.16978097996392
5.991686648071709,28.74622298820997,43.80030702419245,1,60.7959350832342,49.09794900959904
6.549208608960873,27.15237949431246,80.875477936852,23,57.57852108894116,62.607027298341315
5.4408752503303806,34.98491130364813,26.169410168368405,0,16.362400021023383,34.668789991868465
5.692074233883893,37.18261181443782,74.37589060460415,18,12.491981074063341,40.65921641773354
6.868967386739895,10.364703144321604,79.32833431383155,1,2.667676260887253,25.149328643728957
2.3725100664438945,30.22059757176378,32.72723569861371,20,1.2425593793932266,50.273645407381025
4.170687227323554,11.55507397359187,50.12425726605403,19,87.98104357196851,83.10466544061663
2.1590708136470167,26.465759952320678,31.584984226455894,22,4.508885600538992,40.39821283623148
7.907510059974853,18.628981871310344,69.46228902959524,20,73.12211098732463,59.43816882524267
7.580445047649599,19.203297985664236,57.474343764315975,23,87.1985096244957,56.42501486435268
0.7957010852637942,20.588755103570698,64.47263426958247,3,9.805784856245758,48.295284506473436
5.7918137938676635,28.638773471488303,33.75408768693478,11,43.63014238330176,50.92177576985578
7.439362380617494,20.021498970063078,34.82221034366937,21,96.23029831742767,64.71705607179004
1.8543150884550015,31.98097151770841,22.904812785693444,19,83.41386605235851,85.17213672913958
4.759589229144721,22.13582156721609,42.54472746370108,17,48.97040318578551,58.828227193139156
7.366162231910314,12.050596009298758,59.18212629335725,0,76.25711127915528,68.50256296813795
0.7545948393934914,33.512795274523214,80.05544397981302,0,83.33776244316638,92.75524845758913
5.730652004351299,18.57274973778118,66.68492132210764,23,34.80269631887193,30.72767138751059
2.7301175552941306,22.98300638797788,50.4777426379826,13,89.2152916869961,67.33265714628048
7.432971465323978,30.563316496657045,86.71840800758964,3,47.04733196771568,52.77868019613256
7.782936838740258,19.97368471446136,70.34716404030823,4,52.78073635588299,48.082354597154136
7.581998668350755,11.697569684401468,85.1115642003785,10,99.9707637821831,84.62549906487288
4.0566066249309785,21.217631410384406,56.931158129051596,23,84.33029661521613,69.60049082426248
6.965319882419851,38.333457480829104,38.123299235519774,22,36.177000577298,43.420274608321
6.834120489013028,29.252031918956746,23.69786804553054,12,1.0345596472699947,26.296895189371654
2.893253549324417,30.14437446001621,70.82593960386953,15,62.61740737938947,63.22001735194475
6.71686605613008,28.968464609129196,28.49120986038739,23,70.39134261281077,39.327119328311724
0.7775572603661947,15.969764168783104,41.1942589790377,12,65.08026901433797,55.96927395176398
4.972024088615398,22.550015923068404,57.27296355187282,23,96.78623511632131,69.07424446725875
2.225066279657773,32.52819395089955,59.509161144582336,21,86.29710273321443,75.93826997222082
1.404251643329591,13.041186926594774,62.04082378909952,1,44.88316931806485,64.35248433334058
1.0771490122190688,18.335583282691367,31.637873124479043,15,6.285748747238095,41.025706619861076
5.722165819086048,18.289573253975608,46.58161833751541,5,47.605876950199686,61.553301455597534
3.049062228260496,22.960567827835177,63.20359589818767,13,68.9244019962023,69.12361656423579
5.935750786465711,39.41106222826555,87.88732052436494,0,60.77098082270046,56.482561218606385
0.9901725559920678,12.025076400514658,70.93417963897821,16,53.81370677108849,55.77064795046727
2.8646775337295773,25.56102983141785,84.58226299657704,10,46.88189580152413,66.31515771951466
4.546184692815029,15.380940460366315,73.35484408199238,18,29.376187302738632,67.29288824667186
6.4304237362922265,39.12029636229232,61.42018782246803,2,27.734676172462926,35.29564227742005
2.8906437719905242,13.399105141823926,33.44163583954412,10,50.02314789258019,90.19125731531287
5.194185323277568,22.10803007084774,66.66799563247591,4,16.0603146429649,37.58026621190376
7.144833111771404,32.136549545038186,63.636569617193494,16,34.068542357480155,39.5173647354812
5.118973911367284,31.13663284082336,62.17284193200865,21,32.39792747100996,48.833512736596354
2.247196060652253,22.681859106817967,54.285010759176856,6,58.71328015842009,71.34232998908419
0.6830058616740351,20.395725038581546,57.005962279249296,9,6.668230036302458,56.42189874122304
7.0257415542569746,21.92837135658612,43.410976898267286,10,82.96686802650952,74.30359496073
0.6595205813779035,17.92828789475918,56.35188848496122,2,56.237838038440216,75.13394296666264
7.060262545131495,16.159988161203994,33.82891339749348,19,67.08266807759354,62.95803140524542
4.46702850520409,24.4911909267667,76.36220781522638,9,70.30939037594328,92.99925503954539
7.543007738846721,18.056012682028218,33.004386828909546,9,29.148413684253647,40.323871838872364
6.49087426830249,18.623849946917503,25.947640292262648,13,47.03715673848665,53.393270505147726
7.984505829000031,29.702681904236712,50.537221845001014,11,95.62459558696672,47.717082961237516
3.130338615887826,39.05611995099677,66.08152076542433,14,76.67052379968149,76.01648041411593
6.253912166983452,28.109116016781254,50.6401777453479,9,96.95568752231853,78.35030123595587
3.5144818520693164,12.309384011948989,39.3727892365916,9,74.62543451462884,72.79034498019153
4.099067152279316,12.267508415622009,59.07198287233085,18,17.56001397085174,43.247837996356594
5.206290974137776,38.54269662536698,44.290163478854,0,6.453588384467624,28.917588314798433
7.05257835639754,18.91872370922001,85.30073830886431,23,57.76614367196636,48.62702332627916
7.880626018994714,12.762009582474263,84.58515977225005,9,35.78132797026095,55.80136387109606
6.262050603983886,27.971337614511448,55.16602739804668,1,27.545791013817023,43.174563211776125
3.633250866255003,28.709463348707985,42.95187958127809,16,80.72109964254174,59.54711437747314
3.660177517078026,29.455144603560644,71.59926897696474,23,36.69932670819473,66.67514116941432
6.031867261916686,18.02206083572624,22.569906043814665,6,31.70009697343039,30.64571158079101
2.2908285932622676,10.45332052643425,53.233830423055586,6,84.99875931690104,78.78423004602001
1.3285558484854598,38.95046108363415,43.54263759892335,19,84.62873364864602,91.45428269570407
3.159666182305824,17.526791370733076,84.43751195717883,8,35.63666377550566,69.27178295646405
2.654292437405613,30.280788641576425,20.840211909087778,21,83.24987009859662,82.45641375300242
2.7223109034199258,31.19889609636129,58.69704130028444,1,85.07784903326605,65.78530750101451
2.2520581328743248,28.300222512384572,71.84645067466383,13,42.39305350296662,56.75145647674663
0.8156989222727141,19.387221826409444,53.951259126682885,16,6.6473130209171565,37.17862582304559
0.6340545105006036,18.132887612921973,25.978212111390516,0,0.15846444663401016,37.346764119647915
7.9079179230202366,27.930048481081094,88.07229730195316,8,52.3292462888995,57.731494964138435
3.7082985030189675,35.98286900835075,56.260730196326854,19,34.40754933703557,70.9848554058676
3.3824498536976124,38.402011867701866,62.993037102330796,20,99.7131894158366,89.84025529696618
5.597354620198024,13.177174132112729,36.56268478952551,18,77.24109996272843,68.20544854292814
2.1369041589879814,14.644858377931595,53.844865957476266,3,76.12754563504124,72.80890492441232
7.62470887962669,38.34208776349239,50.040464437082534,7,95.52427682873437,75.47612019294323
6.39758760811664,32.09605685004378,25.24270894013886,12,88.77243978933208,52.17550025782578
1.1705825173419464,36.489814744893195,27.431224748322705,3,31.81874794563887,55.898971219957524
3.6318558183869625,16.078979024060295,78.62307637331422,8,16.598722160387634,59.29227737437338
7.093387306716235,27.627576133282055,36.78739665446132,8,74.58922650654823,60.78563812204162
7.5854901671855774,31.03418783252421,33.647079004904136,21,37.8273893682873,44.66497136538907
4.005511334374023,30.40335656340918,55.343801587509745,17,47.31726516309565,75.80399214787118
5.100585419080308,22.244550726000945,73.81229919537591,11,63.03977312748269,54.71228121744193
1.7527545956905641,10.461846750739255,24.336256300529154,9,90.78726769352407,90.91970712962117
7.933764696027324,27.487781704127894,60.37655437467791,10,41.908775367096595,42.792614751900985
2.2375377603758255,17.593046175388263,28.344730998840134,6,78.33168902193613,76.67544308442316
7.570488306013442,23.50762738428671,22.552273557793292,8,26.833979127465746,37.95576942034032
5.372349867442764,38.72743045251452,23.692076651355215,5,69.79717909236136,55.87177457254925
5.058025961591444,21.97105952927304,78.39148757459088,18,0.1579421077911869,47.10626408971028
4.345163832623815,35.1940481999328,28.25807385396431,15,87.15072134906347,67.00159946587635
2.23002358788319,15.656218172477534,23.160595508860435,14,3.03795799544625,40.43171172983394
1.823960240041312,30.173814940750866,50.65299210000386,6,71.27537547625842,68.56693208367852
2.153646568026315,39.3102086331683,79.07954303594173,15,4.625818926128389,31.246779651396352
1.8982869660819088,13.056793026188103,38.368586354251136,4,26.624569939400345,58.48923242287705
6.34688355175065,10.24959826681576,49.519883226814144,15,49.72024035565531,43.98276489675029
3.1259394437504757,23.007483778978433,22.794577279462587,0,41.99386853482382,52.21999401011478
0.9338200742254728,12.778764491541015,51.43549598944131,18,19.18361146010106,72.65414824193361
7.768269726056085,32.45153049028694,60.432915644599355,4,33.38149117092374,31.571196596718867
7.128394137225692,37.436459915456766,59.96349376265014,6,72.7706370060967,57.29048303938198
7.458142123964097,23.020629181262763,43.26986845220556,18,66.92570925796483,56.176449784148495
7.961808669848264,17.76134926466323,42.08732264641949,21,7.18145837639157,39.41969425487901
1.8042143691461547,23.03209957019829,27.46365332556185,4,74.73158255728863,67.85505283756116
3.4718151417699405,31.70343453550003,45.675882445238784,16,5.304588119702835,33.44190347046851
6.186788567780685,10.271624847411129,26.964626821107526,21,54.29263890997844,59.483926962429095
5.720154635403442,27.683619684540915,73.66171612984361,7,26.006274804219064,47.9896783300829
1.654219297548913,28.398750546621372,87.63920084237301,0,58.76901275598188,73.33603710871868
6.618748437429633,29.130647406878065,87.90521196666948,1,26.132839594090186,43.77587473381533
2.1833042887749547,17.260662399426316,80.55497695627757,14,98.4957969625831,86.60512143699545
2.178632111169673,31.421581701343804,62.05545045377334,19,30.972818372753185,81.08959914840128
4.527308171700602,12.741744589953292,69.06059880707159,17,24.1960635674496,58.43214693424834
4.947049511312773,15.978110094004023,39.96440618762898,10,27.8465290915346,54.60961789814024
4.850646558783584,36.32410139963446,64.15392941208344,9,89.64728572592954,74.1425855374682
1.1861512804831615,32.16169452179699,51.89546846079142,23,63.62188286693448,81.66129986654468
7.080956469727853,10.412366620340357,53.74121378438527,23,73.06840974207765,40.52005115936531
2.4920003194152955,17.451287811094005,73.04435922626107,3,91.80105100943504,80.78358202335866
1.4713619096210313,16.432194489794938,39.73428489180762,4,91.18724848450074,72.36702685422915
7.165610599017329,18.124189841109178,42.26277281861639,3,73.89458465787276,51.31614559077802
7.66738623672315,17.42679310839659,84.72492537900456,12,19.78244288413229,23.32138995495984
6.96595712949088,11.875788872285373,23.935700639568058,12,84.33733206750055,60.077745727884384
6.571370560436586,23.76821549790461,53.994400888933825,17,20.37760341910637,40.60896775305825
5.4143148547926625,31.982004243584953,83.89605602855032,23,74.28988140984319,72.68028388124141
4.631430279568545,28.201951741523093,62.72541054727099,1,68.56030665448743,53.202044650545396
1.152400699335576,30.186150057942392,58.24849519484925,15,75.88888501404466,82.86112519000598
3.5633990980302404,12.434475356087175,37.482092546054865,0,53.26856807138157,47.8101252562429
3.295163877592355,38.54472130530362,44.02928423451138,18,63.872618224921965,70.70348866345086
2.4481533782024467,35.154755015290746,79.6433891063285,8,95.33200804342553,96.49600605269796
5.925650852664387,34.15270955486988,59.14526922379207,2,10.10885941742149,25.392142538341794
4.219068013090781,34.68951415125302,56.03195356297459,6,30.884727478162,38.97293970325292
1.1078466193073595,37.98131524398284,26.970579947802023,9,61.13570130983824,72.9316739245414
2.151374014623585,26.327618983410932,21.121970951858618,0,96.40541301314893,76.75149647370336
5.624440727446969,16.008460536028778,87.45796320809343,9,9.557444766260115,52.25253465219557
1.0709814461772513,28.503508235576234,46.38903171007891,20,2.2549221530086427,59.53293837924408
6.884051855365765,32.28644481003817,62.2249143469653,8,5.574959847032801,39.87247676219073
4.213598952604808,32.13752180062076,25.58005512310995,14,5.240568646119881,35.575238591682975
4.10439932994986,25.643470725006402,67.81800000061327,14,90.78158577774043,80.52040090532863
4.943058384946382,12.053761580007341,85.27966960941727,2,72.12579079338248,68.94649892506307
6.685107244438619,21.133388152903834,60.29656770981938,4,67.71063661962783,51.05909203879424
3.108569059266448,37.62299825390072,28.828072566278742,8,52.25728202618095,59.58085131858704
5.585121144192977,27.53346729272278,60.72050692314337,21,78.19526169721519,60.021611115209545
4.742989729968433,26.149958297671404,73.64430491732566,8,15.56479927615908,55.15318259018821
2.50271202627066,18.065605431465805,48.449157560181305,22,39.19411897884374,38.23999783048496
7.089724897663685,21.053467597497367,81.58864235590275,6,49.000425076434354,45.42998657545167
6.480695162051961,36.86038267459508,65.40780673501551,23,11.040949767672625,42.766103440592076
5.438388759938191,29.99389142580507,82.94742428024418,22,41.9513709337517,40.96054095070396
6.879362968206815,33.62161080256999,63.64537178731361,11,31.650177926262035,27.840250965766714
7.0047065071985175,23.630362692029653,29.190158040337696,8,3.558214579346264,41.38081059790814
5.812722325362761,28.907416583684736,41.67841977736324,5,13.673540272923523,8.930719582682674
6.777599962727541,17.451508262296226,34.125646377671984,22,76.40368231674718,55.01318513696688
5.731035962519627,31.163824908504587,83.61785484018037,1,1.8037909504644456,44.953642943214085
5.601055788202253,22.82804001110012,73.22800471012378,8,93.42532990963612,76.77075813650504
5.139585336613882,23.27636544444237,67.34788582370042,16,8.642463244723741,27.216701516352906
6.145374796682309,29.47966973730645,41.06764237421352,0,79.92380942034582,61.34104471667852
1.6895382896980529,38.0884186440678,32.88313404351494,18,89.86165409434707,80.59779751091313
7.106530693991964,11.920190398258628,72.95157615922383,5,94.1135584850447,70.20185217880527
7.03882645808924,34.74229712041023,53.191056211535575,4,86.74770234959726,49.32736734226597
0.7193546227591936,18.77149331236579,35.805268650544036,1,28.75500394254432,68.50226937761751
6.69362562923572,23.317583635191333,63.163538471569254,8,33.308713133847704,59.66877148777528
1.466524006050839,10.65739986325027,22.82336964969164,13,42.654569861007595,55.656849852197254
3.013391406943564,19.03138233502939,42.83191778897775,3,13.929668940710084,55.13582486506706
6.076311922187058,25.078937278903915,52.79898962137943,3,2.227245506722386,35.79600458105478
1.7056992203623116,11.68528232042317,30.35708338765841,20,86.91216142810346,91.29741402366854
6.634752680892967,24.732871881494955,88.92581343135878,14,55.41287162104563,37.37662681008884
6.741006334683064,37.81331886575282,34.636815521273,7,60.87229421782163,55.338965515373786
4.306008003206271,13.161796543234157,29.12471910302859,3,92.69884748177954,75.06049555790821
0.5478940378762518,32.93322184226513,34.247441172082745,15,66.51201781136157,59.42328582212935
2.652785998811846,22.29013160127978,73.8342793211807,20,69.08535043398135,78.29874488950655
5.126951887818066,29.65521143573014,49.785396149029,3,78.69686484367422,52.82544145240792
7.858896335205676,17.807097939556883,59.57911578267766,15,11.634844985740378,29.303522799047872
5.238601452625013,14.78476787624075,21.47064098904525,21,36.01621532137915,62.000871679623955
2.4485268579811983,14.813878428136793,22.41019160013202,11,96.82079277033662,81.23679319395016
5.2550427732470855,12.11475836929434,51.207788487891136,15,92.29300781006066,59.38316652226502
4.549890347868916,15.56940114703729,77.16586702411365,18,88.40752963101848,89.12254386743268
6.348840463633577,29.92658154966905,81.96672150952956,7,45.20885103389725,55.95854608090525
1.302354791202188,36.45071835530524,26.069459731694813,5,85.71929535868057,71.95550733611454
6.2077092687652105,34.423770567734856,57.6854171470716,9,4.83958819457656,48.023010200781265
4.559499340070827,30.55402929623452,83.92607803954894,4,14.851742425711745,51.062363679002615
7.72244002894246,13.31295590233308,47.15809280785204,17,41.39676984840541,34.40870580995211
3.0640412452901455,18.675623388878495,78.0696081999858,9,48.33920666821264,76.1110570700354
5.244664198504611,19.29420625967407,29.358695807960537,9,26.350715352085686,62.84611224550176
7.490210791325131,17.498708391928638,85.47761427674591,6,35.647667084778746,42.722726643188366
1.2688229599300944,25.450169791291692,72.5996322271912,17,16.277610102536876,68.62101469768459
7.529213654273383,26.066614446390176,85.89340749508311,0,48.913403171590716,41.59306739109896
5.6591429172561005,20.706579255133306,67.36320634867545,6,79.38432928678613,73.09723619890966
1.0087779432887893,20.61367476209308,45.43827523995989,20,66.13603936613057,80.60516146924526
2.757226752101122,34.856667937182436,85.67268207673057,0,10.779224736554127,46.711103450182684
5.811290664839612,33.67878544959056,39.289674341642495,14,48.758160339671605,41.29549253192254
1.0051295110157876,19.23387495042237,43.25207654432128,3,69.7646382779725,71.74127757240164
4.866278451322049,37.41365331619778,69.05658926012183,19,52.98952965539412,80.92754166393432
3.0941229271471755,38.584450510075186,73.57214096677704,9,39.167559653554896,63.6245625168101
5.156866383256078,19.802276260901223,85.05824386944077,22,62.19144212838782,60.486707204389894
0.8430652535938463,20.632748463791646,34.33616863393466,8,96.86386653002755,99.07375952124923
7.036526046142822,25.169024602658766,75.85986246534569,1,9.4907909766078,24.048797519190316
7.8011672688304765,38.233624376010205,71.69822373778744,13,39.00160607475607,38.57916370077812
7.766583914642686,36.289582994269345,24.46561893775185,15,40.66058530460956,47.56175421718582
6.122388738071935,13.077038877507693,47.105619884714486,0,57.6967310468371,34.56826019508664
1.4756468009797397,21.781922298142486,39.7935819942069,1,15.21746018819179,43.52165166571945
6.18697396946767,26.601135692493155,41.314329704782125,6,17.664302987046952,33.612937812839995
0.6844018734410113,25.0939741765462,88.80628156882906,9,28.536138599785467,74.33244736353696
0.6659266364674794,15.81589203810678,64.99441894359495,21,95.58700432685195,123.74320110915674
2.927076643621559,35.76450313504464,70.23733104554498,19,73.41085812309026,89.04470054524273
4.164823928034993,30.30822348990512,88.36323461205065,0,66.16933016915031,56.79038020846945
6.278055633558449,35.13725124555411,46.404124772034706,12,81.69576873942623,38.97165665155865
5.624715324548789,35.76292838048417,76.12881179169642,0,12.757646891669294,39.55808379151625
3.8442702978256125,32.450675609972194,50.417167431314674,4,85.93328197237517,62.4359888707973
2.5521999971124942,23.17631803749152,80.86735702704858,15,59.4832713887504,77.30190016989295
7.978433751182834,28.316402650462738,32.64602789179122,14,33.53290074589354,28.186621849703112
3.696359766769797,14.810962183592295,86.33803239449958,16,81.58552557456903,68.10084277995202
3.885402682472566,30.20936252424723,35.314019588761575,22,80.25645343486241,59.11879766644534
1.7271786589375189,15.377597672178423,42.83543548866521,15,84.57085817167271,82.10060667632177
6.46107161562447,30.818487715304705,72.93345638747464,12,11.551790010698216,36.27164812638655
5.702616693361165,16.887944822619062,47.562859909578464,10,96.9361244995776,94.99737414983076
2.1557720959157027,13.5265390045066,62.57479637365127,16,95.96261537897311,78.50520634230645
1.1178578421188203,14.958534704288724,51.12014507485999,16,35.746964550174155,64.95254043030704
5.603744765560348,10.059764056572108,71.96589559628472,1,6.589401821191965,40.852547063751445
5.408834107108515,31.56218853560591,35.98318766580276,12,16.70556694687857,38.53929317825052
2.54944645248657,31.97203147175137,24.09205910658139,13,99.2830825444697,70.32511674769897
7.631476716878078,25.448000497397786,40.995057823114635,10,56.30129431716631,60.74687213162675
1.6329341883567516,14.84088403166151,53.20160654079012,9,35.6621798826052,70.75190375439996
3.7425110078195143,12.506630125320692,31.7614036534875,2,28.820269385003883,42.205399605924036
7.577119401256992,10.57386899311861,44.83581027594721,16,25.699173531094754,24.03864071594839
3.647954876945917,14.97244530895662,47.9988112805498,14,66.4152765054482,44.03538029510526
5.288944607480642,36.72566604949441,24.017429058179147,8,41.93878315196859,66.85383240691755
3.481957984720957,17.24610525105045,60.831507372894315,9,96.54106993686116,94.0067680884431
2.556614017615025,20.62813981651647,81.90403995799014,7,68.38430306453614,74.94559240044498
7.879832359698712,13.160364534439996,30.62200390671367,20,79.20445910489612,69.43735465340384
3.5700050473628226,16.67083914244511,61.84656093810598,12,29.274154858315992,58.63671236219435
7.205744027593508,25.576737123406154,66.53174434375924,17,7.918640910862584,49.148453493060934
2.2246595441831465,28.232580492869577,49.35342762935018,4,48.782283738188106,51.996513804373315
2.098285280188125,17.36056942498633,69.07683111549889,5,31.458154654622728,49.744852908229106
0.7335056216338351,11.731964776753516,48.75120804437084,16,20.208316500792368,48.44573001247457
5.387501190319138,21.73098607382196,55.32461015842044,10,95.26421308008614,89.43680103931102
3.2639475779282083,17.026101127790024,20.514713118809887,19,44.39882143420303,68.24459789209804
6.982686873797278,16.58661769689406,68.42040798942821,15,17.470859204878565,55.13433379446067
4.049074300186678,38.795884081403656,66.2939875261307,8,19.865065268113913,45.59128369176874
7.761450709360413,28.489014577771723,22.68806141284412,1,28.0709742464594,27.045734735199613
1.8914413677734085,26.706353295162877,45.777507517659316,4,99.93162681897128,64.79718999328489
7.0146737596670805,22.47325310569966,88.53222885541672,0,26.80115005195973,44.22211942813773
6.324476395938063,22.86833000290433,49.45155937980317,3,32.88018045784536,46.96929565350345
6.28191383483039,26.227150115142425,55.13617835922892,3,65.93281279840014,64.19370238548316
6.835874210876657,30.892894211083217,83.69511107118029,21,29.396137641029828,56.895338721938984
6.207679932072492,31.064382885454883,70.20833131060294,2,21.580425105969336,22.13006500930262
5.196652412235616,15.150817231163487,60.74490917869565,8,15.863718664959869,51.86775183351365
1.4843365826179067,25.00338256229881,75.84632769387508,21,31.26826650277922,77.18339686822516
0.7439463461843894,22.35874285102306,80.50563865191813,22,10.591568962877352,45.66749113382012
7.406358858617652,36.115808988081525,51.98216502160868,11,1.8646586414782895,20.501102896491304
5.124877358905535,28.942567636551292,53.25758554522848,9,80.46416973346773,67.02083789223362
6.474029682321323,25.975121992479455,47.0235654956285,1,13.789494241457657,25.008592397939815
4.111417636344125,13.461839265367521,87.66942980129224,10,77.59768498152422,92.09925929082559
1.3798114172179585,28.169136679702344,68.80163780032453,9,79.75424789866598,97.83390844358254
1.4388934415191283,13.516117170407004,25.82561463456506,21,53.791952632924314,64.19274012754602
5.641739654217285,20.116197266972563,80.40717363191129,5,30.96819583129514,39.06238440643973
3.72729421174597,14.285258944429955,53.63919585853876,17,14.503273374988845,56.258394865871374
2.0039354502525253,30.762209410731067,24.812773449574124,1,73.68051067209991,67.99254075877522
4.1869591005607765,16.18756341508458,58.48020786143177,1,60.1386985981786,52.86998771415593
0.9815670280635056,21.75578119564078,49.201499528299145,9,65.5453456493564,88.97453821733791
4.864785514357991,36.87024332856336,81.44245834038374,15,0.8669089845131039,35.254125280491735
2.5174505332632324,16.12949150196911,34.27962225265712,11,92.75170157078246,52.81850896490579
6.481693254778911,25.234151918763374,77.8525226644528,0,6.629018744655024,27.070196887590143
2.8277146919268032,22.57814983498066,59.03820838298169,20,36.68058851400057,63.8291594004191
3.914151118113509,10.543721231371892,23.822721224942832,7,40.27116496517002,66.40853485953009
0.5871540493107548,33.782743407184384,88.02917109278393,15,0.13555244979488457,56.77203136867229
1.0433516584591915,12.071377189437992,55.88306708722399,17,49.70893093507971,66.23747946508527
3.443701673050136,24.227650629308606,40.36137979621077,12,75.28089945110099,67.62138495016909
4.099541260378427,26.8203488481685,52.858478939248066,14,82.32686531147722,65.91941279094807
5.000154110894778,28.852793698437612,80.05004484622424,20,87.93969933058844,85.69424233603519
2.6874693403197742,30.658948879236267,41.343218706954445,11,48.771886831536946,51.39347869798889
5.712364145949069,17.598171505681453,33.48734775406902,7,63.063619052965045,64.7606358913332
6.950917978919034,10.29936329975348,29.0349872851617,9,7.951971329649876,47.4104382790443
6.348882416700124,31.70330987064736,40.850157887314786,13,48.80382242817499,44.325450268648176
0.7971411901126786,26.069697980427357,74.60336609280304,4,15.481575487173526,54.25372729845234
4.103802104433717,35.08353109621746,53.01384556366832,17,36.964311762252144,59.540867180363364
1.2869763381363115,34.64165088702083,35.923712258547795,18,32.93053128645993,77.47439963984078
2.315337618968956,35.299785033636496,31.632949972682443,14,42.35405772415082,43.33658138583367
7.899969449503598,24.552839799386206,43.291063355726536,5,57.163661797413255,35.29347433479835
1.5687165717613492,20.008851875105968,85.79470610199962,10,90.28766470629958,87.78807274237195
4.241661150885171,33.7467460777411,44.011869881301706,20,39.44846313475053,64.14083310839871
5.136168007385893,23.538823390877646,89.16868531682448,10,98.11311957115507,99.08194345145861
5.768487279080779,15.503265892103036,53.96613190357493,19,75.90280480512028,70.63597289024604
4.697365126151856,35.64922058684423,32.54147428031056,19,51.14810467883832,55.34444079385153
0.5732813556438774,36.47679630317042,82.37980642554567,20,64.4026437111944,104.2031155731958
2.948459811829939,23.989292684205104,52.22487611943788,17,10.22241711319445,60.21335345497587
4.382837325385336,12.270991819293624,69.67699404531672,17,84.45215313136548,86.11267286956927
1.15899874358625,21.634782697507937,88.85981082464062,9,58.23574550639658,86.04524908631883
3.1297019840688556,34.1061297838781,23.51227452239818,1,98.60674802096018,77.36769681736267
0.7490233159352493,37.05322085638686,26.7686191851297,8,63.642874375284904,83.94570553633942
1.0893387286626557,16.104182274927876,70.43197190239293,13,83.4111583266325,76.26642613865761
3.4769245715119705,12.009208360758146,39.72775023068304,18,79.97627427952398,78.27001523161728
1.4953681553229528,36.32051359398516,32.90109778650694,9,34.546115146826885,60.36072777497218
4.756556361961686,21.682148169366258,22.755331587381065,22,25.961062523321164,27.993255980349744
5.670987268529493,26.252828928026897,21.529269839034125,3,43.049358343151,38.22746081248763
6.504400243318122,39.04197436152277,74.21399221838536,5,46.72413444088372,56.29007089582966
2.0011268318360758,11.996941837426686,29.410339915868498,13,24.008470193664387,38.73768945612903
1.756119366943023,29.449540223562867,52.74044311798056,3,89.45978733509719,84.23952385149465
1.284258802508002,12.223162677246012,62.41277706256381,14,54.2547862300646,60.17744641337801
5.273226871577275,21.26406785399501,49.98462603981923,15,97.84443921535696,53.88635096001362
5.798567948651758,34.114436355803406,21.897465663536316,6,81.00177780462633,59.76314121981244
0.7368960861923153,23.004166982669034,74.84510518115363,16,55.5704860391946,83.90596859177604
7.521591846827674,39.915470617088516,20.735925717915745,18,94.70402781443592,62.82054787742065
0.889784627386043,26.771778548398064,73.33229260642388,18,50.48748150953071,70.52162302772342
4.559722514758029,19.634864579078602,82.5313145651686,16,88.71065125186705,75.5442468925092
5.817953895881873,16.603339777142594,50.29879447400206,5,35.81447811958055,34.12237821957001
7.032268428095642,20.515616028584855,57.48797311684588,10,37.86423834040941,58.44912443312332
5.855651990993208,21.175998212786524,53.38883748323576,15,41.81306829709312,53.45060772647712
6.512960623023439,12.061410331718829,47.244603303640716,7,54.662564594324614,63.80129411751741
3.0458764440710455,21.087225982803197,82.11971747592523,10,55.3490270198824,85.27514734185687
6.611188353098842,23.927155592176746,82.57534574689933,6,49.639892167708425,55.63599672234993
1.1008613478850635,31.68213256716414,43.507145524907415,23,30.600097358316745,62.83266975189413
7.211124920453957,29.70188454164824,63.05488278102886,21,92.7206464790831,76.66923992765857
4.606942821153022,31.262969656874628,84.8835293502105,18,58.85860973492542,81.3842848416154
6.629733274718703,10.250910456305713,87.34409492589461,9,40.773921619159495,62.522330394283024
3.892387133887251,16.53002198741608,55.62713282954333,8,65.11769607436182,78.89835476105266
5.326832713973937,29.850528651995695,51.69773636990287,3,76.79667578098052,84.24310682831786
4.448019957020849,24.519681045392414,39.508602114996805,22,96.07280882282431,70.7201481854916
5.986921413164989,10.159404270050379,87.1210311233287,14,49.954916226758264,40.11381675069822
1.1122248652294218,34.13483927295467,29.997001313100714,12,11.209851035075879,43.51135016255135
0.9526406299292285,33.18428719871012,60.58807032334075,1,44.076580143654134,60.900394356072276
2.3532742550760983,26.45257488980688,39.778518726304725,1,47.897056145347136,54.7707915602813
1.6965851008489126,11.993899773288163,39.53058032434576,15,89.6994078185674,83.49884173313136
7.038376749441513,32.99545148597754,48.34780111633319,8,39.48007684629531,62.454613464235045
2.1441049051853325,27.51140763194092,89.91550550709582,12,95.33242648871384,83.27084731182208
7.8189894186434845,33.458799314738776,23.847641478787544,2,48.51319077143348,24.480964776987953
3.0267184382833014,32.55240977187521,60.4979272742472,8,97.37805009789288,93.22515919776754
1.8658843676652446,34.090062158735115,25.780051062469404,12,0.8198321130962194,33.3172352810152
6.422738803568594,25.540241992138746,30.81645809933633,20,89.88153748063466,74.7787356064348
5.440308316256571,14.20973554580545,50.76940592410291,21,93.11204519433507,79.85145472193219
4.236467873398542,30.13472420139066,55.73220919425089,1,96.10209357652133,81.70389220005995
4.665226632032234,28.614213551559118,38.11546858551668,7,1.3076534174614851,47.110552814410454
5.8940133370419785,32.26759561597262,42.15199916120913,8,17.1700836550309,43.24025350277484
2.2134105599847405,15.09643018152206,26.087691417915316,15,65.37645030932362,51.23253889739937
7.972504370425565,15.849255997008676,41.22538486909754,1,2.5472691735107134,18.91483679209232
7.8109487161008735,36.712285516579854,87.65909075663808,5,6.360899617650073,27.999404122632928
5.3774426476020265,32.49933395356213,86.12951671707371,21,22.10788736934419,55.841847199062315
1.9965683819685884,37.24685466100969,43.441480309588954,7,51.24397687438842,81.22841347053217
5.601711818234685,32.76145963491762,59.95977553951331,4,54.590255926680754,40.16184940947728
1.0414880673438187,27.914659179709055,83.6716773777661,8,3.426112279350435,59.175635774385086
0.7298937665435454,29.62398211083621,20.432867584862766,0,17.036725078153115,47.74833278197733
2.4326216638341025,36.6738377182003,76.74784992363143,8,49.97056733346553,73.51016284687178
3.969672175544872,27.364202635358215,86.38586869522433,9,59.394062094340526,74.9679786222015
7.012043790562854,28.97173972985162,26.392801403348994,22,14.840169648621536,24.870823860067592
5.95376802324731,14.694301480108017,31.30133802230447,3,39.884141194697065,45.298388567167926
6.070298908999858,24.21763660348308,87.25224119399488,2,90.44014365169524,67.21325822988
3.691200008360565,31.49191335874297,57.62781005482424,9,99.8899287046172,74.92346730999401
3.094512444102222,18.128280949490964,20.99376441302066,14,98.72144548311412,66.98447322869927
3.28279072238452,16.067625415736046,38.03423991344704,10,88.16745102868724,88.44862307254677
7.907371728020434,19.414804246732466,51.496057198820175,13,39.46600879499458,41.93640015988178
0.8008189355936186,17.245018839785004,68.50362377173374,5,68.65742920747842,81.4785119995826
7.002736220918364,16.447379111091877,71.32122646957598,11,41.65922277841987,51.66171766828657
4.84006556429295,22.745525286042607,89.67950590478193,12,64.85270268242029,63.400275700379986
3.7896156439219286,37.23515541650602,40.12578395686313,16,30.943247096948323,47.23783152553922
5.939432453113524,25.21178940216155,57.67540713079327,15,60.6202253610332,44.000119258058284
4.150017060685272,15.637611424459692,57.33264835017235,2,52.37584965528499,37.628574899965045
7.0506742856124545,12.309150081426221,48.39516816130663,1,2.4480265813199953,12.220465188457212
7.255263980084439,30.884684354137757,31.841332568969413,10,79.07029037461137,60.396191691370916
3.662906951550916,21.483962933091632,88.42195942286898,8,1.1897832245155615,45.041396462161885
2.576208479262887,34.65492839756078,79.73220306666101,2,29.315594225330177,52.32592295222998
4.942627464450217,29.785323059223106,54.8833119805966,17,0.592406545400237,42.47355720454378
7.342725092125182,33.88724351624106,62.227179587882084,19,37.62014132951982,61.18521175876857
2.0799664175424994,18.158381182553462,35.90827374917636,14,6.316052816413931,32.87968782524034
5.172249376726121,30.770767673831745,58.06509492742228,13,91.35109668312413,68.2719854312932
5.236701650693904,17.921859540811564,68.64790931850331,1,41.56792951628686,45.23776087952685
5.998347668114607,38.17205438350875,56.06169198706122,16,45.94957748644101,37.742239423619516
1.4867576384544485,29.09122844600123,89.31996194094589,21,34.98502360908549,71.36666036844075
5.868687235115664,19.735354005260263,62.793915937340834,7,62.75061542017662,52.568850595124985
7.317743904992308,18.08535586876818,45.96815988145183,9,78.44081166182038,73.64621959462193
1.8476233165268148,15.727797552149305,74.05064193310866,17,64.81467430489779,96.78487443406576
2.2815749369290823,30.839228766811832,31.932375810714944,18,74.82071183951275,79.59289989183162
7.785463205312297,16.56146838993782,46.91610695943866,7,90.59736635092605,71.25973806484768
1.8573271453211733,27.85909797782467,44.28712652643101,7,86.35465316714287,87.31742251395083
6.907888200271843,17.939050807760722,50.22649665754441,2,67.40584527536959,43.75797365558754
4.192083923360261,29.85906834381606,74.72458781501084,2,21.46379629044286,50.76113583835487
2.3542330580238278,34.44819185621618,53.89211225143852,11,63.77028510419288,67.90466177752245
7.030624259543836,33.340757294339596,75.5810115186174,21,50.60830957405109,38.676215613976694
3.839789412519991,32.82553992792345,60.35422321979061,16,71.72192310104201,56.0257538002925
4.361130154472677,15.631672170767562,43.944860426028875,3,83.29316483929149,48.22054946245434
3.1942502704982427,12.651548409535561,76.69851205784306,16,74.27214971864174,82.47707551249796
4.947131385761955,30.96846485462157,36.68027693871641,13,84.65611699612853,60.67489830952612
1.7264290443876709,21.05041641383054,35.706808585985684,18,6.386637334102385,58.7937870597522
3.433111524888205,22.97038679210042,55.3152046838385,8,3.1620038237463954,49.71983081432383
7.770592417514656,10.934472783801732,38.25944721734622,20,25.850056769959394,52.703440139605085
2.4360007452584567,17.787293478251478,20.636092446585142,11,90.06660841086284,77.48169600368378
5.425524984059692,11.01029211623392,65.38082691091611,4,82.36592509839738,62.04032316762333
2.9389254816852115,36.37557317803743,55.77656750306786,10,68.27272977953116,94.1332822967762
6.301048442649505,17.301900496555916,51.186247014521285,19,70.07586674397159,70.13715933835655
1.4815524553876238,26.72011508719024,87.68779602328208,2,72.66704692582125,65.35355397885355
7.773657838089085,11.169379619833911,59.98394287740396,20,94.2602700484747,75.29404691779716
3.9034215603772946,30.00542173916974,80.44021044525692,14,83.21911523075576,75.8312274595806
2.2703784750984797,19.690820372622817,29.761516534361213,13,62.339038702704755,60.387720278005204
1.051225604975095,36.93757560872997,59.84445241905994,10,66.57154352571405,83.63413129378809
1.7731842881565556,36.643545668021076,80.75857387116321,19,21.374026206112195,83.57214208441117
4.398304614170133,19.758718550852436,60.81740300959286,7,65.73188251562725,65.53439763837173
3.027523823234647,37.02882687071404,70.26099246889011,3,42.46790124184585,34.82026538487099
6.716625244119571,39.88473020496336,46.04304974685452,11,15.296187060574374,42.469176179278186
3.7316564274635446,34.76246992371844,26.47146619259466,7,80.64028192465743,68.35765603391259
2.365357044407224,35.34614043265687,52.053020658895,5,51.02470998031456,57.646143127549074
5.128587399530225,17.470262083272697,47.61355735872003,14,97.74250416894216,65.26952213253108
5.800829126640844,27.30107196573269,80.6942127665263,11,28.167935447452496,52.92239207630515
1.752814309257124,12.017677419021036,37.07967116467306,15,48.067011230507674,70.13275612151904
1.7571441221623825,12.847538104650091,87.67139592745757,15,44.79954546688681,54.581519515463484
0.7750357020015723,39.96677836099872,87.06966838631473,20,12.077952243257872,81.03428322372805
6.0230151129923035,19.799177482777328,37.33421501500071,19,42.61152788307795,67.27147303973767
5.478533957163538,32.44551736146539,44.36363688341243,19,28.75534564209249,54.13665446667624
4.059731568123604,34.199951590804496,82.68890186117196,3,16.03204713669344,52.067434087979414
6.831278367268978,35.74069813021688,87.66355546272753,10,28.215558403613926,63.78892202697132
6.542526147125399,39.928848922064695,51.04073719852308,12,23.3251691266392,32.06791390568805
4.890157732975641,17.244894557706036,42.469793194862845,8,73.4073531005878,72.35732569364723
7.01203460384944,11.21052480579099,56.82658092760794,3,3.0775178259160096,29.927497532629936
2.043809075275762,22.33574553983758,68.14384444560145,11,61.74627479132213,54.73855508681742
1.339397145482959,13.902420094868408,39.143216076248585,8,76.06613420236064,83.77959275107449
2.523122086377422,10.672776674861653,71.5531222233351,12,48.07234564689732,51.52810931951144
0.9281514206698613,20.812804814244583,23.616014998024873,15,93.15649800079184,88.9450971016681
4.48377146000774,33.51214753225709,23.45061449350915,5,70.78806952365353,53.214958877442086
7.524542692212211,26.985420736752125,47.040139360188164,9,74.79236513114172,67.84805731848898
0.7950765550138224,19.38333967631062,44.74312344425044,12,19.693348744087025,50.05874458394392
1.415824355075201,29.630260164781593,42.09432507570066,6,77.72955758390735,70.18271386848897
3.8914927121257645,16.96054540926432,54.3713833868237,18,83.20947360831148,84.50700275960094
7.504062631459287,10.43144338216255,42.45135076180999,23,36.12663884059896,28.7089896219865
2.871170787325629,32.93060159309282,33.458054292766434,18,21.336306803297123,56.91627429785353
4.304261065162944,28.712292545920274,41.66286843620206,16,38.50506792036167,44.93979972762398
0.8117964428779407,32.8690787350288,88.24329909671644,12,73.96079690001372,76.59380367549383
1.6125740072156665,11.168140500629969,48.7779391896394,12,41.76390058687027,61.50669734990117
7.899725922191352,35.11358883491957,51.1298943800835,20,73.66518752247879,60.91055098221847
7.738390223270342,28.5857860010891,60.3581492965798,1,11.356454097753765,39.40085811143794
0.5370498570080722,26.901860521379206,88.83385378899587,9,80.60117104884844,103.71758485268474
7.638588390674292,28.738421443435946,36.91208935050341,21,25.32074816423574,33.135572862978556
5.2933995336162525,35.93299740605092,67.68974773727037,12,24.89289877145937,45.990746853826394
7.009387208900166,27.608095196767213,70.11892854792069,8,59.03809652038608,59.08438507912878
3.9105489172539434,27.42851139664538,62.512709175514615,0,7.0118045746989655,39.5802283990616
4.366970214344377,39.72037471197297,26.200483774565086,13,2.6297726684668565,23.848022358347393
4.166349351926901,32.70190501205704,67.38105930793034,15,26.102866529344926,28.41085167717395
5.501481931595783,23.26881416353406,24.486629772532282,19,53.80675507348227,60.76664179126036
1.5473844106723469,31.221910000987833,61.729985468492785,14,90.76163862252272,68.67298176114612
0.7248019240450847,21.676914150753653,71.770682405522,0,84.64351763073068,85.44392578881337
2.809474561933932,16.86626387450497,34.767892343396525,16,49.04464599209754,56.3981598880319
5.78510572052485,27.905556306632782,78.91354052799419,23,3.705199369349277,28.240164453577222
2.0139008909221126,37.84546294341854,22.1247663873103,12,53.52527346293091,72.28446752923341
5.55074324993688,37.87418560046388,79.06690045608143,14,70.47955999252954,50.70995795220991
7.774340345804529,20.25715834316471,52.223033544993555,15,33.91645325250337,29.195143912385205
1.2042553684206379,25.83032398665085,35.231155795215116,15,11.10633032816547,36.54677905200624
5.544515886688447,16.349076957095836,29.364470149577762,1,27.85679532056594,52.472111305327246
3.8281266447842834,39.8689332849665,86.73150173076608,16,77.1588864467814,81.29278971475111
7.011066907831291,39.43353723603807,25.08659113068097,10,35.12438322833283,36.89703286888231
1.8286234208553944,29.48526789122342,33.9365393955148,7,81.19814906857101,79.56491023053303
5.694694641696234,34.1324217903242,44.34756432031322,19,31.952145180747582,48.16829220676841
6.785864672360827,31.453004838511,63.41643942727843,2,16.355503841381815,27.89832495527875
7.584606646055175,27.794746571184046,58.13607596932689,11,43.58483595136082,31.265977284083736
5.624360212172344,11.600439909666932,28.79504446886198,19,45.22745122891389,52.878968123201346
4.228810730063205,23.642930276579833,40.280958861675025,15,1.6108218549336972,39.9246131684835
5.133854301509103,30.243589065022316,36.71262397602169,13,11.704507270632615,47.795505138006334
7.016787383590387,30.32594841651054,34.94799981432389,15,18.492601877281743,15.72529944947554
4.7795730997912225,21.193678552671507,48.78010355359909,20,11.358731737867489,41.803145392779875
0.7279029477262764,38.25075959974092,69.28220168141598,16,34.15260754213638,63.21418850706685
7.482115216302334,15.02071096710343,35.221705255206516,10,96.4622855617018,60.03832163897513
5.6714506327367085,25.01078338646682,45.667521579208696,16,50.922253832707796,49.28440872651575
5.573850393329349,30.726519296524685,47.36421987888136,18,62.75560238706465,72.01921985704317
2.117563642982879,30.914074176754276,88.35195706047871,21,35.63864785230282,80.70200034976865
5.441641026744929,29.459168703064467,86.82664498153483,0,32.34877616431461,51.01491983131871
3.453983042406189,18.258646403555804,76.00963079264531,11,2.3146771915008357,35.95638646982425
5.384247327811191,14.686197060598658,36.91612445734296,14,50.03336556760224,45.25254275656954
1.2994477273099303,29.078209804801325,24.76261198641688,17,48.36090067516663,64.07446433329807
5.43383978452277,27.979063484183133,42.18328964044373,22,15.783072618112303,37.33699248458279
7.995602943279999,15.38068030867723,38.675618460368156,13,76.43240002067037,61.21657461292435
0.8615902914541702,31.1541743671169,55.414806010247574,0,49.267433031100296,68.70123528642677
7.82880638165988,23.655159752009695,74.44095370474551,12,33.89939701615733,31.76507363974875
3.5518097054215296,30.032817748094587,80.08260572152005,14,14.690890902292697,53.415748071763545
7.030650877529443,35.12101239310452,79.1404859787356,6,55.21608269710124,68.27540146252927
6.367891130437051,15.091852857307694,45.17728928561475,14,75.28170260888098,56.54685365277385
4.752621957400009,10.5743460399051,68.1064040422478,19,28.199935268497168,64.29754061367335
6.038369069384949,33.3730775918736,41.898393826695404,9,21.879435157672255,54.323850146754246
7.088866709760109,28.290922754578478,24.263388026462792,13,52.1934964064577,26.870215155578226
3.5310524123827474,30.989187088663652,69.10956859220596,5,15.534330251001693,40.93250656440968
2.9527487117242903,35.14464924965928,20.68792867988515,13,66.6613386594285,55.32217290247537
5.506950391726885,34.08432804473502,48.6427811220942,23,60.534362794423046,58.91476910620683
6.55884456455944,38.82760440786474,43.0565488511453,21,8.708204959142861,47.73276279852355
6.217138510824618,26.078052365563547,68.53642769631966,11,3.652037938137387,29.015400599953153
6.483602366439759,24.65486897979716,73.63718309322653,10,62.02886525885849,63.573490812918486
3.7668748610969973,22.056615996721902,41.286624517989864,19,29.42937739887408,46.28791494575435
6.633756621312662,14.610731285326136,76.81389101113975,21,8.644575317339854,46.63846537514649
1.4015679152795633,27.178216986460672,40.57417323534536,23,75.94287049564865,63.92124156185212
4.583668234706372,18.310375729779363,51.24284519905929,18,31.40440030176441,50.57733736246745
0.5431899537359117,37.63922536638927,70.89129689098937,1,45.959954963822355,74.52666179408234
2.9343937242520273,27.495724128312926,68.5044160457352,21,23.681292745376926,71.05315983050322
3.248461511535484,27.785205415243304,89.115793061854,19,62.731707835796456,78.18168353842648
3.4712951870694155,20.6477398263103,35.76127169511523,0,30.148841535435945,32.721839963237635
5.716004050173966,11.559680559331225,66.36225394777077,7,96.80209612276283,77.06266972371222
3.414185759527593,10.952312961189659,62.677733579304416,13,70.29475486169065,73.5159435138429
3.86520216966898,22.700054324595925,84.05689181430209,8,13.672227637346579,63.290966169052446
2.2815809815574557,12.536961342917134,30.945349915141254,1,41.66948396734668,49.5496242593799
3.299388437220051,28.205408666204175,72.62587145108532,22,38.54210997298786,55.232890591603024
2.204522204473636,36.429190169189724,59.778803138813785,4,53.42471107203831,46.02230184032511
1.0489694282633273,36.48744449556166,39.22661088515338,22,84.19306744792533,58.685630516743245
5.025864450360334,29.77136230396697,53.21044399030219,7,58.34220151830017,84.54493379377269
5.511595989162622,16.33695494418793,43.364361794885845,15,6.155667759999927,33.728545157880916
5.146177595072109,35.88990494076616,60.551938195192264,21,65.5415696802855,72.30109353271469
3.9762053285042924,36.58280305939624,82.23004275702661,15,0.8265297945858396,35.572750209557206
3.3483933513442237,15.899607548588762,59.85134890885414,12,77.9960460540393,54.36207211198726
6.9750023717886895,32.12278257312032,64.22056928286088,19,66.6636072411242,74.83173300750711
4.393113388521636,18.59558646781369,56.31234929802966,14,30.8785658352586,36.32727176393899
4.093864082222982,34.07920937058789,23.581585451183315,0,29.244180458951575,46.53984687614555
0.6923154935482676,39.91713699710808,36.3000989813266,21,79.82729965463055,91.00883660597277
3.0593587071961728,10.900780159881784,54.440121060245794,2,78.33366919246205,68.3749746478472
3.351467140893928,36.92097597372796,41.71646986212933,5,35.230235437675994,38.200499108744225
3.491170856726754,28.678916007959742,32.7234518432836,21,29.894772807978033,49.33492886375927
4.851292769204992,39.20147857494463,55.289298934290684,13,55.982478888279,56.82633679373844
4.502019100451588,23.95028552579283,42.59668554134952,3,0.836565998414418,31.600796974347784
5.059288195950835,35.42163791714121,38.067535022139026,17,8.266703798654229,46.686639673061656
6.236624461565962,11.871822057948316,52.47897922082666,14,12.616959014873675,33.378777613702105
6.597393040370701,20.05837150234887,29.32989806575212,8,18.54118178271742,28.231133860636
5.885923071698708,12.0104961325363,84.94220131527851,17,51.20181266754691,75.74247523288896
7.6664277196620105,39.26029400437211,80.73914685434673,2,99.2241914861122,62.120853678865
0.6367443700727122,34.5092172181551,69.53344100183747,9,65.26134017473535,98.66310710187875
1.9683348926265958,35.57642263737911,27.434967931191935,16,6.129879444922359,23.61143280516791
0.556721562336066,38.13895694301682,74.31140781287851,6,52.55793740622418,74.77356871046467
5.356060356159523,12.55310458359356,76.55701296763132,14,49.66452123895044,57.07978357652064
7.235229117124902,21.5679277754,73.74352324000364,0,14.41678158180495,19.61587782193211
2.3261172243222443,12.131046671320064,27.97761209834688,10,92.02723688024076,82.75207734090338
7.4527590859723,16.32379304650086,65.07355699474353,16,44.076524767536895,32.830935487721646
0.9520054271717064,16.88097331113017,78.4027357024579,4,99.45591406097397,95.11645796469934
7.508270201041357,24.07321633142736,60.41473808537674,6,42.00722952521643,42.05726468236227
3.137170154297258,18.056865023609276,65.24851626596623,18,60.795770268360926,90.91628061441294
1.260656213369124,13.029343204532832,52.08544355984143,23,10.476253645144007,49.214652719497614
4.144038193897442,15.02473267282323,57.00951239188368,14,45.42278238068692,58.07435962753273
2.42582425790381,14.418266906562728,22.406380084620764,2,23.87658940039733,53.79729380123277
2.636546764714421,39.19230393736895,64.72741153812993,14,83.5564798571235,78.33920380913024
2.8046747369471494,32.778775207554204,25.701304902381143,4,78.39195848675399,62.32215192712952
6.522694233744976,39.03284395808686,50.45102160381563,22,82.41799996253584,53.14306784538698
4.543709575064408,23.192214595237257,40.48585683671855,11,72.36094377579514,58.476405102872114
2.8348077436700274,18.351054449879697,58.179956514819914,19,83.26832236200512,93.48516563766067
5.077503374831887,33.9487959162756,29.339143486624494,4,20.082875017492086,28.53393522325529
5.871130056673952,19.787617541234404,68.41503813813227,2,45.20437765798017,53.01227979499066
2.5446800055015033,18.98150121116045,75.65080758499292,8,69.18468799459681,87.69617486281484
3.6016182614401364,16.975179766234938,31.434811482020955,8,63.73924979351349,62.578808739072215
1.4141457000271067,13.890369346727061,27.30191611463175,6,71.63544828740869,72.6282388555868
1.8586201215101024,17.693891830502977,30.186083795115138,1,22.42583831512317,48.12844557285
5.608383904737371,20.65959245421663,81.39892933289512,22,9.843470904498975,32.11369040563072
1.860787607717202,30.219826244371912,56.97324832294493,22,91.68065780747764,79.72492232613675
4.438725377502951,11.876945266583547,52.70826972052518,20,56.01718955673584,65.68436927324021
5.817846962918245,16.315208189960288,27.4698273371648,15,15.382592450741095,31.892423228175517
1.3015769232105787,34.27070920875029,65.46892047298732,8,79.34365818873616,90.65859915803311
4.754841647216777,14.407657707513124,80.7599714326563,12,91.49299366292826,59.8298535587341
2.424220877760228,20.279354395675647,77.9730108526417,18,16.956351857110906,63.8894343235219
7.721951564281849,35.939767655744205,63.82382962865609,19,81.74124552691106,66.7017710166299
4.126592350399435,14.64775933430328,25.269510165617156,16,93.32250613191283,71.76104658560004
6.544944123313686,12.482105068545696,27.867791902320906,5,93.83616002960173,65.84547633315688
4.626699066171963,24.536139852400325,23.45162909768773,3,91.41564616535011,59.818542004547254
0.8255939964111437,19.07258533835609,38.02354515447285,0,54.64210123601028,58.35562946745002
5.248635316955168,26.902250934515624,29.49630270122644,17,35.621131725386924,41.861442103923956
7.635525066549928,34.11414671450426,38.20336281767037,18,0.7272807694009287,27.78478201334692
5.012088651097484,14.114454644582295,46.95406390032731,8,6.091222687152708,44.35113818593083
6.643916445700927,27.42097253662855,86.0087948849795,12,42.88390152973906,36.087065595455584
7.131548475113059,25.165262811695918,62.72632418471844,7,39.93261463915103,62.56666755911423
2.2105982896169936,14.322363580395987,78.44816499780737,22,18.47139095698832,53.515982802332516
2.0903362993116996,28.71995456586947,69.72460504986326,12,39.54800280316568,57.998381118995624
5.082357416382438,18.20921253582315,27.875219136864224,14,17.46500654553681,33.24566409624474
3.5827135235502854,24.635029556320376,71.51442844617642,10,84.87912527758405,89.58767667421499
6.798959771500402,12.468169728311857,39.25692170913871,11,29.819487787559883,39.08473399409942
7.250173425485084,23.78752171640869,64.73754928962944,13,59.856435015830996,54.74966050535714
3.150660344770386,19.19390404128461,43.86733815500919,3,50.28430619990868,53.19346403401385
2.2765291923086153,34.67143633556063,89.83705842852615,0,5.188207759399221,46.44751012068416
6.353941364328963,11.709361809921049,38.448603564774444,23,94.22337194911663,62.60160538676475
2.561045266611021,22.5582182475499,39.53913295419888,3,52.72259782504833,56.594160016133536
6.6696073888525875,23.75294272394314,85.14705788936789,18,32.50576433918153,64.40927788518871
3.6780369023657213,31.750182288973562,21.725108324542585,8,15.812656963306825,61.52927938082888
5.506624244686028,27.22862725270633,68.76822915112379,9,33.852663472683574,62.3357014215662
1.2165148537600112,30.01637011582543,70.77284735151147,3,2.05116030233895,39.913056105156365
5.1789449350742975,33.31147856955268,78.54650041872796,19,36.35581553482977,67.26520297063767
3.8882575905292183,35.86608920974567,88.21075174469327,8,53.14859273045048,78.95174072071853
4.899563473816055,19.416264901674115,88.29213434096567,12,87.18662458509448,63.03366162428647
1.7601065580864756,26.14068116091709,24.569373029652475,11,68.73744176977976,68.08080938368694
6.026553087081366,35.203242353175995,77.52875259270317,10,11.15823131332414,45.646145460282256
6.970978081574214,39.68353392895169,65.24169535601669,11,14.77463244379611,37.266434516029456
2.1255485006808175,36.685579331312894,65.3139494061164,17,42.812336781837466,78.48477154566959
1.217859166401213,21.144017878731304,28.984494863028637,11,19.570775163878785,49.69736952328735
0.677289395347523,15.854995516559512,65.51310165119574,15,2.7849777582755753,48.87881733838661
5.314786253324495,24.68177612219766,88.77378064208735,4,80.50148801180703,49.84793382770947
5.053205270665856,32.249243555081264,83.82729986776128,19,1.9522570697994124,40.954578523494774
4.600230595355525,24.777072122598927,50.73914625633954,11,83.06896051980141,63.69123930430819
2.2396032208698156,24.495425899410055,22.796358130026604,20,14.410396303296602,68.50006935020656
3.43179496929136,35.14691263245402,45.36054430001434,10,97.46784108071161,93.29738422982928
4.958572513896298,20.84211337201559,77.84732181203887,8,60.38739118261901,87.98942157868771
4.22575144144377,35.79384024434937,69.10493710256162,17,73.49829716298954,80.6388269347608
7.908391401611655,22.204144028551706,52.154055891576945,2,11.048362796806488,24.316277486216165
1.5232981441754985,19.84699317035018,23.857107461118176,19,86.21040734514801,99.132187045309
5.713584155356953,23.61969733599097,49.882630947631185,16,83.91923428715384,59.77882937454209
3.532390760782191,32.87340876024605,52.83174578025184,13,65.29927315417177,53.78934421411935
3.7114971119421107,13.780060835919828,84.99888730258952,0,50.22748645953874,62.38462072834545
5.881983242436322,15.89257647616052,64.87602725075116,16,72.14891731316725,66.9841415202916
5.693271134932773,38.543344769892755,41.81570416582542,7,0.5928215336878151,34.97545516143457
7.9344199527664125,15.26474882144072,56.772278511550496,4,59.244075539845944,49.15535047541277
1.4629571709059392,27.031819537931636,24.623871547551204,4,84.74061349292366,71.72358396181673
1.2808223703812476,27.379433999858136,88.07977649548158,8,35.68998871747549,81.61588194151453
5.932541128465559,24.688733861507345,45.20419313515082,2,10.828935648291683,32.85658029632063
4.837901877548068,29.34235745730456,53.450714843919506,18,42.087724974320615,59.60560551181132
2.556204999198544,16.894801773928553,44.86987819658458,22,72.7104449058507,66.01843930624472
1.0956452674173995,26.579868033302446,67.77582110813401,8,10.730121037067253,62.79784053121566
1.142436871973229,21.165197657406914,66.35625108307151,21,20.604856021289,70.14683677938781
7.206431559980887,29.85001778887567,70.07256173703949,17,14.755184682869993,39.42167006305433
1.9390049353905718,14.236706301194484,38.770026072834455,15,79.69477555752249,66.05021737610858
2.9252867158664055,27.126322505184287,42.09679368148462,0,6.2892622452486835,35.280037200635405
2.19992301670241,15.558110661499711,28.767586176734557,1,68.6586502114433,67.21249069760019
3.1624722937395298,18.359291893451093,65.88569802922788,13,36.64569207531913,42.14820707211804
1.0206788205957003,16.561294009707495,22.78579891349568,13,75.57912428853022,69.22010660162404
4.3929484318120275,15.485133396064512,61.83776348664213,0,96.43834187840376,66.81000978258757
1.0070942269416117,34.77132854682001,80.87871193961436,15,11.45452995864823,49.89749367062633
6.502673808667712,18.57122702982671,82.35825038027434,14,31.438504106745846,36.88842728928172
2.252840614328248,37.81371345593348,51.43264322589732,14,81.0125427718857,73.7915472898205
4.550089359533829,39.09779576035572,52.151258174915164,11,26.61583860511765,41.28680505056473
7.100593156710937,27.13781409811292,25.387842810561217,15,21.51205970460409,33.25380604417424
5.381580267853956,14.290033679971792,66.9535517810125,13,82.53779778689717,67.436472187755
4.4971833991350145,21.236447301387436,77.48815942609919,23,98.70823640059703,63.07000790206078
2.932503148365317,33.93196790044642,37.125853822329915,14,55.68805901479658,49.900348201626876
2.9975143479364843,21.021721860912116,49.49106171433553,22,27.804874833333926,46.6694506837141
5.521152163986426,12.610516549083663,78.71875357356893,14,39.856596160005395,48.08293737406041
7.956045209158757,26.703547327845637,81.39843273636016,18,17.0130327383609,39.19457361577616
5.463793923870339,35.35362554488104,37.02259861849582,7,76.18872788907525,82.33739717897467
4.6833756302751866,33.87779161430507,58.5399444178955,1,77.34740178227679,70.24563959580976
5.979878826794346,15.253694203910598,33.4745205445079,1,87.51209923824945,45.9385151432153
3.989042092127886,30.182938432374,27.131513489768956,9,2.6602563596563877,48.93559312774817
0.9510675695058891,16.615127903069414,83.77843509743703,2,56.19813416263793,71.35091014262055
4.717226119084324,16.546226036565166,77.43552529624765,22,21.42554343431844,53.626255075939476
7.682189633790352,36.22215319915556,73.20244312622216,16,34.08830154923571,25.16895195001232
1.8147720676824473,17.490068582206906,23.41364231691983,7,78.49556152865075,100.03740721203012
5.675036681154993,17.897420395540337,79.06101548971802,22,19.203365236149615,32.93430474107545
2.007002664942924,10.019601722838987,50.66308531337686,3,63.83417505810897,69.13683804440608
4.518707633548109,36.12007102376553,43.967658630710176,13,65.45661912235981,52.11146391088673
1.2250733723503973,33.77784439627404,58.253345271776354,20,95.40939149023006,94.6047302335439
3.8777820219363885,28.81986805272034,26.39472699064891,9,77.5160928528937,62.87806519713552
6.1712249667143455,32.507972918165265,72.96525845466792,0,80.36351471536935,71.0660013821802
3.1067864317923655,14.561457022734754,60.770455382180714,3,53.16007490178934,57.34866693883752
5.486837933654135,23.749707837627263,33.06130678112173,0,18.678080716237066,31.613232234276207
6.465874705922969,20.536581620463426,33.17625398383319,16,42.55633657183516,57.86826649970728
7.4538336460958945,12.813295787710494,32.8974056100872,16,54.94895735118204,48.50131769262297
2.259815613915902,24.583914556447723,23.990167128635377,6,67.84192517137123,57.47905027975959
3.494869368569811,37.62218951027906,61.145891456017935,22,60.77091118319272,56.36615819876963
1.6431200999781308,11.201773571520835,78.82437243119557,19,39.397782891724354,78.91025835620452
7.943626266187814,18.743827404813814,21.224874979117203,14,26.531310699584143,32.159402903154074
7.452507259432215,16.226228086171105,23.430325147989148,12,16.82308432036831,38.17954349079808
4.549678477104197,17.14439960997089,60.093919368086205,1,69.38453862722663,47.97923381592832
6.81524970782316,37.25303655638126,77.36469797702367,18,64.5398674312485,74.38343215050453
4.407184829540316,24.042071627028704,42.87172233980435,23,68.73724657578066,65.60186456937218
5.176892660020698,23.988982388194565,44.47300791654055,12,37.252745280279484,37.13687017883731
1.1684332408701246,32.81726927365847,61.744254824774316,23,26.240782257074503,52.78635557128226
6.164528153726059,14.634766120147773,39.19490223869029,10,75.97213286809253,56.649586788553194
1.4578511272642611,24.617960623001522,21.862585625437887,21,77.36473950553341,80.11565513539429
6.695507226893963,22.899556423631793,71.46599626711173,14,45.56163739668406,47.36703178239106
6.365210657527895,27.907320716399685,63.795493905901715,9,61.190408476732415,79.52018986740678
5.815585233072324,39.98673109751316,60.652919933896136,8,37.35196642317412,72.17509991519015
0.7712028539357159,33.08346682246142,71.91788902942761,8,70.19472001198068,82.93196535751632
2.7734626695899647,21.935971090522816,67.26615862934263,19,83.57215966478712,100.47454175560583
2.473344274331321,34.82659156822141,34.411739172482484,0,68.82332773356494,48.43962496745194
3.201023056036393,15.121250899374406,44.67367328603458,16,51.25826268471365,51.32133602211701
1.157320600728789,10.913910589268804,28.82770991750375,11,45.86579594923703,56.205371908155236
7.527183672732971,16.133451173928194,29.08999093925167,9,64.23196509757443,60.7254569513869
4.653516805342822,20.21234668342779,67.33370224495775,4,67.98108916013302,61.857264906472096
2.7914323299351764,25.317422723786798,80.10200748877487,17,55.8729443524539,82.52005390326914
3.4773613780571258,28.453874216235995,87.39128087027973,14,62.4942275107395,64.4719589075561
3.8540190537862675,37.318171516432656,63.98429822846111,5,9.658868249453223,47.64883485283451
5.00445750020463,25.29562028651373,32.88709263526699,6,95.17655161423268,71.02276838955265
4.3675957077237335,25.038269338771883,27.39552418142515,16,79.0773063732034,58.13716322788516
7.39543979910813,11.507290294689463,76.89956800757304,5,37.39278697067838,47.347160214051634
4.227226121793727,11.047346579686714,60.512953345199946,7,56.281261095363,88.34163873781579
7.941185111174845,26.53479885749116,63.27995147096039,11,4.732453013642135,18.2047583986716
6.885687183088218,23.145358397450337,74.70234621282964,20,4.122781399906039,57.1572514785507
2.0638288576800186,35.17541184940896,69.22940594127161,13,25.07983351119627,48.52514076098926
7.479464109829372,14.820387541355355,78.41207769992677,11,68.97016423646232,64.45436061277513
1.3727479841410708,10.749149863511487,23.934973382191494,22,85.21477478000116,68.50404997200931
6.630872813683937,23.47116303790378,72.32644457225534,9,55.91858799798484,71.13364643838854
3.3546747010743507,17.124356702567724,79.55969301254669,21,53.21327395823524,77.91496696619963
7.084807403338021,11.488431200165124,40.029452972082005,19,40.2309533791466,38.01790564239675
7.010425175805878,31.73794860542887,64.8313091795277,14,16.159795595802116,46.97654547981464
6.544440500882159,13.347789998717424,41.991344468588046,6,11.835410132658753,20.96370805819978
6.42522827230296,28.24958500023315,87.05797465377178,8,76.06797612209661,65.84079320298972
2.785093543235306,18.431492505006673,22.339650070485263,9,92.75035512965756,80.58775191574018
1.1068946228843912,15.204881510650662,60.58549906830685,9,45.828321638627315,98.79500020170653
3.522351340738711,21.392545687579524,31.655248293466055,15,65.94456587156382,48.76817519941885
1.801433862398815,34.043373286688606,69.8554143624011,6,91.44576508809412,82.177547812671
5.712133166768463,21.76280730713718,32.31231983930635,4,9.011363293414455,19.473628598842893
3.0957479490333917,32.52308947633167,36.476828332885034,22,77.04814531190299,57.84199864775751
7.817076506449362,13.76458890397452,54.60595677320307,2,61.68168843755751,32.70842056539429
5.30729058008999,33.183142589952375,84.03844649978147,17,59.86371788298614,75.49708272823408
6.668604227257707,17.107999747199457,34.82000605035796,10,29.25404284815698,47.29474444142398
1.4939350455638631,30.321793896666183,30.096801478267245,14,68.38933547776769,57.590551804787324
6.965108617044669,26.97344664522989,73.12837822978214,20,79.47977548207766,80.36891451130958
7.4206789288504575,37.87434151635062,55.04336726337517,19,11.285816494369715,49.62822115793953
4.152964391142019,21.61967553925942,83.82495786672399,4,53.35214309809838,62.636974415697054
5.046897033132331,11.984955665033214,30.263019001188958,23,10.126518098740966,40.29127998710468
6.236073506772466,10.574664566537587,65.21495251161275,11,87.25740192976446,60.06686424722643
1.811289704453094,34.8057568291826,36.301540230627054,3,50.76367226563473,61.99018354793793
4.269245573475818,25.742069129842967,30.973230005614752,14,80.79656892607574,59.26105530580281
3.489972708292348,33.25732155504848,67.84005906100893,8,36.808563766621425,55.62586494327523
1.5978049412168684,17.032768000345442,61.557923393611325,6,12.507822681632542,50.398471494086536
3.2565081671864857,20.35251236539701,72.83792208536319,9,4.149930438571148,57.457305154075904
1.0112923203912016,10.903116166339569,41.66238035123277,22,28.15096207723755,53.728664298674275
0.6935893021211523,38.844769737223366,51.3580159467533,12,24.423370036407853,58.03649097109962
1.5137471686611708,30.036037201024403,48.383017343129296,7,56.035197401996186,90.66863594163266
7.723363336918804,37.996152632779186,88.88626247765599,11,2.1738838063707355,25.535361362335486
4.621471519212627,17.96489222287217,40.45742697175715,21,52.057054429917336,58.05893534655652
7.74366620864915,28.343908336769825,40.63720668427368,23,39.177174201200316,32.68161087718511
3.74373408747599,30.354999048779135,44.818374618002515,18,57.71222699144422,70.60985741620968
2.838620998139447,19.526491007727653,59.5215856903225,0,70.24175281503646,74.95847407766044
4.29606397130183,35.4432770504689,37.66259209846217,15,63.4091945079839,56.830147545007435
3.796337664746826,38.414843887007436,84.07029582654917,21,98.46443693733663,84.52362245814922
1.2924851319630792,36.54565353088013,38.597989540638444,16,13.826534387687106,53.24027713286696
5.306197360176546,32.17200927818118,82.70710120921362,17,42.97370089297785,71.18487748830601
2.120286368821997,18.32394039174862,27.243254455260924,10,42.483073664331116,69.51553495726151
5.146909661733722,18.44848126316895,65.95938916797566,17,41.705320370292064,71.14782441634772
5.37650819298615,38.90080961338114,83.48898629067706,6,66.37983920426683,69.1823610398039
1.6401863984648608,10.30853487807076,31.81246068787607,17,48.982806054672245,70.60481520813705
0.9601222033300112,31.481499197264334,87.78288720694785,7,51.74325598129631,78.30301789382725
6.3557118955132985,31.187384876657866,51.701835229085816,5,43.23559921467647,42.709511978326915
3.948503178269901,28.680686228493922,86.20005759087171,6,99.16994610185625,83.07111975891523
0.9362284662910685,39.70326538260598,67.3774030541033,22,92.75613488190422,83.08942526923157
7.961497378773253,19.356383072911758,41.1110808911486,21,30.772418936437095,37.70300022049516
0.9333542074727498,20.199155913797448,33.18117674419745,9,11.159392476666719,62.475569556307434
5.712764216439149,12.368182088396667,41.26145323575696,10,83.97647240386028,58.51712682944658
7.877591939475602,23.283944096312123,26.51121864838725,12,99.71702514257245,53.69623248844619
2.293850781619442,17.831455787045442,30.070757644033083,8,29.26088940396455,69.99581886844405
1.5668702651539714,20.301601065329326,27.32623082425368,6,35.778492584176625,60.16979266890801
1.4103870456682168,35.03715370766883,49.60604806190904,8,94.16331814852029,65.09164839544057
2.7745636067569666,38.06453540582487,75.69048633803105,12,71.11295180030899,68.54710821155334
1.2578435825798502,15.571992160155569,29.896848795143814,2,29.563833177963616,56.70181441319761
5.69121006270599,21.175267946603974,29.12243032206351,2,58.10464912839151,38.28233240073666
0.9671884859754702,37.85891686346182,65.04002646621316,0,94.4229579364256,81.16439004433745
4.320665961123423,11.854253820676679,33.802808737764636,20,81.18131069457786,87.0823487718399
7.9752264038973255,12.770815843341357,26.832702667629412,19,74.18327137286596,56.91161420302821
6.604777021295141,14.883729676186881,31.679400474390434,1,73.69963117270224,63.90417631694891
5.114145786732582,27.856385023806244,84.66119771137433,2,17.802032429227033,35.9909966432328
2.7969021558995877,14.514168130179925,77.50298769433336,14,82.46812392279365,86.10258155056316
5.179218772187289,39.042291443522004,44.784519364856585,23,27.611863244345813,39.90366593878104
4.452810979337388,23.401435817755612,65.90745371291749,5,93.03666579015295,64.48932764771584
3.695625379177786,25.045538810504993,57.609297156762665,12,36.4639991013783,61.59801805029791
1.480327825551496,17.399758474162194,67.39869844377947,20,85.76603970422565,84.58327363017455
7.1495316143035,24.128807573042003,67.78698067239316,0,26.623349451780143,29.426248279034144
3.873384866159919,29.857408979110346,64.0113810541995,19,51.45269365822405,75.54529284817566
1.959668838655738,32.53531410862128,38.6270957976116,18,10.688529548906056,58.85717440993
3.258195131579672,32.61604248129739,22.73044945339727,0,66.0118902996174,60.602350627350724
3.6059731439669527,27.33673338082265,51.889674739307615,20,83.60792751668383,80.65916962843542
6.706534216751558,37.13079324981572,82.36817192834927,21,71.8447281302416,63.02509919180525
6.002107854210515,34.52223541918328,59.864808096300315,1,52.32585129386573,43.684638137844175
6.269786702310048,32.71144344095876,78.26737291913355,14,4.51158786014595,42.16368187541661
0.5827344832148541,11.668165650413819,89.41370400728597,13,93.34410071708584,78.01427802828664
3.6211549863482113,10.20633886658948,31.45313428967934,18,70.54895485786346,88.41924910117811
4.1100811372649275,16.37341831586419,68.42443473993876,10,74.5864238365333,83.23982265764522
0.6439420761729251,29.905707817403567,67.20055015900172,14,79.46805755108072,74.83906903085254
2.4485990655877568,22.335924666476373,88.59688131507949,5,74.77434259276107,58.61274862899034
6.202173673416013,22.07218777897935,88.99205137669603,19,44.11161640983337,49.32036174053696
1.528322792967493,36.53760664688841,68.06750282068907,8,73.36218292879468,86.3587976203558
4.514825985894437,36.86688544395516,37.0530354387536,4,62.50267878103289,50.94078335153509
2.1140140401292813,37.275257921607576,75.89890866914193,19,85.40163336687866,94.08842910237463
0.5909058098291995,19.416342295450818,27.492039394772668,1,80.24598153373704,87.90718286301801
2.309010931996561,30.731674382177854,74.648951292014,5,4.1374382467259885,49.071531860666454
7.819053161825403,18.14899543823109,83.71372869012875,17,37.888709033260525,54.316346588478034
6.511528339122422,15.718294992233494,46.79833763379047,22,3.4716152183894566,35.35280239941605
7.69682483240775,15.538973720421076,64.14447064881563,18,10.207492476609792,42.97101208845198
4.158905329447718,20.26322862590782,50.10999124677784,8,60.14107220036114,84.81443086417556
1.3230214900812762,22.89872859339465,50.643553849168995,20,87.38218211622534,87.54214036164213
4.6096961673026975,34.92847513165205,41.7259622375684,23,11.982475870926724,25.735621923585718
3.9078300091997065,13.596732804181363,73.34907343152273,5,45.108928746683155,39.36586927116383
6.832678120547119,32.04777542184682,85.53235949165537,13,91.08789048064438,64.50734663426387
1.2356193558818345,25.94364742567916,85.85256014641227,23,81.43009836715878,71.24812343638222
4.161808527663336,18.638360280279777,32.234689941245364,12,51.96678964659299,41.06516444308487
1.625364985204882,24.784587535984738,81.23205547595961,10,77.1571439328831,100.63344377754467
2.93506945167545,18.99826209331068,71.62020089989855,11,52.2693774044537,47.601225018514754
6.030178080408497,27.88245865714918,37.69861804832025,18,15.809233728284877,46.70133069711082
4.070135970265749,23.015317685657326,24.70992290450602,18,12.47361132216791,48.78459538644769
3.31916213859327,14.932165872366362,38.759808681906456,20,18.836823206706978,57.46868228654536
3.4585720892752647,13.497492236670901,83.8545765747068,18,35.092209496567946,80.58288772233757
3.9458507630449,26.400870462163905,64.32250724270406,23,93.05292676740187,66.45353869382213
6.387624078777927,37.0723909985831,70.47382626285102,12,79.96784136536014,71.28111410663577
7.190635167051758,20.318730596730568,38.00066457763671,13,43.28015612263175,23.763298601840653
7.665010148779462,31.990003216678698,70.35717089023743,23,49.3076709787574,48.655036800842176
6.401775396914713,29.75984064819301,21.968505439454663,17,26.560945766641485,58.32442726434217
2.8655517181100953,37.946647429284425,46.27249420411097,11,70.43529564721301,32.65316069803465
5.661010295649066,34.629430518974225,63.872734397963185,3,80.2765671462038,61.594857582363616
3.7820234304154394,26.99815776716389,30.226759587892417,9,23.890469566757655,54.91927459910419
2.410029665345384,29.71091494702322,77.61025021128543,16,4.182162378646536,45.454086728086125
6.80653684569442,36.951593997521044,36.452190916834304,3,62.38889431629704,60.29297077203429
0.7881976172174374,21.985563537608044,65.65967789729123,11,56.25121191353166,63.48169785911671
7.2632149410156766,19.80384117573332,48.36379998027308,12,40.21311550288764,28.442495663205236
3.9610809846855064,10.32433250905589,61.7230516834353,3,64.38939417732101,61.783413439117815
5.279011076062103,34.79653222574393,27.521538684023568,9,55.06132979851436,71.67073148623997
5.44515441654337,34.02942101210095,21.18389599451251,2,25.05815765941928,38.61188606988136
7.213383055299023,13.13363554300454,83.66950991662108,14,39.772897562272234,43.487320793503905
5.275022616254055,27.305721433981006,38.874100613702794,1,42.81135697472417,42.659230702558546
5.104501885700463,23.919450945006623,77.37739019463214,16,88.02479944755636,52.89532907641586
0.9998903042051748,13.561272865273343,89.95452103305401,5,96.09041541289595,93.11662848433606
4.388060164589031,39.417046811821706,34.800188059923784,7,89.3001362396497,86.22459679245553
1.6262675061278125,16.440876623900664,38.56195188283489,2,71.91780240519796,63.32080892783095
6.030753265411142,12.017025402716834,66.40018513442661,17,58.49927336058218,63.53434175111456
4.341664406095059,27.845421385057286,87.58140442204349,21,68.9261635465955,72.12601849292814
5.60170834406265,32.16600031399098,84.10700437335207,0,93.91092207326889,77.51942806340548
0.8125467545178819,10.973303381415608,55.201286404590945,15,24.999873522383176,52.5092984832743
1.1359401203435242,29.761529161810664,75.65771977687072,6,53.51205076734049,67.5832505136884
5.872425410470117,25.968756278543633,29.50220971699307,2,68.96080190004079,56.4902762116713
1.0406325199900501,13.097950266251452,88.42067289428086,22,67.92470013242746,79.4065595945836
1.0344254582394394,15.17571630839086,87.50472638251905,3,25.227895957683643,64.10262731474948
0.5908135642616559,27.039228919482415,31.46102705154197,8,58.67315273897519,82.51926612668956
7.673760487246101,18.89072840539865,40.959618736217465,4,79.59131424201564,52.699253482859135
6.031312695942552,38.14947185953948,27.010849825473684,18,47.50789800502439,58.4462950749459
3.149385563765481,34.56220688452152,39.02023192287258,14,79.3298076698735,70.18543445799318
2.7240168596574144,39.50701619540989,77.11690525906447,7,35.988259775455475,75.44083742395301
3.1227742230938715,17.790125168512418,46.48209250156816,5,93.8760127163759,63.79534549498863
6.309901483858864,39.09170898393931,26.187787700273084,17,53.3928440499101,53.42309657121713
5.460279583028108,22.937016093746735,43.955786734523315,18,59.59479507926143,64.69344139326873
1.8889667590060095,20.42556385941264,88.6968333968896,23,3.1361568804588402,51.56215015716034
1.8058200150056325,11.510485809080597,64.0778516681442,14,17.026913712859425,62.88146008545563
1.2379673728504799,11.582957735788078,49.13126624843105,6,63.29338804710447,61.84837509806336
5.452270397760036,30.76033767839964,31.6576959448089,9,41.987037178227126,64.48973627389357
6.23279496666302,23.737869833020838,89.03237580985864,5,50.81637904581747,47.31505350824178
2.4878482124375303,16.795648781083173,77.45943064841902,13,6.297140873370044,56.39443688823675
0.6570872077318461,28.41910918975698,39.703411171564355,16,83.41352384103843,92.3198674394642
1.1162875060732051,17.585743547503334,24.90480870048326,8,78.45056022962173,72.22482957663567
7.758950261337729,27.32895263033268,23.96378901642906,18,18.53539757218495,36.24173294099734
2.715835831080652,20.776262409480708,28.426470465387368,4,63.432935725737934,41.32976199518062
6.269173608786002,34.70656679835457,60.653800853009514,22,81.83152116542716,46.36988276689845
5.184976766406979,34.62088482300338,85.01343948438446,6,64.08541364156,47.21856077482761
3.364547297396719,24.320511943672038,54.772039960418915,18,31.039809529584485,68.84834206349841
2.0426544664666633,20.52457328005047,79.00618377193379,19,65.61111504781671,89.44195210690026
1.4103981361955482,20.87679389677284,51.21206339018654,6,21.046174768321222,57.573841576460445
5.1125972602914995,34.171435770046536,69.60084820374777,23,31.825499727942088,50.13956885771812
6.3097533547834095,19.84538448392836,71.23109161005506,1,24.006965310717867,42.08383169578344
5.32928190155848,16.27178121120538,32.177459413233706,22,55.692510239020656,49.345992762896095
4.477265999368687,12.540650256259205,45.28512412830682,15,10.822664676554862,34.40436104931451
0.8146341757372719,24.00079362653225,64.61115095766166,12,93.33103803483387,92.32965009886057
7.763665831957878,24.463962967595258,24.948762572905633,7,33.35123536628668,45.00820123279025
6.490356437409309,35.227261312087215,45.30781314340696,5,21.89701271058013,37.0401613775193
2.6961652752572354,16.637160893381918,57.435962639683474,5,49.65498136018313,40.39852580436833
7.84977747019138,21.429738210051998,89.7357145131247,8,27.699781845471605,42.665496122614876
5.0141119222724155,34.25217216681072,53.21734938357085,3,53.490408638264434,59.671168164050066
4.868169936554349,34.70870832246921,77.12397299800264,10,34.85091497820855,58.12288769557812
6.110548845721491,21.538332279363047,50.24470995466324,4,13.206681076904081,20.26959782127664
6.588273410676032,23.773720698600428,75.74735058337961,16,26.5895242027262,44.06929398308227
5.42358955498627,19.098576725478488,61.67903611340759,19,43.84398449615252,62.81756037524764
1.4607180977465002,37.976646352579365,82.06168090516789,6,3.0293226479625623,45.152954482338785
3.037006294958738,13.559312972247408,48.76597866450769,14,77.06425270147619,79.58396359783978
7.460627302445373,38.0124826900441,62.30130938750352,14,62.18245645904158,58.8054562965067
2.1846170888288894,30.515993555060298,64.10130764331791,13,60.135960727835425,64.52072302981018
3.29125267878135,25.947164580601935,49.21680592603313,12,54.604993188276595,63.48413622703526
3.74057662208147,10.979771823534875,30.101843058123706,10,59.03131723250685,52.12615467652767
3.7955374227083913,24.26788575466025,26.549158483863486,12,93.46519527072206,76.83094316456722
5.097046868708941,22.23244315008197,21.16700854197432,21,0.8569210810740691,31.985463603356166
7.573068783085307,14.836564359253677,81.14739849716503,23,4.779970965774927,15.961221936751517
2.305195338743787,29.692288105019706,36.55324385670862,8,19.149340993080234,45.792418907402705
1.4112603222568856,39.13452722104857,34.805472449723766,9,16.73013799931501,47.073049821056344
1.9810286739495298,26.865664331935754,71.52247802982458,3,18.119445946918265,59.685154051621176
7.151936751569521,31.442598293318376,42.401127916117424,16,67.19438858486501,53.255303665149135
5.343581094914045,12.053513576980503,55.42312846882856,13,45.94833010501653,41.863390339256064
2.644300919293701,22.530009874509844,31.37577457082194,23,99.17788783346931,81.96166039538873
6.61960204226463,13.490754554934876,87.18220050233785,17,22.688591480294484,49.224308085868905
6.96027497272577,28.383875066095314,79.61069800120661,10,31.083010102749466,57.60304186864957
6.848857540177085,38.15446474642464,80.46527360755023,15,98.4240716801649,63.60994610739556
7.391949002296658,29.853331974149157,48.47416240004036,0,83.1758140802247,53.70992345311928
2.391807651300212,12.304091449432645,73.3652849595021,6,46.97992206785327,54.15985952937473
6.162814465597087,20.639986149552485,30.07133087728461,9,55.459688554598976,54.046183393433985
3.95404622955605,26.519901383225545,20.60333018142462,8,84.31779206528405,82.33122399750215
6.814989146675462,22.096232683997567,21.39810528046197,2,48.098024604632805,44.2346953546483
5.963680078712099,35.00932031425517,61.06212161831923,21,20.60237235820843,48.21439399229403
6.323355848747934,34.440130141299676,51.87764336735586,22,82.84445385543854,46.583360622512686
5.421213782608036,28.354930603096644,56.261074423596384,13,53.77724912756434,70.74578893472692
1.8307157710228015,21.20373835398116,20.522419829205358,14,15.304259716382129,43.086134928203755
4.587701891727037,17.660091212897324,49.588063376019804,1,50.558583118439756,54.101812767993465
7.885023046433812,13.17622954639388,70.26477128406026,23,41.32033805968588,29.379631866664397
7.530410498728392,20.64693050459662,50.988559137720515,13,87.6842531881758,66.08741679225449
0.8238030184775875,22.395175516231586,71.25534444185556,15,12.605543136070342,63.79037046130376
1.7361111179707784,30.27468775312221,36.31132750777844,6,87.52098044480256,60.71442353006755
1.4879658009092143,29.744794728927204,76.91994031372079,3,51.22110168102847,65.9994663952839
5.9448493248897165,12.103244189237708,61.19018683174166,17,40.436442998114764,58.10263682193605
6.633389973927088,21.857779462934733,34.75341696009343,23,16.196718440294035,47.58240954376155
2.1013352473300393,15.453366016520857,36.570433309768305,4,70.08179626386793,77.71252059338045
4.293895197138717,14.70438115950417,63.962132519867595,5,92.68067091100404,60.03172774064288
6.805272710084,34.81906449211738,78.09577152487103,6,37.53773538993198,37.08658796301525
5.99601158574688,11.257456501487725,49.09394474204086,14,24.158500067083345,28.897499066580618
4.5667790411888625,22.57548627706364,38.08103003893146,0,55.4866916999157,54.896515556452385
4.927607678440797,15.046109672995545,80.69081248374204,23,79.61859484338703,79.28210398148855
4.3127041018721,36.37990647035422,66.84878042255843,3,0.37676945505330517,35.95695274925529
2.7316133848911544,26.711215398251053,51.36598410981536,0,63.13774363954292,67.40867811667306
4.737664946442621,16.94141909130544,54.15301366955113,10,59.651600069863086,65.08729513108358
5.66663976537568,25.07281861499129,34.29795275554775,17,31.815218580416005,57.00400275195945
7.049921868956058,31.944590791093475,63.87618410453908,13,45.14230036049703,39.18827854641743
5.272185154844361,38.743540267583015,45.1119757380022,21,24.696322416182092,40.06660103457277
6.208411527823685,16.613380127362568,89.69516236720445,10,78.98857379518428,81.76722919885242
1.7005372621592976,36.58545316388035,53.612846068332146,9,63.45349333661077,82.39262445444369
3.9616810581484243,38.02912342502471,54.01199243327292,16,53.27116220389853,46.76679969755282
0.5699871487031998,37.49261633596198,59.60962511874703,3,39.25261984178272,75.81061928489594
2.3500914839121725,29.062430705857295,84.17292021831227,23,29.138438602073215,49.92436136418981
5.948462863347537,28.89461963304123,76.05726699018251,14,82.27364860434314,68.37123998405893
7.938574635120226,22.096318995514682,51.5791048858489,15,45.1407670433569,35.10777580289799
1.2438357469041192,32.57193646911364,70.30894861809571,20,50.144741984167275,93.59943172307752
3.5112073689596617,25.938820550527957,61.036484914653315,12,52.08287305407416,55.79869285764032
6.500532265243696,30.323142136848833,54.46569340908742,8,44.836693543157644,44.955643791391225
2.0302672597167413,22.853737115463865,33.46210409490453,10,25.608842623842378,69.6369341685168
4.663137119767147,31.94489392129417,52.47553844184237,10,12.034044024305201,63.680320358331294
5.998034720222561,34.73414552813647,37.20730109158022,5,9.85372671677407,25.10857314889975
5.1198908769513425,14.393087698084484,84.03895048961583,0,75.74625233406887,70.41580391495981
1.910185509615621,34.987891467226845,43.47847694474429,21,22.352782230151135,64.81268799050765
3.1653842651430457,26.208895953709217,86.65848101733606,5,5.567281495397558,41.08511217935468
6.378438383640479,35.33997727270673,57.31387030662978,12,79.7517406695886,64.89932549206453
4.656698855990125,22.939051190230437,64.20810650733122,21,15.406165286064798,48.094948179741564
0.5392221015718455,21.37121456149105,58.00583111425294,23,62.5146091733354,72.07940261926758
6.207430700210704,37.45182197551667,29.05664318766906,21,33.86432714478632,53.237073698163044
0.764835162051793,17.53507802645204,46.30748533055586,4,12.648025669130947,51.0971249629241
6.093003370484241,35.32636975858429,26.940227859433676,14,41.44809792543599,33.091507485563646
2.0186042012392806,24.520617175282123,63.60678309283672,17,1.480886113262514,74.5450989646425
7.685551100895352,25.42286327653779,51.281193664030724,19,84.10449825125603,79.53251215955018
3.2595556347656336,19.25404844468452,74.45894800996558,13,51.34979613418572,68.22361640348612
2.951987122535593,27.19126601857047,35.43293366995589,14,13.916001090796183,52.01508935776017
1.616660377493335,19.756335888286337,31.519624090053444,4,23.69803183889847,49.098937409739804
2.7920316161766117,11.178082427249569,48.443256167463744,3,44.79751921385267,52.44306304259953
7.074880713711504,18.15995816033068,84.86097682528668,1,18.886938281554865,26.809553134149503
7.972507532204355,10.19137130219772,69.72952705086882,6,26.85991615010859,27.67216645133733
3.2623214788013626,39.3506436117057,49.324653735504306,9,53.438556423526315,64.24380841149944
3.8645797321590694,38.97241629459242,56.20905188280174,15,83.26090130383855,63.98484539001888
5.915532036520528,21.85465892416915,25.894910782396884,9,40.18396856899208,56.46526692619994
7.146468353488059,31.85112563018938,88.92031274632792,17,71.69752735535482,79.31661781057417
4.947832506400881,20.37418295231275,66.64851132864433,16,87.66842134606485,74.83805952763032
3.43644273633372,30.132794712579283,39.978284792439574,20,21.6300940296162,48.249169591712985
3.594663806364678,34.16290129137937,61.0065875950671,12,80.719197040216,74.37037818349414
5.717136098726051,38.40268734076722,27.66376562482958,0,75.74021983310274,63.58653593073403
0.5241369770320901,22.00636827549016,87.60856681653085,0,35.6937297948135,63.550416492349996
5.146920030948805,33.49893948868143,32.234949151835615,14,98.95199595008671,75.98382086509352
3.1661975783101806,17.977853518963563,65.36212226386499,0,26.257237143595702,56.231923753734065
6.456479984578132,39.70996911380945,37.18181237772513,5,25.480326603169555,23.054995011799384
1.1974297986734912,10.773087962930534,70.22929678539751,12,77.22591646531978,94.76764629984328
4.911517002112928,28.10586419503363,74.37749570681967,0,43.46573180510842,45.627427057471415
4.107296674145928,29.785179449539815,67.13938102380028,4,33.079499478104324,56.58652816790521
5.317441444289205,30.641366712223864,63.01496221786348,8,17.866280533910295,60.3574874944201
0.9864019586222625,13.611627363672671,82.47283657664082,16,76.5332430934544,69.73972065582016
4.849878405710984,38.15589350419391,25.503869769283064,15,78.6321806136077,59.73571416689543
4.711134409696428,15.435498371502483,43.164033604613664,7,56.65640032301405,74.91952522027385
4.704950708121282,28.682602097195232,37.380123574159214,16,95.73136131913729,57.55532912147672
5.0261574994734115,16.68028237369255,89.1609773445795,14,31.816327042265424,49.306055449206646
5.573509529197716,19.216492510638126,47.257284576681144,23,21.96190454793372,44.30745558843538
6.537417497605773,26.39375625184373,71.28288894682791,0,67.74667689344619,63.368067656079305
2.5236554009616077,22.515802556937295,67.93076147167032,11,75.84086407997047,68.516581755096
6.687870576350465,14.806768029295188,34.84568662341644,4,22.49059705518224,43.17049852562929
4.236917616975902,15.12809207262545,36.72983761480859,23,7.661076426111324,44.188871020060816
1.0779370935074837,22.544343644883988,39.68991944871239,5,81.0516486586372,76.53119126502475
0.939131969329844,32.718489348265024,48.77890947815655,0,97.65019736460124,77.81834192877265
3.006787390220456,36.93893940543366,36.40275459553688,0,64.46722860722844,51.396734190194024
6.386727328336007,12.523829867781485,21.375603792279346,9,27.786690014389414,49.987836217014554
5.807607010556868,21.79311722678203,81.55751397650369,9,99.66726085527921,98.49000747009283
6.414612235043048,13.007366911686299,87.59268819666188,2,89.32666362670774,65.2412045313142
4.37951792331207,10.497774418977937,43.909927092209756,16,51.338064628029386,44.92074743352121
3.8014924846661793,29.8515604793187,43.695481559783104,18,82.53212848418337,87.86134101271715
1.6058939502971297,28.073483258997634,20.496426894205968,10,81.58205232629669,86.48275610808102
2.9614456520698367,14.890573414446585,67.61754818312619,17,93.47989696734996,96.29677112975328
3.7551452463040644,17.014384992791925,77.78079270240401,1,84.09238437734601,67.95883492647565
1.1645032225971292,10.711232609335552,30.26258102520022,8,64.36792359571645,78.25198562147852
2.1545896453340845,35.04841617083211,31.176644455700554,23,60.93037189565074,57.26761635856104
4.9866897054780415,39.24071788145655,75.30582749800064,16,46.735728833161176,56.53010467133411
6.017473356793924,14.063786103840723,63.14035238479013,13,62.64856399707573,50.75415626432118
7.987606335447122,16.944256412958943,23.14023903394019,3,79.52165865303827,52.062472046010676
7.498349985076683,36.05228571840802,63.57828933235972,16,96.90376263025533,57.083050536651946
5.319238996513937,37.79391393868555,41.624240599063626,16,46.72873581821201,50.297806478423354
3.65936039970554,22.58882148420431,45.810760882959215,11,57.36532029887571,62.64023021555353
5.271330235311745,11.518674168072224,73.88119928078162,19,44.48054950587817,68.0770874677479
6.39238713560174,11.181755010784581,76.76546348708274,17,66.8488620983404,78.21735696186853
1.3875214319254048,27.218495982070312,48.02496387878814,2,62.992050406125955,63.69258779549617
3.574286672722162,21.78685326679537,86.30070552044484,10,1.78337901936233,61.68959114463086
6.798517142267129,10.859572827329636,48.45239025664506,17,54.11615591006584,61.98627340731599
3.37874713949783,27.4975717693767,74.02852246610769,3,8.848689569901403,36.340268435578764
4.789042034203899,10.339076097670674,53.87140851949813,16,2.6383618005538345,17.118152707543942
4.9082702064664865,33.621158744478194,82.82726285654589,17,79.11971620846982,68.34774916145065
1.8835718985022951,19.192984681101148,83.54328705551251,4,25.864986215930053,38.61809387667206
3.216765812392163,11.207740090276964,26.11917655097587,13,34.065507728729926,49.69443345131301
3.008834665564491,27.650566629494598,85.5545331917158,9,6.408458760406621,57.26748997950974
0.696475313990486,21.93053243299164,77.78743890642909,14,17.950026049435063,57.10816136917589
0.6814382291851644,39.21401240071448,75.39175000188668,0,76.56048182577923,78.10470876075047
6.737727827568301,26.325959875111067,34.063793777986575,15,49.35308302326209,45.92211546262412
2.5480310747960933,18.257175431110248,76.35834461282654,10,88.06684625501484,97.649680635726
4.385590746791116,31.28316593901924,79.50929142795258,22,39.72421314668352,52.80971802898358
2.740441801915798,18.14476007628134,40.24052341179056,19,26.870073575426822,63.01992520798654
7.555094338365054,37.127298742226955,86.65820548536266,5,34.759981445865094,41.60681072389945
2.444725691493303,21.241659115221292,23.490210247941498,23,71.27717935169045,74.61212697231183
3.722426095542013,26.49605688328616,30.493647727299777,21,55.500567233448606,52.708994327457816
7.045476878634513,11.517193114726865,57.630679663606,15,90.41912075524279,54.78891401682883
6.814501750938565,22.783637138566924,60.30547297856168,1,60.21687693888833,56.203905942242265
1.8957606338470798,34.97090618982985,65.16050583106323,0,49.301820848150314,71.72286198165563
6.519824823467828,34.16946416090026,21.18783905208265,23,78.57527238867328,55.20649859929076
3.936401650534195,16.729556765605786,87.22567422354912,23,94.75338507334452,75.73478331796419
4.1222665406401635,16.78237213031688,23.121166491390078,8,35.58459112449705,73.16655619264913
1.5010997931195784,34.519159366397105,30.014336690638167,21,24.987621016547767,65.66584363368649
1.104511353178435,37.91195260507976,20.98101622682399,11,61.621739629413916,64.17634647107501
5.959544802303239,12.860827638190106,59.68009033058663,16,49.887282115388096,58.70280209202556
4.223458642664748,23.501759182786756,85.25868187446805,14,98.91855748647835,81.37852910422438
3.7763802696138464,20.12362836892687,66.6163016256325,18,46.236178414773335,77.78822744361926
5.971311714892975,36.120653663723175,77.58602279362991,21,7.4331551360345856,57.16735313852952
6.241346742433323,12.505747440400564,20.929684242100606,9,97.73690607776359,72.4097284897831
1.6918112575201518,16.33377827674112,57.94107089358082,11,84.358694559354,90.65515355536962
5.07668862108231,32.57405012759483,52.169408425386536,13,17.825014395796334,17.490045960929926
1.5151556170826415,11.538815469436468,54.927756095455514,8,90.46052531128693,78.28307361658578
6.135313145217842,24.77606142142868,25.054922973463157,12,34.06668208217446,30.469598292448392
5.427163672003546,23.2632110403916,67.91047527485152,2,37.71119845344445,42.889093370395045
7.674609658125934,20.03203536966246,55.22542904010441,20,90.63914823621593,75.57933737854513
1.0171851226731587,21.83716945956771,73.56041949028848,13,53.01155650353153,63.1629812955251
0.9279104086344074,25.898217607906986,53.97034438432007,20,13.776292939851963,65.26303528358578
2.616403060199001,14.841020751651493,30.456714535850246,9,36.9056159341804,63.53220146281086
